sample_id,noise_type,noise_score
0,none,0.08965361849054179
1,none,0.03643711659894029
2,none,0.05566516235440025
3,none,0.000569380378798993
4,unrelated,0.650650964818662
5,none,0.051166772991629916
6,none,0.07800277343175849
7,none,0.25652585165694364
8,unrelated,0.605453379251733
9,none,0.045034000812253706
10,none,0.03574706674855031
11,none,0.06763366877115674
12,none,0.025842400723506506
13,unrelated,0.6906517274660148
14,none,0.03313936464731244
15,none,0.26141923536099715
16,none,0.0627952945462492
17,none,0.0002654389236371659
18,none,0.06323533940662159
19,none,0.10458740215014319
20,none,0.06172374451367415
21,none,0.11032229676744337
22,none,0.04017947105288159
23,none,0.0003710860989341085
24,none,0.03797187406652166
25,none,0.06261432971883811
26,unrelated,0.6860267192797395
27,none,0.18138702979886875
28,none,0.008278847453635696
29,none,0.01370980844219021
30,none,0.005642494150658666
31,none,0.0839600593933859
32,none,0.04836983605023712
33,none,0.18575721414112992
34,none,0.045175910735492326
35,none,0.11043855905548745
36,none,0.10933815698688344
37,none,0.05587929261821506
38,none,0.03701140448145517
39,none,0.07756856733545696
40,none,0.13784627132656557
41,none,0.08443810145660083
42,none,0.07009679119789208
43,unrelated,0.6677585086836046
44,none,0.2259325573910381
45,none,0.057903480894778224
46,none,0.2011838299321358
47,none,0.057863973142972425
48,none,0.11695558633371435
49,none,0.11897260810387657
50,none,0.057111276719310385
51,none,0.0009423824619581469
52,unrelated,0.5234728616720024
53,none,0.27806323671306726
54,unrelated,0.23452972609309036
55,none,0.028324796583593676
56,none,0.06369995092483115
57,none,0.002176832597532729
58,none,0.019865496130088627
59,none,0.2952257606447174
60,none,0.12680582262579726
61,none,0.0041320981525172
62,none,0.004183250979160149
63,none,0.08586597049718231
64,none,0.014627913839685988
65,none,0.08283257074863287
66,none,0.34037267888028894
67,none,0.051089352818675896
68,none,0.005602372991612908
69,none,0.09225874744876628
70,none,0.012727192616045307
71,none,0.014704075011373094
72,none,0.09893603691650794
73,none,0.060526117032863445
74,none,0.027713468782569244
75,none,0.11454603687627694
76,none,0.4620392684418204
77,none,0.14024372451092557
78,none,0.11659352666256993
79,none,0.24029704381695446
80,none,0.0009555691299093064
81,unrelated,0.42014151626692803
82,unrelated,0.5991537842752719
83,none,0.14000189260683624
84,none,0.269411585969755
85,none,0.20533328349466917
86,none,0.03352695607634768
87,none,0.005223634353378203
88,none,0.04505848465782557
89,none,0.07728954190857314
90,none,0.04332283729484837
91,unrelated,0.5890894365843868
92,none,0.08197503190142949
93,none,0.05674586287106281
94,none,0.005694943699151244
95,none,0.2375340097563108
96,none,0.05224500191740542
97,none,0.06230159248573396
98,none,0.25362527805197876
99,none,0.07489258721961958
100,none,0.05262758429182395
101,none,0.02482201006294473
102,none,0.04915126622887687
103,none,0.043206230980898194
104,none,0.09938290674784643
105,none,0.03847875634261541
106,unrelated,0.6184904713098719
107,none,0.13687718698290774
108,none,0.1733216825323003
109,none,0.011181668545164917
110,none,0.065553847367647
111,none,0.0008399238460696715
112,unrelated,0.7256138161122349
113,unrelated,0.6643626289798167
114,none,0.06982772648709941
115,none,0.0628920893348033
116,none,0.3059885084055586
117,none,0.028598036294921393
118,none,0.04354328369831624
119,none,0.0674230319979102
120,none,0.12440955871005725
121,none,0.05225083876459899
122,none,0.19582001445825678
123,none,0.02187552502560259
124,none,0.10109446254655306
125,none,0.04319878041062822
126,none,0.020196617940892208
127,none,0.02310045024358636
128,none,0.12139790827126572
129,unrelated,0.6042180392579857
130,none,0.02017881783660458
131,none,0.01974980694019662
132,none,0.026691218650560608
133,none,0.08521540881004051
134,none,0.12858869991036548
135,none,0.04498061348926592
136,none,0.11305726509470898
137,none,0.03181377131598253
138,none,0.10363823638657742
139,none,0.06609005656248187
140,none,0.02453706406120233
141,none,0.007692457028077481
142,none,0.036670664544415976
143,none,0.24122240646775478
144,none,0.10076132956304315
145,none,0.09827140956617988
146,none,0.034008455417011134
147,none,0.04710693390035302
148,none,0.047588155838685066
149,none,0.054081522725400434
150,none,0.08465763669117785
151,unrelated,0.7875818868787793
152,none,0.11830759780856547
153,none,0.04324296735650183
154,none,0.2924161937352746
155,none,0.24832386451813426
156,none,0.20726738407115725
157,unrelated,0.6214865181324288
158,none,0.12562891164286052
159,none,0.03171125722278057
160,unrelated,0.8256935790229515
161,none,0.053723079417055175
162,none,0.33971747804398045
163,none,0.024062163662159713
164,none,0.16381113204507647
165,none,0.0373135792996502
166,none,0.023004794037647658
167,none,0.10878445831749882
168,none,0.07242303486319172
169,none,0.03902427350258804
170,none,0.10737305078832014
171,unrelated,0.7612440974204121
172,none,0.028400192261717777
173,none,0.0297549248824446
174,unrelated,0.6949534630852563
175,none,0.0468679878457824
176,none,0.051051411037249264
177,none,0.05107988129361057
178,none,0.22875361611764755
179,none,0.05431289306782108
180,none,0.048996642867315046
181,none,0.04745233784298733
182,none,0.06612099801987438
183,none,0.03888590462118105
184,none,0.1257598815855116
185,none,0.023516875435419703
186,none,0.043343453481184895
187,none,0.039276881985032125
188,none,0.16136787602646285
189,unrelated,0.5969728943301987
190,none,0.06184439378319762
191,none,0.13129141055311042
192,none,0.08123237265363002
193,none,0.07705371356724613
194,none,0.04575587166071296
195,none,0.03093019057145084
196,none,0.08317519958831461
197,unrelated,0.6879578482295636
198,none,0.017089753812242984
199,unrelated,0.6057924003356993
200,unrelated,0.6273537024740063
201,none,0.012740748239101712
202,none,0.017719067086109833
203,none,0.09126557095797766
204,none,0.05029357351770706
205,unrelated,0.6573099424022051
206,none,0.047318042855049584
207,none,0.050301025892544746
208,none,0.021719373727378692
209,none,0.05269588602755757
210,none,0.18027955564944442
211,none,0.06735037666063202
212,unrelated,0.5475335896605571
213,none,0.1580074596188375
214,none,0.08613624315026698
215,none,0.052259476358885
216,none,0.061093273077147785
217,none,0.055331026764737626
218,none,0.007391731219760046
219,none,0.031848992548316815
220,none,0.07531520226111357
221,none,0.03083668107397709
222,none,0.021532628437952703
223,unrelated,0.5769769588595375
224,none,0.058739561495742575
225,none,0.0012057109386162006
226,none,0.05832879351365222
227,none,0.280845768663601
228,none,0.08209244388493019
229,none,0.02305972266814681
230,none,0.0532947407097386
231,unrelated,0.6154761609430226
232,unrelated,0.8290993504209293
233,unrelated,0.5414271939555662
234,none,0.008620255532767677
235,none,0.031467520623377994
236,none,0.07126960510133888
237,none,0.08864431943838198
238,none,0.04954639670419641
239,none,0.14990654282862512
240,none,0.13778961738505024
241,none,0.10559103986829692
242,none,0.0009788019148288523
243,none,0.0008964881003954051
244,none,0.07894972169142213
245,none,0.00782024014420481
246,none,0.14571122670685774
247,none,0.05014097936038356
248,none,0.10303123117626706
249,none,0.050425768956702074
250,none,0.05704445322853144
251,none,0.25363920348365965
252,none,0.003071395299518277
253,none,0.0010752776813936825
254,none,0.017559412928207827
255,none,0.027369860108429515
256,none,0.07251587256931051
257,none,0.02428559447970159
258,none,0.016851626240330125
259,none,0.05262737319350031
260,none,0.053811471500436726
261,none,0.12114032524074973
262,none,0.00221438350374416
263,none,0.07031791764988403
264,none,0.00026229636512131006
265,none,0.030926448834590153
266,none,0.3693961871649413
267,none,0.2007304365577537
268,none,0.0006278154779911545
269,none,0.1442711781274164
270,none,0.005710423562397404
271,none,0.05391302115812715
272,none,0.046971618855380676
273,unrelated,0.5591323966561292
274,none,0.0005288138952998729
275,none,0.08223320881438159
276,none,0.00012078882188217444
277,none,0.07961950151785706
278,none,0.19583071440130848
279,none,0.001761668744970055
280,none,0.051247718349143545
281,none,0.03440174342059733
282,none,0.04205839054466124
283,none,0.10782429958532136
284,none,0.0008365183245305502
285,none,0.037305753353476925
286,none,0.0008565986458156907
287,unrelated,0.604861810021116
288,none,0.021077464475793003
289,none,0.08961147622470564
290,none,0.016421273280789902
291,none,0.020418805320280536
292,none,0.019682838856516824
293,none,0.02151442341907073
294,none,0.02797524630735597
295,none,0.019975726011331272
296,unrelated,0.7775610559593737
297,none,0.011348157476722909
298,none,0.1208174909635858
299,none,0.06212241949160825
300,none,0.0011932506183598044
301,none,0.05639970335740005
302,none,8.103925393569201e-05
303,none,0.2703483392826394
304,none,0.0025837203659890007
305,none,0.02589992223610246
306,unrelated,0.6464024402041866
307,none,0.02121902430617578
308,none,0.0007446929714535966
309,none,0.025863021047741994
310,none,0.023440328602418424
311,none,0.035199300607540104
312,none,0.028289253568983676
313,none,0.04962841702111814
314,none,0.08151280002517955
315,none,0.0012132426892943562
316,none,0.1128354244472224
317,none,0.013825613828849977
318,none,0.000488864948525707
319,none,0.031776915617928614
320,none,0.1518842472582045
321,none,0.022042551949955396
322,none,0.0017012538489206625
323,none,0.000531753855037237
324,none,0.0005525857170498022
325,none,0.0017272666719942082
326,none,0.14415477114351505
327,none,0.0005367927193690289
328,none,0.0012988704068848931
329,unrelated,0.5264198357819133
330,none,0.07427769444118981
331,none,0.000542992250009341
332,none,0.04024070801335745
333,none,0.3697947308607208
334,none,0.03733946115998418
335,none,0.022146300409060276
336,none,0.021547188267818814
337,none,0.04706625874782894
338,none,0.07850163165097836
339,none,0.0007608333799869063
340,none,0.02041685036167538
341,none,0.03755956605140007
342,none,0.34230370358255546
343,none,0.45219997031536996
344,none,0.03443684183206404
345,none,0.09363767629768273
346,none,0.05398665063670127
347,none,0.06678061938138322
348,none,0.027017356419808382
349,none,0.0022043313434194647
350,none,0.02140041983171686
351,none,0.05390385380006649
352,none,0.017875052173979375
353,none,0.004036245662981587
354,none,0.018815517740137854
355,none,0.04598729129877337
356,unrelated,0.6646936590829498
357,none,0.024908387774578693
358,none,0.03572539512024282
359,none,0.03385330205945313
360,none,0.022885444353989485
361,none,0.057685770412192555
362,none,0.03514905245780595
363,none,0.11799153969137005
364,none,0.06784429838292035
365,none,0.02699955519229664
366,unrelated,0.6883930007715213
367,none,0.03991022850204797
368,none,0.00034042381199045514
369,none,0.0010711852572549269
370,none,0.00532678263575993
371,none,0.04736297659086942
372,unrelated,0.7015110650307578
373,none,0.00266189305889436
374,unrelated,0.769471667738818
375,none,0.026107805867869732
376,none,0.04830852610061323
377,none,0.02968352458003855
378,none,0.07027654300744715
379,none,0.06158814168939471
380,none,0.020211024580278954
381,none,0.06493326200178177
382,none,0.09719318745727558
383,unrelated,0.6938070745832455
384,none,0.0005279247767662756
385,unrelated,0.6505013227145663
386,none,0.04982301490139362
387,none,0.00038646890735083016
388,unrelated,0.7651892862599107
389,none,0.11182798691821966
390,none,0.004614123307365984
391,none,6.273366948739942e-05
392,none,0.06316206443096468
393,none,0.08043462069871957
394,none,0.0006410950666800051
395,none,0.019732134383080212
396,none,0.038958073279705255
397,none,0.04709324788915227
398,none,0.03144057724987355
399,none,0.04395661569550618
400,none,0.00792693285335874
401,none,0.03665469276899605
402,none,0.005292729571176729
403,none,0.05205247936028215
404,none,0.015601004693709033
405,none,0.1224207102664527
406,none,0.11666190994500088
407,none,0.0005838267403111565
408,none,0.010123724578438265
409,none,0.018693902566895067
410,none,0.000535010786842108
411,none,0.015332255947122713
412,none,0.2992802886068111
413,none,0.01732664803722868
414,unrelated,0.6609820504254248
415,none,0.0017223949552823783
416,none,0.00019434161798005092
417,none,0.1432456096053946
418,none,0.0008507644107470371
419,none,0.03507894881659532
420,none,0.030517992514324282
421,none,0.017276254723619364
422,none,0.00041651715570790754
423,none,0.07568239473292009
424,none,0.00015625
425,unrelated,0.6351399130569518
426,none,0.0012500383280818074
427,none,0.00018960674148589166
428,none,0.0017464386335057564
429,none,0.03784303245842906
430,none,0.03712651003843556
431,none,0.01636039691290595
432,none,0.00026229636512131006
433,none,0.020979632637038535
434,none,0.030792657686860073
435,none,0.008230087491400109
436,none,0.013687680372565783
437,none,0.001125753186284687
438,none,7.931540394370266e-05
439,none,0.02306120196766384
440,unrelated,0.7109824777675625
441,none,0.29525162454612447
442,none,0.006133052682442431
443,none,0.001123044768896686
444,none,0.013758126822867301
445,none,0.23557974887639838
446,none,0.024768082649377354
447,none,0.034537039497831254
448,none,0.027808142243564715
449,none,0.020226117294895506
450,none,0.026847727868543586
451,none,0.022190082920779647
452,none,0.08454952273482517
453,none,0.02163646802219902
454,none,0.01831291861833658
455,none,0.035071079627939185
456,none,0.017292137047140825
457,none,0.0010506252347033452
458,unrelated,0.5560763184750026
459,none,0.24321395146569175
460,none,0.04371736897890664
461,none,0.04744787497270057
462,none,0.37367154482226206
463,none,0.04709239047256669
464,none,0.00016090063634704318
465,none,0.003273622484700078
466,none,0.0012147124768680626
467,unrelated,0.5646855256881252
468,none,0.014728569524879777
469,none,0.0308940566217132
470,none,0.0013793853786632634
471,none,0.01750132650902822
472,unrelated,0.7824248278956535
473,none,0.021244351171177577
474,none,0.05079254212855856
475,unrelated,0.43182014864560364
476,none,0.00037905042606260807
477,none,0.4273123114790465
478,none,0.013563584648775065
479,none,0.03353350688726943
480,none,0.01343745418682221
481,none,0.037546261693658683
482,none,0.017724851985903293
483,none,0.0005267087134546313
484,unrelated,0.7289945669703151
485,none,0.021194721963858357
486,none,0.0007647732927387372
487,none,0.016782126883689782
488,none,0.010076818381008728
489,none,0.03965489416377992
490,none,0.0249902890549069
491,none,0.14651304468232468
492,none,0.11520478837555093
493,none,0.46080527476051636
494,none,0.014968954268950263
495,none,0.012373103919572907
496,none,0.0019247659472775925
497,none,0.011944949918954591
498,unrelated,0.711525739038157
499,none,0.04643988365769183
500,none,0.05160222984150602
501,none,0.10440665264497172
502,none,0.0004479820930135099
503,none,0.04210746321041607
504,none,0.021600481570176022
505,none,0.018866194214537106
506,unrelated,0.48404797588368864
507,none,0.04105682774172292
508,none,0.02089630828309065
509,none,0.01053315133707951
510,none,0.021376888780404273
511,none,0.43877563991141777
512,none,0.020573570900009462
513,none,0.010623326568600246
514,none,0.04692224030831348
515,unrelated,0.6952001647425909
516,none,0.04502510926056547
517,none,0.025457501443903928
518,none,0.08471073034365827
519,none,0.026521361454988197
520,none,0.0002254725530829423
521,none,0.032373215653164256
522,none,0.015492213384659332
523,none,0.09947015233008029
524,none,0.013190651729041866
525,none,0.01912064633400671
526,none,0.07548173153910058
527,none,0.2757604347487236
528,unrelated,0.6842674406360367
529,unrelated,0.3948522336607777
530,none,0.014722538159284
531,none,0.08585947238254107
532,none,0.2248505348191134
533,none,0.018738793750928753
534,none,0.026219134399807564
535,none,0.0007343766488166468
536,none,0.09727811376976284
537,none,0.04816225233706452
538,unrelated,0.4653687581785897
539,none,0.0779888918233302
540,none,0.013954222446633285
541,none,0.0013848992957368447
542,none,0.0016642899071259202
543,none,0.09804599137698933
544,none,0.012518775789175691
545,none,0.000535010786842108
546,none,0.18742500768498296
547,none,0.0065928392927981075
548,none,0.00016085672524901424
549,unrelated,0.14460930393004845
550,none,0.008928046880888506
551,none,0.0016663587401352722
552,none,0.05530777924654157
553,none,0.24697369959716806
554,unrelated,0.5582848832451738
555,none,0.0337539892306747
556,none,0.005209078988296812
557,none,0.006913093517843702
558,none,0.06806232585960686
559,none,0.17519196218136002
560,none,0.011999330924713386
561,none,0.01724435639546736
562,none,0.46518598982845744
563,none,0.0005954950449248412
564,none,0.0005929030757396155
565,none,0.0673222959031855
566,none,0.0002781023167071306
567,none,0.012780444198550105
568,none,0.14433656758508406
569,none,0.16655621372400883
570,unrelated,0.4778054087706029
571,none,0.0003916032934293734
572,none,0.0006498080977833054
573,none,0.030118561473072108
574,none,0.016824607085746138
575,none,0.0043203298912510455
576,none,0.0002422160438361695
577,none,0.03567636216669601
578,none,0.0014186678932671846
579,none,0.036320440354441715
580,none,0.0008393840714071113
581,none,0.1812898220100667
582,none,0.007474046116836689
583,unrelated,0.3422331498987694
584,none,0.05853807777880657
585,unrelated,0.49268802840928116
586,none,0.38116540116463726
587,none,0.16007643300231375
588,none,0.0018507086570860984
589,none,0.013580122011178631
590,none,0.0006002450313758106
591,none,0.4457919760274784
592,none,0.0011099903921565758
593,none,0.0008061156154099187
594,none,0.02091958663050473
595,none,0.020823319289123208
596,none,0.0014293062683499772
597,none,0.021713803962624612
598,none,0.01195814479459954
599,unrelated,0.5903923113489661
600,none,0.0265905020048673
601,unrelated,0.47185968670266176
602,none,0.38935333372114983
603,none,0.01728826173304471
604,none,0.012422643859196905
605,none,0.00045782797568471255
606,none,0.014085452826141286
607,none,0.011843972610172022
608,none,0.03657933536337093
609,none,0.02565107779366266
610,none,0.01877679819958355
611,none,0.02300911081379634
612,none,0.19506776436413012
613,none,0.0003372161646694083
614,none,0.027528999172422287
615,none,0.03618329330191516
616,none,0.01260983130796459
617,none,0.21223622418204863
618,none,9.064470690356548e-05
619,none,0.049246086289399874
620,none,0.02147284217679425
621,none,0.014084881836972787
622,none,0.008751609575217057
623,none,0.00017466630325807783
624,none,0.0008299984593165119
625,unrelated,0.5903689753016588
626,none,0.028996959716540264
627,unrelated,0.4972222564343495
628,none,0.15804772544013818
629,none,0.03889562267575842
630,none,0.06996792795528804
631,none,0.08861013064553848
632,none,0.02127570318792293
633,none,0.022909327193357844
634,none,0.05886754947675255
635,none,0.05850039508033052
636,none,0.11975326343635777
637,none,0.04372092543870784
638,none,0.3543472523781031
639,unrelated,0.6260200782596457
640,none,0.010124952250663127
641,none,0.027969475368309914
642,none,0.004570481871089568
643,none,0.24286790813923592
644,none,0.011158313495301386
645,none,0.3491355101273358
646,none,0.005401328940156654
647,none,0.015381882646891205
648,none,0.06803641105126704
649,none,0.028920707711186287
650,none,0.0925209193657668
651,none,0.001146938638471749
652,unrelated,0.5097452922017705
653,unrelated,0.6930717382360667
654,none,0.025849947224893068
655,none,0.014216325852298999
656,none,0.00017902904328018224
657,unrelated,0.7502535958016909
658,none,0.00031845922561111393
659,unrelated,0.4911755119614214
660,none,0.000727758861518015
661,none,0.027079011944402057
662,none,0.02337825398205086
663,none,0.0009693419183643792
664,none,0.0037467493409536743
665,unrelated,0.5919767275234515
666,none,0.0017831939448742962
667,none,0.013956844773222801
668,none,0.0003441887771386967
669,none,0.014506097621176177
670,none,0.05060574018140083
671,none,0.15442829058838786
672,none,0.0022357540768925765
673,none,0.035867435907792
674,none,0.002462739545771914
675,none,0.0069748888481734215
676,none,0.061461486534137064
677,none,0.00012078882188217444
678,none,0.017010957742653657
679,none,0.26760745687648957
680,none,0.0001858225215410518
681,none,0.00017041661344544985
682,none,0.04822797625651459
683,none,0.3088551912329378
684,none,0.060142799779310474
685,none,0.04996240714322219
686,none,0.12123774527542949
687,none,0.021851815757892704
688,none,0.023234578063671532
689,none,0.0043746762356342015
690,none,0.0004507480639764152
691,none,0.0018264405456850255
692,none,0.027158319997337043
693,none,0.015958882719652602
694,none,0.0339914737577842
695,none,0.013418647285143748
696,none,0.028786133835934535
697,none,0.0019018943081085921
698,none,0.001169576542376095
699,none,0.00011080205617541156
700,none,0.005564665615198067
701,none,0.01393834563581169
702,none,0.052495605738432
703,none,0.00010114115750724822
704,none,0.00857561538647855
705,none,0.04950926421027433
706,none,0.028289392732345934
707,none,0.05898057012232187
708,none,0.04788053847545574
709,none,0.00026450160779656877
710,none,0.008087979388043681
711,none,0.1250686561528443
712,none,0.02161183073049263
713,none,0.019380289548974423
714,none,0.017514586558540587
715,none,0.025405910153055693
716,none,0.09295400712331738
717,none,0.01945937737575623
718,none,0.04043373319213948
719,unrelated,0.4774147324440811
720,none,7.503247241146898e-05
721,none,0.005188069271050036
722,none,0.04434556084028959
723,none,0.09911555300238971
724,unrelated,0.7774444016415762
725,none,0.014191839464105438
726,none,0.5678006703439674
727,none,0.03891784712049462
728,none,0.05709362164244909
729,unrelated,0.5239467332017956
730,none,0.02349377343820177
731,none,0.03833286003915606
732,none,0.006759889028938327
733,none,0.1267005592001308
734,none,0.3692240965442377
735,none,0.006776520999464967
736,none,0.006338539939794509
737,none,0.20031310806387537
738,none,0.014252750907802767
739,none,0.16477677955501085
740,none,0.013932520297212668
741,none,0.37950538239728665
742,none,0.056938740976673605
743,none,0.03165767849822784
744,none,6.018606307812209e-05
745,none,0.08004602826583179
746,none,0.010842747376794661
747,none,0.6180595009633753
748,none,0.0006865534365698755
749,unrelated,0.7592478600360333
750,none,0.015810934306432416
751,none,0.21766440972190879
752,none,0.0019164317265468302
753,none,0.015471383203475589
754,none,0.000563746419026016
755,none,0.028692822810636766
756,none,0.0005954950449248412
757,none,0.013184025006798952
758,none,0.027297872405692824
759,none,0.015534548807318553
760,none,0.00027152676575776255
761,none,0.012728687294977767
762,none,0.059024341606834944
763,none,0.014599409337804703
764,none,0.03287096267113238
765,none,0.02209927833529275
766,none,0.018817123551108553
767,none,0.09390462441217454
768,none,0.0022210181792090404
769,none,0.00045660615603595247
770,none,0.014760117456137105
771,none,0.0011629677903507015
772,none,0.036088419135457385
773,none,0.01659614934310369
774,none,0.012574248719208895
775,none,0.0025030053397634444
776,none,0.0729893797043962
777,none,0.06225132289926155
778,none,0.025243821221784327
779,none,0.1938977445878181
780,none,0.0022654267048680204
781,none,0.034876729854448243
782,none,0.021459595909336722
783,none,0.09359440595681838
784,none,0.012263335635687534
785,none,0.06599266738845526
786,none,0.000785431596353799
787,none,0.00036732459765640796
788,none,0.02925025406642767
789,none,0.1804244399485569
790,none,0.004594163009445013
791,none,0.01432196436963008
792,none,0.0002605883500822473
793,none,0.08252870710469555
794,none,0.01994250809085347
795,unrelated,0.5991761230711254
796,none,0.0019260535773406168
797,none,0.00046871416858479105
798,none,0.006831974225139249
799,none,0.0007801464920192235
800,unrelated,0.7816639015545407
801,none,0.05129121949320325
802,none,0.004779497190211058
803,none,0.0336776959015431
804,none,0.06219899603751575
805,none,0.021200324121093895
806,none,0.38053389823057515
807,none,0.03383921831690364
808,none,0.022107996471598824
809,none,0.321146687615715
810,none,0.06316680128486478
811,none,0.024407432088113447
812,none,0.0014565141780369273
813,none,0.00013619888730182013
814,none,0.029093484553208024
815,none,0.0029629125908299924
816,none,4.288521353917866e-05
817,none,0.006107315295097249
818,none,0.000401283722165645
819,none,0.02020359388122849
820,unrelated,0.3788374931101008
821,none,0.027780227557365648
822,none,0.01849454139488984
823,none,0.00044309276964299996
824,none,0.02711883249050835
825,none,0.0003563019850643169
826,none,0.0019664177415233373
827,none,0.03509166834596536
828,none,0.022427765703962856
829,none,0.06052622637748123
830,none,0.012566221640341872
831,none,0.03419324946691247
832,none,0.029091001982844623
833,none,0.016289146189122427
834,none,0.015645865121656936
835,none,0.0012861295878419925
836,unrelated,0.3926153511499832
837,none,0.0014717620597944705
838,none,0.019365860824553157
839,none,0.018789219628158698
840,none,0.03737812422330599
841,none,0.026388783687761482
842,none,0.018196339032202698
843,none,0.025946914066723933
844,none,0.00020016316577816398
845,none,0.00022056709239215227
846,none,0.0018244099110739315
847,none,0.0007446929714535966
848,none,0.11106032280965229
849,none,0.022922716117128542
850,none,0.020451981939198293
851,none,0.09671629731815956
852,none,0.0014870831472032831
853,none,0.022419321693953075
854,none,0.012941125044082059
855,unrelated,0.3569090391488489
856,none,0.031922129862539894
857,none,0.04897136583173744
858,none,0.07508042712106407
859,none,0.22321874111858725
860,none,0.0019801225500567328
861,none,0.04750919128105077
862,none,0.040395175301538154
863,none,0.02783722856201677
864,none,0.007711965703751317
865,none,0.019715935894693296
866,none,0.015494621276242198
867,none,0.014239272482151668
868,none,0.017131019526633484
869,none,0.04340688361738526
870,none,0.0766544825255176
871,none,0.020007632222070252
872,none,0.009837835886916948
873,unrelated,0.3724244368569933
874,none,0.026391920460587085
875,none,0.3058289998249062
876,none,0.0007553757982425844
877,none,0.0664432268445833
878,none,0.12793110838347155
879,none,0.039608117957489836
880,none,0.028800777991926686
881,unrelated,0.546524561956555
882,none,0.006439732086207797
883,none,0.031144448289165075
884,none,0.023801591414676703
885,none,0.01836296468387467
886,none,0.0013412660498435217
887,none,0.0005495074726407693
888,none,9.846833964959986e-05
889,none,0.02636401262489647
890,none,0.016345187213201703
891,none,0.018570753490180395
892,none,0.01998193958193627
893,unrelated,0.5519622441085343
894,none,0.033159639217469
895,none,0.016834050332423377
896,none,0.12783832123132
897,none,0.010933259352512983
898,none,0.3836640709213266
899,none,0.30053778595209624
900,none,0.03057970425852564
901,none,0.00024589666960624036
902,none,0.0010295077236052367
903,none,0.06465460465438733
904,none,0.012806580980955273
905,none,0.021647364558695373
906,none,0.02005262667754635
907,none,0.05108781668051281
908,none,0.015711935646724455
909,none,0.0024177582631399147
910,none,0.08360309314680502
911,none,0.00015424790206380691
912,none,0.07742420058422317
913,none,0.03540600616165478
914,none,0.025328768147487767
915,none,0.018285190994207817
916,none,0.0016072146933902576
917,unrelated,0.4204433977570178
918,unrelated,0.7298862800732203
919,none,0.00011799010956833368
920,none,0.01124737461920098
921,none,0.022127996526592905
922,none,0.017799028873215005
923,none,0.011436467864420104
924,none,0.5240994549749954
925,none,0.015454332479114747
926,none,0.0010994077437027734
927,none,0.0016048170954673449
928,none,0.03755548528340741
929,none,0.03166937324986697
930,none,0.0141130759849721
931,none,0.0003120974855157212
932,none,0.024799531732443807
933,none,0.03009505912099835
934,none,0.00030079987534844225
935,none,0.019379047814920374
936,none,1.1544011544011544e-05
937,unrelated,0.41692425639018843
938,none,0.24837977279775178
939,none,0.3852415955984105
940,none,7.544014979235495e-05
941,none,0.00020016316577816398
942,none,0.00023272145565285287
943,none,0.016362069113154108
944,none,0.12093204421305494
945,none,0.00524118321284466
946,none,0.07365065520838306
947,none,0.03525082076749346
948,none,0.36989389961086055
949,none,0.02235701660835592
950,none,0.13916934610199003
951,none,0.04844087713550614
952,none,0.014458822369307655
953,none,0.00045098637440461013
954,none,0.00033123935563908935
955,none,0.028360270934961598
956,none,0.0006219113336614139
957,none,0.2741426509439878
958,none,0.0005954950449248412
959,none,0.0004433182519682011
960,none,0.0019237548037503768
961,none,0.03963304537095541
962,none,0.10834635453939395
963,none,0.00031108699242221344
964,none,0.000568729256515719
965,none,0.0570025522732196
966,none,0.00022314564296153694
967,none,0.05553725009845242
968,none,0.01134478397521553
969,none,0.002458325988490107
970,none,0.0006180646284940387
971,none,0.018922634012612242
972,none,0.0005954950449248412
973,none,0.030599786022547155
974,none,0.07085997327672382
975,none,0.03228816639846497
976,none,0.050409401692879705
977,none,0.02087099951006365
978,none,0.012226369018479382
979,unrelated,0.7570572955527054
980,none,0.015214424730110683
981,none,0.018406249643107612
982,none,0.44309364472665685
983,none,0.0002641380119539168
984,none,0.009772162826754882
985,none,0.03509130957617892
986,none,0.0031528151557886058
987,none,0.11440284089119965
988,none,0.02818821097933604
989,none,0.0007258640307001521
990,none,0.023191777611004397
991,none,0.043108611225720586
992,none,0.0001493537422375978
993,none,0.05098015592572719
994,none,0.00013504235872459437
995,none,0.08440380735408656
996,none,0.00015850593209804176
997,unrelated,0.7237656630143167
998,none,0.03759899411191533
999,none,0.056319215344926954
1000,none,0.0628945559804835
1001,unrelated,0.5207295568948049
1002,none,0.021154015678814208
1003,none,0.022595887458527107
1004,none,0.01484849571818081
1005,none,0.01192052990760448
1006,none,0.01481892281151841
1007,unrelated,0.5367755730815887
1008,none,6.727499439065588e-05
1009,none,0.15086550757811046
1010,none,0.0017581470907257523
1011,none,0.015434874855979476
1012,none,0.019209959865494758
1013,none,0.03685013873728259
1014,none,0.0024396088323527746
1015,none,0.05601910612244958
1016,none,0.1088859252562016
1017,none,0.000360827238838063
1018,none,0.017692250663455554
1019,none,0.0028898044264382416
1020,none,0.23447847043611036
1021,unrelated,0.6458702909256899
1022,none,0.025913936255059382
1023,none,0.28602642399250017
1024,none,0.046458697682206694
1025,none,0.017161309529134403
1026,none,0.08346456541614604
1027,none,0.000838348565511684
1028,none,0.027401511789628446
1029,none,0.053078553809967656
1030,none,0.06550212451945352
1031,none,0.02480585701129294
1032,none,0.009643839927247289
1033,none,0.01874553318297102
1034,none,0.0809415779455657
1035,none,0.0001908948029540837
1036,none,0.048571143358830365
1037,none,0.01588475387674967
1038,none,0.017909503707872025
1039,none,0.021548992425895384
1040,none,0.0004644386616469854
1041,none,0.26991816405603686
1042,none,0.020547118176471174
1043,unrelated,0.7292845853542451
1044,unrelated,0.6680331164290536
1045,none,0.001372836101339239
1046,none,0.08586784448737632
1047,none,0.059086642284221315
1048,none,0.004297345774052329
1049,none,0.00031823881044003874
1050,none,0.0022442186946766453
1051,none,0.02860711038300996
1052,none,0.02016054621725407
1053,none,0.0007312913848596319
1054,none,8.406239352697962e-05
1055,none,0.025554554403441072
1056,none,0.00026229636512131006
1057,none,0.00117167975092712
1058,none,0.05129181338371785
1059,none,0.0005288701488610814
1060,unrelated,0.7275399150052815
1061,unrelated,0.15182640593907543
1062,none,0.03567166848633996
1063,none,0.1497186904136949
1064,unrelated,0.7198022777113519
1065,none,0.025674923689701305
1066,none,0.0008114086004833684
1067,none,0.05594591989579741
1068,none,0.0007446929714535966
1069,none,0.04662878139597625
1070,none,0.05581894347950656
1071,none,0.022135747386424764
1072,none,0.05357884940566897
1073,none,0.023629488465259883
1074,none,0.024979446870814607
1075,none,0.02086274607126768
1076,none,0.0007979842231138983
1077,none,0.0357770370223519
1078,none,0.03160495326380192
1079,none,0.007051789357261874
1080,none,0.016300087665340315
1081,none,0.3219187285984512
1082,none,0.05207056447117197
1083,none,0.0162321566913176
1084,none,0.0006262531863453516
1085,none,0.03288476540510766
1086,none,0.020116011633575983
1087,none,0.004760747785495194
1088,none,0.0021363716019484817
1089,none,0.0009025060505317005
1090,none,0.020291343309332275
1091,none,0.01913837972552697
1092,none,0.017464785307217786
1093,unrelated,0.4967037883002075
1094,none,0.0005361818513893152
1095,none,0.5501944732029611
1096,none,0.11584227981720638
1097,none,0.0013591776060126654
1098,unrelated,0.7576653598302279
1099,none,0.0016890662881924093
1100,unrelated,0.22353032480865395
1101,none,0.00012854689434891364
1102,none,0.00011609698373026391
1103,none,0.023326514616571613
1104,none,0.04050965276132806
1105,none,0.14261198273723294
1106,none,0.019032797150112947
1107,none,0.011909974743911596
1108,none,0.013999454964364192
1109,none,0.00021820429283259154
1110,none,0.00018941594118260677
1111,none,0.04909363272247796
1112,none,0.053945095407927315
1113,none,0.3834869505670045
1114,none,0.00048807450674432805
1115,none,0.017226086243524025
1116,none,0.019399563921211244
1117,none,0.0789794964838157
1118,none,0.02672682870393193
1119,none,0.0033690511987672688
1120,none,0.03209328925207878
1121,none,0.018661384285676496
1122,none,0.31663860592325715
1123,none,0.46477245354248503
1124,none,0.3923140149108565
1125,none,0.016656529043335762
1126,none,0.07271993444769474
1127,none,0.0001294432545812573
1128,none,0.3132397725279288
1129,none,0.013811715049721167
1130,none,0.00045660615603595247
1131,none,0.012413643704428809
1132,none,0.2959777740418911
1133,none,0.001820562706973223
1134,none,0.018574677212002275
1135,none,0.015321212027752842
1136,none,0.15132778929119792
1137,none,6.660892363874713e-05
1138,none,0.01862682159335781
1139,none,0.014921003186861244
1140,none,0.002543545527543484
1141,none,0.00033139075155526885
1142,none,0.03208610460749896
1143,none,0.0012774275528297705
1144,unrelated,0.5943717085059917
1145,none,0.00545196409740092
1146,none,0.011954680303633437
1147,none,0.13318929998174323
1148,none,0.00020362429754921556
1149,none,0.00012728428625785517
1150,none,0.011052789742540987
1151,none,0.022919419426016673
1152,unrelated,0.7429377483551692
1153,none,0.013620087111355667
1154,none,0.0005782383470098898
1155,none,0.03231168855254089
1156,none,0.0628819352836655
1157,none,0.014788406434704159
1158,none,0.15116533767869342
1159,none,0.20595326916637194
1160,none,0.043010854959306476
1161,none,0.34750578592588466
1162,none,0.04753795757126914
1163,none,0.009648395864864674
1164,none,0.0018597646789243504
1165,none,0.020716173435533253
1166,none,0.0002416693703138935
1167,none,0.5557676815370649
1168,none,0.01022099994858602
1169,none,0.018862734018767188
1170,none,0.12711797893840188
1171,none,0.016227683393224217
1172,none,0.35273288508354333
1173,none,0.0036274686275679603
1174,unrelated,0.4298667347129752
1175,none,0.019906163773738165
1176,none,0.07755891900868853
1177,none,0.00010114115750724822
1178,none,0.2703642145037386
1179,none,0.042224680586675396
1180,none,0.35286308281909695
1181,none,0.10198347985271111
1182,none,0.023748597959162673
1183,none,0.025494830430987447
1184,none,5.225342913128674e-05
1185,none,0.08850349135312978
1186,none,0.0008838897009364703
1187,none,0.024195824706291377
1188,none,0.03599580718827496
1189,none,0.07410005642407874
1190,none,0.10264147564760215
1191,none,0.48441120564732054
1192,none,0.021298297589831674
1193,none,0.09543386399605745
1194,none,0.011794205790716246
1195,none,0.31030127101364924
1196,unrelated,0.620675698772507
1197,none,0.0007639671346601326
1198,none,0.03609201498166039
1199,none,0.0017318418310615224
1200,none,9.890551655257536e-05
1201,none,0.00027045772196387826
1202,none,0.016046077399275667
1203,none,0.03690135584497181
1204,none,0.0047306794641464615
1205,none,0.016069626973694087
1206,none,0.17675102019494754
1207,none,0.0009709917421803061
1208,none,0.013816445693119257
1209,none,0.002705365459785553
1210,none,0.028024274041197957
1211,none,0.0010118780966025455
1212,none,0.005841957696312734
1213,unrelated,0.5148695334641437
1214,none,0.0009589160267903804
1215,none,0.1130438992664326
1216,none,6.959916393878659e-05
1217,none,0.0014102942598105891
1218,none,0.05413187120771954
1219,none,0.0009628642846886181
1220,none,0.01888196890585228
1221,none,0.022296192502529632
1222,none,0.02307157079033927
1223,none,0.03277191410533635
1224,none,0.12080636126004184
1225,none,0.0685894006008202
1226,none,0.00017479192667107683
1227,none,0.022045840011864506
1228,none,0.015015608110898191
1229,none,0.01853939172182135
1230,none,0.03558311638616181
1231,none,0.022789690930060287
1232,none,0.006708963810630816
1233,none,0.00298632042182187
1234,none,0.14623712523483082
1235,none,0.000538652486134378
1236,none,0.021066342555694412
1237,none,0.024617561714644937
1238,none,0.014196755823487266
1239,none,0.040224635045046114
1240,none,0.012943693593398246
1241,none,0.0012005362089894005
1242,none,0.1780811849874586
1243,none,0.00012910764062370417
1244,none,0.10855588278715685
1245,none,0.0012109767483699631
1246,none,0.024736648975588513
1247,none,0.00017013630278489637
1248,none,0.006829137871171145
1249,none,0.0001341459984922507
1250,none,0.016593420829163846
1251,none,0.07959111631018467
1252,none,0.4906882464039887
1253,unrelated,0.645201374529411
1254,none,0.009112359195053245
1255,none,0.25923443256120504
1256,none,0.01517979581552493
1257,none,0.03551435541194138
1258,none,0.013664450811761738
1259,none,0.011299722763715355
1260,none,0.01679265898983332
1261,none,0.08073913052078918
1262,none,0.00034848857926241206
1263,none,0.0007360376605548291
1264,none,0.00021626173489258392
1265,unrelated,0.18724741029328995
1266,none,0.00029564395557416776
1267,none,0.01316713204596315
1268,none,0.017642848023907396
1269,unrelated,0.5649159093496453
1270,none,0.09310582364639344
1271,none,0.03078553117095699
1272,none,0.07455783737601904
1273,none,0.019614637683881598
1274,unrelated,0.6671993085079834
1275,none,0.44274856216496594
1276,none,0.017282832077793655
1277,none,0.08938123825899828
1278,none,0.03200196217927573
1279,none,0.032822709695514124
1280,none,6.959916393878659e-05
1281,unrelated,0.6559355403235275
1282,none,0.020690085993912047
1283,none,0.014762611976474913
1284,none,0.0013850566382062782
1285,none,0.020638981419890522
1286,none,0.011304441204936913
1287,unrelated,0.5369438200177103
1288,none,0.014989298343772035
1289,none,0.04285870933445037
1290,unrelated,0.7336866930055188
1291,none,0.004553809825552471
1292,none,0.014031051703906757
1293,none,0.0004509336549385333
1294,none,0.0006262661110190688
1295,none,0.23449232016693006
1296,none,0.01401300474534751
1297,none,0.014225337119833719
1298,unrelated,0.6518067784059363
1299,none,0.2705063385253623
1300,none,0.021529408235481964
1301,unrelated,0.6031938105952873
1302,none,0.01637714438258465
1303,none,0.03024321984518796
1304,none,0.003188270943894823
1305,none,0.1946412886326441
1306,none,0.199728616138413
1307,none,0.0012393239171575204
1308,none,0.04498674273407736
1309,none,0.005371728481942601
1310,unrelated,0.6415106876497925
1311,none,0.00038573017608744235
1312,none,0.00934852238558445
1313,none,0.020043989010067362
1314,none,0.026308396586553262
1315,none,0.0006319151373992055
1316,unrelated,0.47655287633762766
1317,none,0.020266968952362702
1318,none,0.024365042256460342
1319,unrelated,0.7060311339779591
1320,none,0.32995400428391064
1321,none,0.06851522352773684
1322,none,0.00026445612082221155
1323,none,0.18362597624849794
1324,none,0.0025020766433973894
1325,none,0.09118164120717885
1326,none,0.018388772744761816
1327,none,0.03048167872036817
1328,none,0.0001324137497725693
1329,none,0.002607974846721633
1330,none,0.00038560443962562036
1331,unrelated,0.42321088172414867
1332,none,0.0007446929714535966
1333,none,0.034561773099609255
1334,unrelated,0.7217639814929642
1335,none,0.3520136390361995
1336,none,0.023329042643880794
1337,none,0.16423785032503807
1338,none,0.07739805366305012
1339,none,0.050127941398984535
1340,none,0.0002036231540363318
1341,none,0.00027045772196387826
1342,none,0.13270326081000938
1343,none,0.00020912666299832195
1344,none,0.042464286101153915
1345,none,0.04686437344355466
1346,none,0.014192642775323347
1347,none,0.00027843680921863136
1348,none,0.022309210331913888
1349,none,0.3189685185330248
1350,none,0.012592579018075947
1351,none,0.00030078491284419364
1352,none,0.0
1353,unrelated,0.22851590341288644
1354,none,0.011168730908932542
1355,none,0.21690091774369194
1356,unrelated,0.6868392780516639
1357,none,0.2939472301567848
1358,none,0.04282460301661303
1359,none,0.006010361342390985
1360,none,0.099912162934588
1361,unrelated,0.15075198710787802
1362,none,0.08906090731500557
1363,none,0.015773763355006343
1364,none,0.001177225276749508
1365,none,0.00020570961776889856
1366,unrelated,0.7644790581572681
1367,none,0.0009004119043595762
1368,none,0.07982403100265606
1369,none,0.0579668238125602
1370,none,0.0017794111476201705
1371,none,0.00037668520307744557
1372,none,0.0671198359560337
1373,none,0.11122369683785108
1374,none,0.00027045772196387826
1375,unrelated,0.6882635773450366
1376,none,0.04669855680713871
1377,unrelated,0.26622411133979185
1378,none,0.016203961869865217
1379,none,0.002393472821486968
1380,none,0.01925919956948472
1381,none,0.209931978500434
1382,none,0.011496497597710025
1383,none,0.01990806400536221
1384,none,0.011998558332132946
1385,none,0.004096514828211351
1386,none,0.0007196866038623401
1387,none,0.025171299444856344
1388,none,0.06589643814277009
1389,none,0.00012078882188217444
1390,none,0.025918822321840937
1391,none,0.015875292517018035
1392,none,0.014852173171399616
1393,none,0.05279490364472806
1394,none,0.004528525977467081
1395,none,0.07615271228549768
1396,none,0.02140089520359919
1397,none,0.014917492307823323
1398,none,0.00010114115750724822
1399,none,0.027608840155978337
1400,none,0.00027783431730286906
1401,none,0.42024255812084166
1402,none,0.21662806451555408
1403,none,0.07485133431692605
1404,none,0.040677950786777314
1405,none,6.660892363874713e-05
1406,none,0.07640864609672737
1407,none,0.05196448906947965
1408,none,0.11221644453194908
1409,none,0.024304827527487336
1410,unrelated,0.45651121261541033
1411,none,0.014007742939447898
1412,none,0.0003628823642917051
1413,none,0.03050668171980577
1414,none,0.017635277514219578
1415,unrelated,0.46138885256337675
1416,none,0.03680447696016392
1417,none,0.07118338922826861
1418,none,0.0005968764460007998
1419,none,0.0005954950449248412
1420,none,0.014229330184818175
1421,none,0.00045098637440461013
1422,none,0.01504443374765375
1423,none,0.029237823603648686
1424,none,0.01932541978338741
1425,none,8.29765844671565e-05
1426,none,0.014257969790322272
1427,none,0.03522010335697722
1428,none,0.02744724804888683
1429,none,0.0004536305902357826
1430,none,0.19352148509975753
1431,none,0.058939946361821774
1432,none,0.0035464402116332254
1433,none,0.04708944747114382
1434,none,0.013679384963008842
1435,none,0.007168606661486307
1436,none,0.10480599938098085
1437,none,0.15682231898831772
1438,none,0.026578627977855734
1439,none,0.021420305285518984
1440,none,0.018317376871765035
1441,none,0.02532076426899179
1442,none,0.011756291584326135
1443,none,0.014065836853147738
1444,unrelated,0.1549536643212124
1445,none,0.015267253400472865
1446,none,0.013989577407152723
1447,none,0.04202964980831602
1448,none,0.010542704473888588
1449,none,0.2901733369069522
1450,none,0.023000061009032912
1451,none,0.031603594361747006
1452,none,0.004037165713262941
1453,none,0.023680246866899162
1454,none,0.10224484764456915
1455,none,0.01480465181329779
1456,none,0.015593877375479246
1457,none,0.039415739076318186
1458,none,0.011354100426185086
1459,none,0.026925445563644766
1460,none,0.051303753888856066
1461,none,0.3336032936837081
1462,none,0.18869112055064766
1463,none,0.021529755623924198
1464,none,0.058329139340841524
1465,none,0.00016995907711096536
1466,none,0.019949237467838856
1467,none,0.043798625697616195
1468,none,7.931540394370266e-05
1469,none,0.004313816311825804
1470,none,0.008608852596821686
1471,none,0.01757933267682503
1472,none,0.15261028074779245
1473,none,0.009617377920575494
1474,none,0.0015846825673153722
1475,none,0.00042683055178440924
1476,none,0.002903020010865577
1477,unrelated,0.5099708450460504
1478,none,0.061542163012835924
1479,none,0.00027045772196387826
1480,none,0.025473560390801956
1481,unrelated,0.4571581385276454
1482,none,0.23672561919494522
1483,unrelated,0.42171422590425633
1484,none,0.020487960619107907
1485,none,0.05652976077813321
1486,unrelated,0.7257318575908875
1487,none,0.029626596940196183
1488,none,0.07770236509227776
1489,none,0.0012065134909720874
1490,unrelated,0.25835470847561165
1491,none,0.01739180247587985
1492,none,0.0008253183193071074
1493,none,0.02315180543415142
1494,none,0.05009467141404364
1495,none,0.06587816613391556
1496,unrelated,0.8742129376235074
1497,none,0.19712030961413557
1498,none,0.00018841974043800507
1499,none,0.014498795150292907
1500,none,0.000571333413041998
1501,none,0.04262017379522537
1502,none,0.0660212997908555
1503,none,0.018832244391315853
1504,none,0.2331265413896263
1505,none,0.034326037488840215
1506,none,0.018757275015544958
1507,none,0.0006865534365698755
1508,none,0.4438067423781024
1509,none,0.013684676944516232
1510,none,0.05142815045710802
1511,none,0.09138917178246675
1512,none,0.02875117739023642
1513,none,0.08922800104654025
1514,unrelated,0.4761956099644775
1515,none,0.030947182850404428
1516,none,0.007141979556347286
1517,none,0.00046871416858479105
1518,none,0.002329820102086275
1519,none,0.009840656656981923
1520,none,0.060532075010941294
1521,unrelated,0.5506754891060406
1522,none,0.019641386398944024
1523,none,0.22308135335934376
1524,none,0.0009642961023083279
1525,none,0.02932613455987032
1526,none,0.06269296243122921
1527,none,0.0004166341498516114
1528,none,0.007864712455294482
1529,none,0.00010528362926337815
1530,none,0.00832596695630185
1531,none,0.002581141226674809
1532,none,0.00038560443962562036
1533,none,0.02293439065644765
1534,none,0.13837784169884965
1535,none,0.0004953726672765132
1536,none,0.05408045303058327
1537,unrelated,0.669145026762297
1538,none,0.02782439602898317
1539,none,0.035822235309744405
1540,none,0.01973968998414182
1541,unrelated,0.417343249350689
1542,none,0.05595867384487912
1543,none,0.00044309276964299996
1544,none,2.6358826358826355e-05
1545,none,0.10715680462963667
1546,none,0.29136703766427163
1547,none,0.0006252315610060888
1548,none,0.02024996653145962
1549,unrelated,0.6504820280813651
1550,none,0.02241878724020095
1551,unrelated,0.6789251294961699
1552,none,1.8075690185422386e-05
1553,none,0.010446063273674715
1554,none,0.23570526361743233
1555,none,0.02325718590781464
1556,none,0.016490356888597818
1557,none,0.0009112317991429751
1558,none,0.0002416693703138935
1559,none,0.00551571924700059
1560,none,0.004169027140862801
1561,none,0.004070755714519339
1562,none,0.01653236521498759
1563,none,0.016685500457576587
1564,none,0.06795477146955857
1565,none,0.021948918227194584
1566,none,0.0634000077497085
1567,none,0.20165130514077348
1568,none,0.2671137721375003
1569,unrelated,0.48091432085734526
1570,none,0.02030440815503018
1571,none,0.0008562573285356032
1572,none,0.026338111258691333
1573,none,0.02284082419847222
1574,none,0.013184676660940024
1575,none,0.0007233280248287969
1576,none,0.02433457477448442
1577,none,0.0007806530071868756
1578,none,7.931540394370266e-05
1579,none,0.02299465345196237
1580,none,0.21415248881123497
1581,none,7.544014979235495e-05
1582,none,0.0003899860250864413
1583,none,0.0644468479925367
1584,none,0.08660204896343408
1585,none,0.06818823365655953
1586,none,0.018349678059199022
1587,none,0.02875921206721651
1588,unrelated,0.21204301380820073
1589,none,0.0014964846037232495
1590,none,0.06572471848222627
1591,unrelated,0.25404206243933414
1592,none,0.04996093367808788
1593,none,0.019109573830831613
1594,none,0.0014410114513564028
1595,none,0.0012945236015640006
1596,none,0.017579629055485938
1597,unrelated,0.7882716011506996
1598,none,0.31766544538164415
1599,none,0.008942148722885412
1600,none,0.01341504123338
1601,none,0.09419510125628149
1602,none,0.04998715160573257
1603,none,0.039624583603485516
1604,none,0.05372510955178518
1605,none,0.0008315027875391512
1606,none,0.025136502046397186
1607,none,0.013657013724555299
1608,none,0.05152033860538434
1609,none,0.024264049769442256
1610,unrelated,0.6631089572920104
1611,none,0.01697019003668606
1612,none,0.014320727384907962
1613,none,0.015488294138156578
1614,none,0.03616254977780152
1615,none,0.04170556989841584
1616,none,0.090382775492624
1617,none,0.5754319345178726
1618,none,0.025977552021065504
1619,unrelated,0.6300026334653916
1620,none,0.017939888495681622
1621,none,0.00011595597232206303
1622,none,0.024195488728748563
1623,none,0.01868250427987066
1624,none,6.940177374959984e-05
1625,none,0.07010879926350212
1626,none,0.16405417022363594
1627,none,0.18909373079510483
1628,none,0.02005254037458099
1629,none,0.02580609842689158
1630,none,8.938796691892935e-05
1631,none,0.006465155259238345
1632,none,0.0013037967972025606
1633,none,0.0024661674219772145
1634,none,0.00045098637440461013
1635,none,0.010978235521425008
1636,unrelated,0.45577648153460304
1637,none,0.009922772941521552
1638,none,0.00014911743378019144
1639,none,0.01949749759414542
1640,none,0.050468704919545644
1641,unrelated,0.4446283844136236
1642,none,0.003876928048620469
1643,none,0.07781968678983849
1644,none,0.00023175488361504155
1645,none,0.019632407454158902
1646,none,0.020238035641371024
1647,none,0.017673145465368714
1648,none,0.03390061943493473
1649,none,0.014873822442347933
1650,none,0.02343157942995776
1651,none,0.0012778700057993553
1652,none,0.04338295118675194
1653,none,0.02006163641891923
1654,none,0.015432728443140174
1655,none,0.12488847882659111
1656,unrelated,0.7584842021350489
1657,none,0.03398052090455993
1658,none,0.00017109685412489237
1659,none,0.10462556277472367
1660,none,0.45027867854944253
1661,unrelated,0.6751181525802012
1662,none,0.00020016316577816398
1663,none,0.012774034727490845
1664,none,5.225342913128674e-05
1665,none,0.006792394371325141
1666,none,0.001024091667681638
1667,none,0.6420212087299135
1668,none,0.09117090623674848
1669,none,0.3028232499931361
1670,none,0.00042723638062317187
1671,none,0.46677406738727834
1672,none,0.11036998428900459
1673,none,0.0013394423110644595
1674,none,0.026399616059568327
1675,none,0.00020016316577816398
1676,unrelated,0.11125029701181073
1677,none,0.006015651128682065
1678,none,0.018627698464620892
1679,none,0.012149867549973069
1680,none,0.09759710553170348
1681,none,0.010888669165255185
1682,none,0.02766904623868571
1683,none,0.2951625528161342
1684,none,0.025125949578320424
1685,none,0.13978331445760447
1686,none,0.0014184154062222584
1687,unrelated,0.6047416094441016
1688,none,0.018978243583052404
1689,none,0.012405910008128322
1690,none,0.014041323615266625
1691,none,0.0029883793191516988
1692,none,0.05369699346980714
1693,none,0.00030018299804748653
1694,none,0.0002416693703138935
1695,none,0.3560657383578815
1696,none,0.004909413402584054
1697,unrelated,0.42320437230849534
1698,none,0.08763475182262559
1699,none,0.00031778513711154034
1700,none,0.04374939548056976
1701,none,0.03976903300126889
1702,unrelated,0.6229141321775845
1703,none,0.017278861832705786
1704,none,0.09321686568172781
1705,none,0.02001611417987702
1706,none,0.42648246028897924
1707,none,0.4610445837004346
1708,none,0.1495109112615707
1709,none,0.005930076952351457
1710,none,0.002309197615048197
1711,none,0.0006360619323544271
1712,none,0.010445031736209165
1713,unrelated,0.42597413237733045
1714,none,0.040437298087122035
1715,none,0.017006692031470243
1716,none,0.2586204346762887
1717,none,0.013189709174299336
1718,none,0.001968449655734898
1719,none,0.09643713482740868
1720,none,0.010381104932725059
1721,unrelated,0.6591294830316932
1722,none,0.0440983090583165
1723,none,0.00010170190378203873
1724,none,0.019407673983352157
1725,none,0.013872087493816163
1726,none,0.1096668007495095
1727,none,0.09344365516086871
1728,none,0.0005363694081652514
1729,none,0.001860540716709575
1730,unrelated,0.6264943209495901
1731,none,0.43289095884806955
1732,none,0.00010114115750724822
1733,none,0.03576289918701753
1734,none,0.014534244625737169
1735,none,0.0017861044644668185
1736,none,0.0203994440331238
1737,none,0.0009567098061845377
1738,none,0.01982454111480495
1739,none,0.0003031952405077582
1740,none,0.17766980250112932
1741,none,0.05691834383031789
1742,none,0.0026731111274000464
1743,unrelated,0.6614172425523832
1744,none,0.09270604738765888
1745,none,0.03608264241398396
1746,none,0.12221247390701655
1747,none,0.0075711792194179325
1748,none,0.06736905866366659
1749,none,0.017632619699249025
1750,none,0.012134438644008205
1751,none,0.0014508542510711128
1752,none,0.02340765136140891
1753,none,0.319528686990961
1754,none,0.0005804454335299403
1755,none,0.0010542552369033392
1756,none,0.039090180807203015
1757,none,0.00012765728171465945
1758,none,0.028221116845606364
1759,none,0.01507976290384968
1760,none,0.0001039422046233654
1761,none,0.0004877800788943139
1762,none,0.05389664125576812
1763,none,0.0021604914998965712
1764,none,0.00032064453018937816
1765,none,0.010116486091728518
1766,none,0.5516682204042027
1767,unrelated,0.5340417467143094
1768,none,0.030975556480149522
1769,none,0.02614906974948555
1770,none,0.2253684843970337
1771,none,0.005640627198174946
1772,none,0.07495785163671086
1773,none,0.014816219976520889
1774,none,0.0004948279777445502
1775,none,0.017913282680414113
1776,none,2.1538720082953005e-05
1777,none,0.10049787278555594
1778,none,0.31822005483071236
1779,none,0.0009894516553118366
1780,none,0.02159939900588289
1781,none,0.021039692395756825
1782,none,0.00032521953839249884
1783,none,0.004375324893227183
1784,none,0.021368466907202333
1785,none,7.633651002469862e-05
1786,none,0.04300258049937942
1787,none,0.0007217214658257047
1788,none,0.002814367050500269
1789,none,0.013323869792931663
1790,none,0.01940568614566022
1791,none,0.0006092934260563087
1792,none,0.05914217414095261
1793,none,0.0007892587228042234
1794,none,0.03286537881704326
1795,none,0.06052185470560043
1796,none,0.03579347326816999
1797,none,0.002698003107124691
1798,none,0.0001044763124851315
1799,none,0.013213557089486495
1800,none,0.022457720233229218
1801,none,0.005433051002824144
1802,none,0.05776233685450184
1803,none,0.3118399590767211
1804,none,0.017869070135100043
1805,none,0.023822110161922306
1806,none,0.0018946444966544574
1807,none,0.013449306527151442
1808,none,0.0492694162544957
1809,none,0.01704824362746123
1810,none,0.09974812625840059
1811,none,0.015083897168106142
1812,unrelated,0.46333659597862764
1813,none,0.004437114502436178
1814,none,0.028633244049228897
1815,none,0.1769257250334356
1816,none,0.003854673507693493
1817,none,0.03353596583141931
1818,none,0.04881196102144849
1819,none,0.01392892944060623
1820,none,0.01601925712125968
1821,unrelated,0.3515230554902519
1822,none,0.1687093287080652
1823,none,0.008562782578431564
1824,none,0.04829378771368684
1825,none,0.12772954377675694
1826,unrelated,0.3531115102441694
1827,unrelated,0.5597266023752641
1828,none,0.00018941594118260677
1829,unrelated,0.734717113708323
1830,none,0.015241505911601137
1831,unrelated,0.6162731843975668
1832,none,0.015540360566846361
1833,none,0.5701750662957125
1834,none,0.03907795539730492
1835,none,0.0008686983152200578
1836,none,0.0015246709217402237
1837,none,0.015806214446285334
1838,none,0.0011794982073950087
1839,none,0.10130446324653773
1840,none,0.011010774694665312
1841,none,0.135838775082071
1842,none,0.03661362995757075
1843,none,0.03234379989630989
1844,none,0.10082924986106884
1845,none,0.0019131870053774936
1846,none,0.0362028512845875
1847,none,0.18989369282904234
1848,none,5.225342913128674e-05
1849,none,0.3007516152482295
1850,none,6.660892363874713e-05
1851,none,0.031879918997331363
1852,none,0.18048275867496522
1853,none,0.06875348985747369
1854,none,0.18516876297396756
1855,none,0.0032292436280285867
1856,none,0.015931723222933673
1857,none,0.0006519539380112167
1858,none,0.0733261262603223
1859,none,0.020320449596868673
1860,none,0.14865333053364185
1861,none,0.04438110222732929
1862,unrelated,0.6015670681418964
1863,none,0.030183645038167662
1864,none,0.031319371863172824
1865,none,0.0227422366997114
1866,none,0.06717321130213938
1867,none,0.01969738105191491
1868,none,9.610279963870167e-05
1869,none,0.0003099426431463063
1870,none,7.931540394370266e-05
1871,none,0.23090675172670053
1872,none,0.0001713692846685174
1873,none,0.0007028646456385953
1874,none,0.000865245367162809
1875,none,0.5084876855655502
1876,none,0.0038140363371842434
1877,none,0.06773116100050071
1878,none,0.07569116760405466
1879,none,0.014084575805633411
1880,none,0.0005855266249951768
1881,none,0.02670650738750519
1882,none,0.0029874997812224095
1883,none,0.04810446747675821
1884,none,0.0002416693703138935
1885,none,0.0353307233106723
1886,none,0.0002906730734640615
1887,none,0.19449732892742744
1888,none,0.000323616160784445
1889,unrelated,0.49699854568618035
1890,none,0.01293598362910867
1891,none,0.11668683626661014
1892,none,0.00020962190266031938
1893,none,0.016824900808252427
1894,none,0.00012854689434891364
1895,none,0.01894517695081651
1896,none,0.11002812638995048
1897,none,0.013161333158498711
1898,none,0.0013074764608709327
1899,unrelated,0.6648565298499939
1900,none,0.0156360113750517
1901,none,0.052531855114455975
1902,none,0.01916636469428069
1903,none,0.014811247601494182
1904,unrelated,0.8859543417841951
1905,none,0.00012854689434891364
1906,none,0.01183434056936308
1907,unrelated,0.6310730580731471
1908,none,0.01422573931039612
1909,none,0.0011605646601836558
1910,none,0.004969445547292466
1911,none,0.29545928689295503
1912,none,0.08133685741164629
1913,none,0.031037864632383404
1914,none,0.01349609045047429
1915,none,0.4833925486313748
1916,none,0.017011229579319526
1917,none,0.005499593307369739
1918,none,0.21242838054591637
1919,none,0.008596094005009533
1920,none,0.006901614896542429
1921,unrelated,0.7517906313155904
1922,none,0.02265996015225392
1923,none,0.0011113438117066022
1924,none,0.029878306398731517
1925,none,0.03377733751104746
1926,unrelated,0.4629344849271139
1927,none,0.0019066586129475602
1928,unrelated,0.5739315492946124
1929,none,0.05884492321669303
1930,none,0.0012667230365138902
1931,none,0.015754568027008062
1932,none,0.011690534974612119
1933,none,0.02669442322133635
1934,none,0.28540563141191805
1935,none,0.0005705648306396364
1936,none,0.07884974867090326
1937,none,0.015510077844968186
1938,none,0.032090242632262164
1939,none,0.0231708602870965
1940,none,0.013775057508825815
1941,none,0.13815379077168008
1942,none,0.00013186848150352015
1943,none,0.03497673545763342
1944,none,0.0048528966517010315
1945,none,0.012025109664057789
1946,none,0.044447638852964655
1947,none,0.06986275738802859
1948,none,0.0007788885266150884
1949,none,0.016438692794121117
1950,none,0.00045974589484631094
1951,none,0.002181663927107848
1952,none,0.012111564418243211
1953,none,0.012011588896290287
1954,none,0.00021820429283259154
1955,none,0.04757954270025579
1956,unrelated,0.5466871270929754
1957,none,0.08427418374711516
1958,none,0.20700571730405076
1959,unrelated,0.600581599081289
1960,none,2.6358826358826355e-05
1961,none,0.00029650348864206864
1962,none,0.015318998324514332
1963,none,0.03738031907699293
1964,none,0.002503235188510113
1965,none,0.022919244146578054
1966,none,0.0019325248973863151
1967,none,0.013440430900314595
1968,none,0.051774009594847285
1969,none,0.010469033882483192
1970,unrelated,0.6596399013432865
1971,none,0.009059144854691224
1972,none,0.06088483031239118
1973,none,0.00016482860882734992
1974,none,0.0039705153431622685
1975,none,0.00015089814383852999
1976,none,0.010718993327325484
1977,none,0.02651397997895932
1978,none,0.09546444267330693
1979,none,0.002808345683110837
1980,none,0.02234326215185646
1981,none,0.24899822504811697
1982,unrelated,0.3736153839862707
1983,none,0.022475885974920833
1984,none,0.018346617016467615
1985,none,0.0025407079833005856
1986,none,0.02022165553565837
1987,none,0.0029407046174634564
1988,none,0.0006383475870713104
1989,none,0.009584410096139155
1990,unrelated,0.36661957418976293
1991,unrelated,0.6823350395691713
1992,none,0.016330258226266117
1993,none,0.0017688470976093746
1994,none,0.020775631386126685
1995,none,0.05932664110053483
1996,none,0.02952004595671297
1997,none,0.04149077365092177
1998,none,0.014981594109774565
1999,none,0.0018771564153827406
2000,none,0.00018473316452739745
2001,none,0.011153451539119705
2002,none,0.01405565804970952
2003,none,0.13145573368624283
2004,none,0.014709193000124798
2005,none,0.026657801515514605
2006,none,0.15612168402773816
2007,none,0.0001032494920171075
2008,none,0.00031135180602125237
2009,none,0.013286331764200077
2010,none,0.003068636020225831
2011,none,0.04565620646658046
2012,none,0.012448376753848195
2013,none,0.0034661183254416994
2014,none,0.00014191135025468375
2015,none,0.0029379531986130003
2016,none,6.820756888872965e-05
2017,none,0.020429990539373524
2018,none,0.008841196693415545
2019,none,0.01568813650860679
2020,none,0.6354713373349542
2021,none,0.0006648821593079715
2022,none,0.08414025175019958
2023,unrelated,0.46364944262549945
2024,none,0.08727075131286698
2025,none,0.06052330381406569
2026,none,0.0007418722275012585
2027,none,0.46822739448135137
2028,none,0.04396027303949297
2029,none,0.00025775124165892276
2030,none,0.025210975415751787
2031,none,0.018223599912972056
2032,unrelated,0.5391995775226511
2033,none,0.011003669535958056
2034,none,0.0034250278462668415
2035,none,0.017969999760269292
2036,none,0.010534600214993542
2037,none,0.003437028670637523
2038,none,0.25781621099852653
2039,none,0.12839231026594886
2040,none,0.03077249397032576
2041,none,0.0005758016051087237
2042,none,0.0022413956463756563
2043,none,0.1782700628441199
2044,none,0.0012208915339376656
2045,none,0.019847134325009987
2046,none,0.09532747297017093
2047,none,0.05482031417762383
2048,none,9.529637652206022e-05
2049,none,0.02008466587842475
2050,none,0.04315877642544855
2051,none,0.008906089740741413
2052,none,0.0002416693703138935
2053,none,0.0022217875104535317
2054,none,0.08479816630018049
2055,none,0.0002799749878229974
2056,none,0.17354441416426458
2057,none,0.013947449843319299
2058,none,0.00015399536247305638
2059,none,0.03504044560913284
2060,none,0.22441121769319536
2061,none,0.001392552980936612
2062,none,0.024978197458099954
2063,none,0.014743038961775484
2064,none,3.7286109395841596e-05
2065,unrelated,0.2567483240184365
2066,none,0.0012670373038636967
2067,none,0.00012237209268536894
2068,none,0.05034461845820265
2069,none,0.033884425219996094
2070,none,0.011690350396629698
2071,none,0.04009500923094228
2072,none,0.008085169099027744
2073,none,0.2866689220970324
2074,none,0.00020016316577816398
2075,unrelated,0.23659367010130644
2076,none,0.0015797437580843431
2077,none,0.02746436821278423
2078,none,0.0002603877944566446
2079,none,0.05479270233773199
2080,none,0.04056469148638804
2081,none,0.0005296754566844461
2082,none,0.0020390398710784805
2083,none,0.21078932863617922
2084,none,0.03836379910488738
2085,unrelated,0.7623732407943835
2086,none,0.027801874284807526
2087,none,0.0002642444624903995
2088,none,0.4467517336690047
2089,none,0.017298783153679186
2090,none,0.04216658840804552
2091,none,0.03679751747416307
2092,none,0.01893688708598954
2093,none,0.023050034239761808
2094,none,0.0003198488265268419
2095,none,0.01512833718593801
2096,none,0.18331783819925573
2097,none,0.03795652036762411
2098,none,0.01682923808270951
2099,none,0.06458509359567188
2100,none,0.5366137970124025
2101,none,0.020221104929282748
2102,none,0.026712482083643168
2103,none,0.017357162216111912
2104,none,0.029628260707557644
2105,unrelated,0.7707229731691018
2106,unrelated,0.35720140277742396
2107,none,0.011201237670700184
2108,none,0.009541798116266606
2109,unrelated,0.5618664653292742
2110,none,0.016566906336687722
2111,none,0.005299438755270756
2112,none,0.012938133191672106
2113,none,0.0010289106138545998
2114,none,0.01240138880227134
2115,none,0.012425111405689906
2116,none,0.00046871416858479105
2117,none,0.02678428163294782
2118,none,0.0016034187910157968
2119,none,0.058687468389885575
2120,none,0.019412860668954632
2121,none,0.03225991520479574
2122,none,0.07226525581568378
2123,none,0.5741948750678256
2124,none,0.03885812357422971
2125,none,6.660892363874713e-05
2126,unrelated,0.6789438279354556
2127,none,0.00020912666299832195
2128,unrelated,0.781131725537351
2129,none,0.02299507408921523
2130,none,0.21824319250893431
2131,none,0.007300390791418494
2132,none,0.01763579467196581
2133,none,0.007229207748753233
2134,none,0.2855063492372594
2135,none,0.01564037277664154
2136,none,0.02666711771678162
2137,none,0.00042219802275462526
2138,none,0.15234521063592799
2139,none,0.004125905574024334
2140,none,0.017351998067245734
2141,none,0.0013864878130215132
2142,none,0.0007405285821609432
2143,none,0.0022077346100433503
2144,none,0.008367031338661297
2145,none,0.018111378850856095
2146,none,0.004709361177469304
2147,none,0.025077818424596606
2148,none,0.0502429299509561
2149,none,0.03643530996789315
2150,none,0.000642530867302891
2151,none,0.0829200908796178
2152,none,0.008178935848214754
2153,none,0.01693215458015416
2154,none,0.46212776495984675
2155,none,0.022236038877537334
2156,unrelated,0.424702421712184
2157,unrelated,0.7735374497248653
2158,none,0.012585147709398024
2159,none,0.07166279495452554
2160,none,0.02190160922911613
2161,none,0.00382342785205393
2162,none,0.014923967652666766
2163,none,0.014804821008476915
2164,none,0.0018562074984603393
2165,none,0.0003030342533288282
2166,none,0.17660047985242847
2167,none,0.029733348611623717
2168,none,0.024759668018960335
2169,none,0.0035859319521296617
2170,none,0.022771588206320303
2171,unrelated,0.6669416466608243
2172,none,0.006215330530084329
2173,unrelated,0.31491737255533236
2174,unrelated,0.6595130356688094
2175,none,0.006166280196318804
2176,none,0.0020762736906463027
2177,none,0.0749839296254221
2178,none,0.019500291429145764
2179,none,0.087614051467013
2180,none,0.0004835289833996058
2181,none,0.16524059749067083
2182,none,0.007266774801147192
2183,none,0.0005802378872782863
2184,none,0.000325652931090106
2185,none,9.025496460716975e-05
2186,none,0.28498468558034884
2187,unrelated,0.04303237916719811
2188,none,0.0026895205716200928
2189,none,0.06034602479713484
2190,none,0.0005593641742639701
2191,none,0.0018087485368625666
2192,none,0.001897199212104466
2193,none,0.03158774899965196
2194,none,0.0001690627168786217
2195,none,0.2303830487188173
2196,none,0.0004749718607804923
2197,none,0.07978237035236663
2198,none,0.009161806621904694
2199,none,0.005623641553009064
2200,none,0.0033001607332562044
2201,none,0.07544218961268231
2202,none,0.09242406791569428
2203,none,0.0005383652263021247
2204,none,0.02147454235750573
2205,none,0.034675492493542126
2206,none,0.0058174038993423485
2207,none,0.0002416693703138935
2208,none,0.0002688280437627209
2209,none,0.15310792759061478
2210,none,0.4642589907536903
2211,none,0.39360878805494165
2212,none,0.011122679969776119
2213,none,0.0021133469580089815
2214,none,0.00868456522714378
2215,none,0.5387177986620507
2216,none,0.0015441734867076274
2217,unrelated,0.7010239781084782
2218,none,0.011003787221327985
2219,none,0.024874916722421855
2220,none,0.05552849180018546
2221,none,0.012791591393199537
2222,none,0.00017979643755369388
2223,none,0.012918210246273702
2224,none,0.08770713725965976
2225,none,0.3892896365832712
2226,none,0.14276915553767083
2227,none,0.00014336170916372844
2228,none,0.05352972206762879
2229,none,0.001162218011166737
2230,none,0.10148848407367968
2231,none,0.4140335686359521
2232,none,0.00044455145748445836
2233,none,0.007868559207062125
2234,none,0.012901513802081061
2235,none,0.00019028181338473531
2236,none,0.0024653540666297376
2237,none,0.1550945699246686
2238,none,0.0018801175477597477
2239,none,0.053160744264490106
2240,none,0.00023657289002557543
2241,none,0.0005221557865861179
2242,none,0.00017389556643873313
2243,none,0.17079537469102266
2244,unrelated,0.17014893240789647
2245,none,0.007769177267500999
2246,none,0.019871087855314485
2247,none,6.660892363874713e-05
2248,none,0.03659670117391076
2249,none,0.0018999739163305348
2250,none,0.00690796900637051
2251,none,0.008454501494094241
2252,none,0.010553066436588104
2253,none,0.013204095742451601
2254,none,0.0018552011753812988
2255,none,0.0227160148761333
2256,none,0.0014407212790036078
2257,none,7.544014979235495e-05
2258,none,0.010976165879112432
2259,none,0.00019446212160544485
2260,none,6.660892363874713e-05
2261,none,0.002250642766613701
2262,unrelated,0.42249102476959005
2263,none,0.00111574033304211
2264,none,0.010586952202134497
2265,none,0.05149880838764255
2266,none,0.1920714307191428
2267,none,0.030775756756844793
2268,none,0.07276043546836858
2269,none,0.01924008771287676
2270,unrelated,0.6182926920613481
2271,none,0.003507443578079104
2272,none,0.011782241082040847
2273,none,0.03389484295506624
2274,none,0.0001213840724870053
2275,none,0.00010114115750724822
2276,none,0.0003959301323038524
2277,none,0.12256731892542967
2278,none,0.04482078206955328
2279,none,0.02972482350271249
2280,none,0.00011884924046159038
2281,none,0.4222754184457676
2282,none,0.017006278469527618
2283,none,0.00021219498446278903
2284,none,0.23055493323438075
2285,none,6.660892363874713e-05
2286,unrelated,0.39790532614378743
2287,none,0.013585924898067816
2288,none,5.7280285851714424e-05
2289,none,0.0165608403880987
2290,unrelated,0.7436799114023229
2291,unrelated,0.5619924018439206
2292,none,0.026751080543587255
2293,none,0.008579016641508997
2294,unrelated,0.7519418097658891
2295,none,0.03380459435188181
2296,none,0.017286947558121088
2297,none,0.0016434201839934095
2298,none,0.00298495664485259
2299,none,0.015138191374008871
2300,unrelated,0.5796201858478169
2301,none,0.02545217028930926
2302,none,0.00016962346315341225
2303,none,0.024208571762523726
2304,none,0.009619917158621117
2305,none,0.0004424945925095135
2306,none,0.016797325704443727
2307,none,0.00020485187515343885
2308,none,0.03447490807305896
2309,none,0.0012973622734358062
2310,none,0.015259974151161643
2311,none,0.018541455694776734
2312,none,0.04056795751735386
2313,none,0.013120102722168982
2314,none,0.14608364872951463
2315,none,0.018382364388672193
2316,none,0.00012078882188217444
2317,unrelated,0.4484140136881113
2318,unrelated,0.6947298423377238
2319,none,0.0007074961610644082
2320,none,0.023034767991756844
2321,none,0.07447982178702507
2322,none,0.001454015438753376
2323,none,0.04579523889305351
2324,none,0.21862959366735676
2325,unrelated,0.4513242365887744
2326,none,0.10142532355826837
2327,none,0.00012854689434891364
2328,none,0.028031405469982992
2329,none,0.03485197119703814
2330,none,0.003955241796875846
2331,none,0.3942281069940745
2332,none,0.35287798700641465
2333,none,0.007391994708862164
2334,none,0.0005572465662828608
2335,none,0.0829600266998613
2336,none,0.02914682471838418
2337,none,0.015925724638024722
2338,none,0.16311767481606373
2339,none,0.2816769522400714
2340,none,0.012029802760289617
2341,unrelated,0.5902813617955105
2342,none,0.016169422609251364
2343,none,0.016359871729975602
2344,none,0.04480271792960923
2345,none,0.0334553733867957
2346,none,0.276804364089742
2347,none,0.028631055250772676
2348,unrelated,0.1828854095330919
2349,none,0.029363045911160113
2350,none,0.474610857267206
2351,none,0.0983775892342075
2352,none,0.00016743231498845404
2353,none,0.0038879577163830363
2354,none,0.00015635623657366622
2355,none,0.015223067741274713
2356,none,0.014152149842901978
2357,none,0.008234439965987597
2358,none,0.021571129563459638
2359,none,0.01940543788041819
2360,none,0.0712198241738415
2361,none,0.19169353547103296
2362,none,0.01700104314785019
2363,none,0.021671830211581145
2364,none,0.05067414084925907
2365,none,0.011525080677172646
2366,none,0.057250377252583966
2367,none,0.06518852559337662
2368,none,0.028966306878352353
2369,unrelated,0.7000627065902972
2370,none,0.013074915991678274
2371,none,0.0001690627168786217
2372,none,0.24811227767835325
2373,none,0.0020903349244500978
2374,none,0.033285991979324366
2375,none,0.0023904732826255048
2376,none,0.02247231979905895
2377,none,0.40020429132404234
2378,none,0.01743570356298108
2379,none,0.012599830528304214
2380,none,0.03545276674883455
2381,none,0.024430883523763488
2382,none,0.04215448915949707
2383,none,0.04284759964928013
2384,none,0.04909929538442446
2385,none,0.00018941594118260677
2386,none,0.003066853500035504
2387,none,0.021876390677167637
2388,none,0.024918796475727714
2389,none,0.337902289342116
2390,none,0.02384601301244627
2391,unrelated,0.4276260955379248
2392,none,0.014536932686390246
2393,none,0.2870612201207957
2394,none,0.032369702466434995
2395,none,0.0001552240835901634
2396,none,0.013802259130559933
2397,none,0.00026939297724098683
2398,none,0.02865873071691196
2399,none,0.025144287167150243
2400,unrelated,0.6549533625494797
2401,none,0.0009112317991429751
2402,none,0.0670907413617841
2403,none,0.004505988092652324
2404,unrelated,0.46893914867393116
2405,none,0.0026147225198923816
2406,none,0.00021628623268442812
2407,none,0.14174054968767122
2408,none,0.023829487860764238
2409,none,0.3437171202597882
2410,none,0.024330988066825047
2411,none,0.015552308892698206
2412,none,0.2191467992215438
2413,none,0.000246452593034582
2414,none,0.0002617496915990341
2415,none,0.0352000796544613
2416,unrelated,0.829535144366551
2417,none,0.00029295930862737054
2418,none,0.0038242034842854355
2419,none,0.2142380983198071
2420,none,0.0013115553186855025
2421,none,0.15159842872616222
2422,none,0.00030456265884434895
2423,none,0.2261664311210973
2424,none,0.2883766673442048
2425,unrelated,0.43548748490327077
2426,none,0.11517981886395699
2427,none,0.35001440245019183
2428,none,0.0801147223669676
2429,none,0.04207195616527474
2430,unrelated,0.2809761419021797
2431,none,0.00011595597232206303
2432,none,0.14959211360808022
2433,none,0.022051732361974646
2434,none,0.0017730522494802726
2435,none,0.012105365509106056
2436,none,0.0143382456216831
2437,none,0.11109808982736281
2438,none,0.003960260151678125
2439,none,0.18773276885760593
2440,none,0.3176024020968791
2441,none,0.03450308883504667
2442,none,0.0016806978866489638
2443,none,0.006643546736600851
2444,none,0.15304506055078113
2445,none,0.002352579750135647
2446,none,0.22263861881437694
2447,none,0.04199146972378208
2448,none,0.05444259181747869
2449,none,9.115132483951342e-05
2450,none,0.027812556958692936
2451,none,0.08980869738230009
2452,none,7.931540394370266e-05
2453,none,0.05595436968837894
2454,none,0.05079804092547027
2455,none,0.01722888311803371
2456,none,0.030187120789665237
2457,none,0.1844953633736327
2458,none,0.0016232659345551432
2459,unrelated,0.12771027934572557
2460,none,0.2029850505243207
2461,none,0.014936088960303674
2462,none,0.00018871038125354797
2463,unrelated,0.07259381243758761
2464,none,7.50008778929369e-05
2465,none,0.0001802221977939803
2466,none,0.04869994817010916
2467,none,0.01302592291779982
2468,none,0.013256349458775738
2469,unrelated,0.7328361403960997
2470,none,0.005537404838841798
2471,none,0.1457951765745827
2472,none,6.966773649474653e-05
2473,none,0.13581330038571637
2474,none,0.34435230508636466
2475,none,0.14957120465755908
2476,none,0.041589147619347254
2477,none,0.00978419882230931
2478,none,0.01852250386526775
2479,none,0.0019081268911556593
2480,none,0.000579927113254556
2481,none,0.11797852076764746
2482,none,0.0010840683651654722
2483,none,0.5674576539863879
2484,none,0.0010577911371226097
2485,none,0.051290936101666344
2486,unrelated,0.7035829395580135
2487,none,0.0007344408599486876
2488,none,5.7280285851714424e-05
2489,none,0.02075882349403571
2490,none,0.001092372444582271
2491,none,0.01907100710267524
2492,none,0.07400513151957668
2493,none,0.002336019207364327
2494,none,0.011635091188404216
2495,none,0.0006743884037436151
2496,none,0.00026229636512131006
2497,unrelated,0.18594093895953026
2498,none,0.013345591511602601
2499,none,0.0007716301099292462
2500,none,0.030800612424844283
2501,none,0.0007031423858818045
2502,none,0.0012066113665699174
2503,none,0.00029325162403344624
2504,none,0.14245356096457848
2505,none,0.024963697002383843
2506,none,0.07629730318455648
2507,none,0.02206141167587564
2508,none,0.06734975490228087
2509,unrelated,0.6447413045155791
2510,none,0.001369045307853053
2511,none,0.000999029168577016
2512,none,0.0526406666073124
2513,none,0.00014336170916372844
2514,none,0.015301906371819218
2515,none,0.01103883510814998
2516,none,0.18567219558779752
2517,none,0.00021790664083803804
2518,none,0.013636163284806628
2519,none,0.5759130261569454
2520,none,0.19963089491634392
2521,none,0.0027162102575624906
2522,none,0.026046828849246396
2523,none,0.0010780443290384833
2524,none,0.00042667353438498903
2525,unrelated,0.30981239491118795
2526,none,0.04311040360304012
2527,none,0.03055084164881233
2528,none,0.012356208794529278
2529,none,0.009086160766470034
2530,unrelated,0.7154633534659466
2531,none,0.1638766901015571
2532,none,0.01833685682287349
2533,none,0.014529993308612156
2534,none,0.1814639953239621
2535,none,0.053528152368496534
2536,none,0.06776958971576258
2537,none,0.022209467909651046
2538,none,0.3877368953164638
2539,none,0.5120216937554223
2540,none,0.00012078882188217444
2541,none,7.544014979235495e-05
2542,none,0.012242410803236152
2543,none,0.029566526205589548
2544,none,6.029547794253676e-05
2545,none,0.37424876038982346
2546,none,0.052337855854877165
2547,none,0.020871283012727507
2548,none,0.020340314959767482
2549,none,0.31494055675430704
2550,none,0.0008461715233148465
2551,unrelated,0.2083915115045832
2552,none,0.01662038079741622
2553,unrelated,0.7508739564253686
2554,unrelated,0.3823471969126258
2555,none,0.0626873036666379
2556,none,0.0031542892745625804
2557,none,0.0011075840138100776
2558,none,0.0012309823421973987
2559,none,0.00012854689434891364
2560,none,0.13832193529677647
2561,none,0.004587431749658004
2562,none,0.04398226443813989
2563,unrelated,0.43424231646291395
2564,none,0.016054720350962746
2565,none,0.002424661757710152
2566,none,0.02843733273796101
2567,none,0.4037501526166799
2568,none,0.02146019737264411
2569,none,0.0005218209131413496
2570,none,0.020154362108176626
2571,unrelated,0.6501028436678347
2572,none,0.0033207397507149477
2573,none,0.025229446443323447
2574,none,0.03541146599034569
2575,none,0.039956319301794364
2576,none,0.00332423548299005
2577,none,0.012672701813779205
2578,none,0.027866096654177525
2579,none,0.022654464675708995
2580,none,0.05021220897901043
2581,none,9.025496460716975e-05
2582,none,0.0001328049243831485
2583,none,0.0012982350197389381
2584,none,0.042853243740716
2585,none,0.00031797935437754985
2586,none,0.03232258077732924
2587,none,0.00031980344494066066
2588,none,0.011657936714968406
2589,none,0.5143644317755645
2590,none,0.07160615067152286
2591,none,0.00024400154751064238
2592,none,0.012343605456977548
2593,unrelated,0.5560199548134648
2594,none,0.0032348574150501165
2595,none,0.0002834933391275607
2596,none,0.06188017943133786
2597,none,0.02164862783026143
2598,none,0.0038349670451598
2599,none,0.0013442658264188857
2600,unrelated,0.5777857839777889
2601,none,0.0013110134192546039
2602,none,0.013650572109176003
2603,none,0.01343719229678687
2604,none,0.002590002042735601
2605,none,0.001284921906457382
2606,unrelated,0.4733370403489423
2607,none,0.017445810731090715
2608,none,0.0
2609,unrelated,0.5354965833018054
2610,unrelated,0.532575121269423
2611,none,0.002515029959047806
2612,none,0.015712413249710958
2613,none,0.0004313289678101989
2614,none,0.000535010786842108
2615,none,0.06906139467681659
2616,none,0.007922874357433348
2617,none,0.0003899860250864413
2618,none,0.0014645984241197375
2619,none,0.003507518083895086
2620,none,0.0001645274991998371
2621,none,0.0809383644581455
2622,none,0.00021851412753572414
2623,none,0.011968660952963254
2624,none,0.003533175506514437
2625,none,0.011844721213713409
2626,none,0.11931654465128563
2627,none,0.0004424945925095135
2628,none,0.34637958890098575
2629,none,0.0077795283987435425
2630,none,0.07043471354636643
2631,none,0.0001315688330749894
2632,none,0.0287645039328731
2633,none,0.0047185452258316106
2634,none,0.00022293792422380102
2635,unrelated,0.725272378402871
2636,none,8.103925393569201e-05
2637,none,0.019893525729046554
2638,none,7.931540394370266e-05
2639,none,0.32481775423399895
2640,none,0.3004091392296638
2641,none,0.0001552240835901634
2642,none,0.027981465597370084
2643,none,0.00019446212160544485
2644,unrelated,0.24193034637354371
2645,none,0.028483377907156982
2646,none,0.08620479882772716
2647,none,0.01702373016693852
2648,none,0.0015663181374294519
2649,none,0.12408244066305261
2650,none,0.0003899860250864413
2651,none,0.0005004852834018559
2652,none,0.11631807060356075
2653,none,0.01672224648830374
2654,none,0.2016445360259574
2655,unrelated,0.6051456847156887
2656,none,0.01569731876391343
2657,none,0.016651290939259697
2658,none,0.013057463738745057
2659,none,0.07484533164296199
2660,none,0.002444088354205769
2661,none,0.00031797935437754985
2662,none,0.03936113603775392
2663,none,0.02971607787936075
2664,none,0.0929561021641511
2665,none,0.06585022443089254
2666,unrelated,0.3122859499144191
2667,none,0.0006077800315376813
2668,none,0.008277780088309435
2669,none,0.029051508501295946
2670,none,0.0005454704422200055
2671,none,0.0009313121204281156
2672,unrelated,0.8125381461886566
2673,none,0.0010090879539483536
2674,none,0.05250968083558957
2675,none,0.021838547718675078
2676,none,0.2212733962625398
2677,none,0.03114929336428621
2678,none,0.07600330077907154
2679,unrelated,0.6774909840655822
2680,none,0.013706606075251836
2681,none,0.005767014139141863
2682,none,0.02129720023595609
2683,none,0.0015918791832212672
2684,none,0.03784925232258394
2685,none,0.024514410132731
2686,none,0.03196198783020862
2687,unrelated,0.30718578712276046
2688,none,0.18078699046366092
2689,none,0.00029319637472430217
2690,unrelated,0.6777736629332908
2691,none,0.01793491294664457
2692,none,0.039652307432453945
2693,none,0.0009593253420744096
2694,none,0.03166581472143681
2695,none,0.051547363250334904
2696,none,0.04281179141928858
2697,none,0.08468288074268583
2698,none,0.09862265217746163
2699,none,0.0501642438684146
2700,unrelated,0.5372027621063713
2701,none,0.012752234336028852
2702,none,0.025322922037657666
2703,none,0.019078596397247204
2704,none,0.011758155951906985
2705,none,0.007102279155506663
2706,none,0.013973051253025427
2707,none,0.0006000087883320528
2708,unrelated,0.31583561492961454
2709,none,0.019149098474293035
2710,none,0.06444391969761895
2711,none,0.00039843665639239785
2712,none,0.05048943373407275
2713,none,0.010378471595656137
2714,none,0.021575117222693795
2715,none,0.00018941594118260677
2716,none,0.00013560363669698925
2717,none,0.011903110895604392
2718,unrelated,0.4975063642859178
2719,none,0.0013046880464938932
2720,none,0.08339111284375449
2721,unrelated,0.18158025502274033
2722,unrelated,0.5953948843944504
2723,none,0.03548139931423341
2724,none,0.11914800811861463
2725,none,0.017367633667558738
2726,unrelated,0.5891998782966328
2727,unrelated,0.10092463292069737
2728,none,0.3775812100727638
2729,none,0.15627042246953646
2730,none,0.09334172294049999
2731,unrelated,0.719591449634582
2732,none,0.019956560979195948
2733,none,7.754848430221423e-05
2734,none,0.25268021846818706
2735,none,0.056889726164055084
2736,none,0.02058954686915303
2737,none,0.032197334676988966
2738,none,0.01156737991159356
2739,none,0.014574237067613864
2740,none,0.1425695207765802
2741,none,0.2508041375917652
2742,none,0.02088122820723401
2743,none,0.036544341567181345
2744,none,0.11016746081205361
2745,none,0.6234276594336532
2746,none,0.00029325162403344624
2747,none,0.018295245499665425
2748,none,0.03404629238671684
2749,none,0.033986924119796015
2750,none,0.0010433635470551324
2751,none,0.08469611304271557
2752,none,0.008159375654549253
2753,none,0.0375982092445843
2754,unrelated,0.5551034337152196
2755,none,0.015200292798501555
2756,none,0.00679331383562918
2757,none,0.00012728428625785517
2758,none,0.030226559075973058
2759,none,0.01759163421864052
2760,none,0.07639978415525674
2761,none,0.10936378981002656
2762,none,0.04241016485041727
2763,none,0.0007066337578550164
2764,none,0.014909580716850923
2765,none,0.00441285428212347
2766,none,0.0016037755960939704
2767,none,0.34327330509436604
2768,unrelated,0.7321764914607201
2769,none,0.012756771983563049
2770,unrelated,0.06261762927154622
2771,none,0.0035647024119525757
2772,unrelated,0.5521104988608341
2773,none,0.04203804047446649
2774,unrelated,0.41557156295199726
2775,none,0.0003562144627646931
2776,none,0.0641777811961053
2777,none,0.001594772128203735
2778,none,0.035037062824888186
2779,none,0.012762323889186822
2780,none,0.0083036813645449
2781,none,6.660892363874713e-05
2782,none,0.5412966322273197
2783,none,0.01765685857499479
2784,none,0.009180708461360668
2785,unrelated,0.4590597324057883
2786,none,0.02635929020199676
2787,none,0.023737045758841047
2788,none,0.02158417881441718
2789,none,0.01091136074653522
2790,none,0.00645673323187456
2791,unrelated,0.35993531623003455
2792,none,1.1544011544011544e-05
2793,unrelated,0.2830161434973118
2794,none,0.08914430784836477
2795,none,0.03752218004855772
2796,none,0.0017737721680297672
2797,unrelated,0.13135116536710664
2798,none,0.0007647732927387372
2799,none,0.10785157008817838
2800,none,0.0
2801,none,0.014486042937549697
2802,none,0.0005327028983960321
2803,none,0.31616532558589594
2804,none,0.00014336170916372844
2805,none,0.05822442890826956
2806,none,0.002227442120107754
2807,none,0.0006149732973897431
2808,none,0.28660292939442056
2809,none,0.0019329434365540654
2810,none,0.00031651509258715573
2811,none,0.0005634281479817003
2812,none,0.005244043275555924
2813,none,0.00035887147757209003
2814,none,0.0015616531028572647
2815,none,0.0001498933878051393
2816,none,0.030141209631938257
2817,none,0.0007886934430556068
2818,none,0.31974134645315044
2819,unrelated,0.2230579658601566
2820,none,0.26077380499223385
2821,none,0.005776622818249271
2822,unrelated,0.6306189290771593
2823,none,0.09481410851024727
2824,none,0.09172538437868781
2825,none,0.46319933847008776
2826,none,0.072464848293982
2827,unrelated,0.4703650980074841
2828,none,0.037250983921545903
2829,none,0.005476307501904335
2830,none,0.0010545903629326492
2831,none,0.04217911547366754
2832,none,0.012448177972519434
2833,unrelated,0.05337609924981353
2834,none,0.00022734502200937216
2835,none,0.18897969859819994
2836,none,0.025640114484657243
2837,none,0.19492022850964502
2838,none,0.0197561023108827
2839,none,0.039085899000536474
2840,none,0.38463515980467483
2841,none,0.1537673199976366
2842,none,0.6564209296684494
2843,none,0.012612269147243544
2844,none,0.016488184484088675
2845,none,0.0008484602858537323
2846,none,0.05998833557532948
2847,unrelated,0.4873279983539796
2848,none,0.039487146456300574
2849,none,0.003937152927119842
2850,none,0.04203456718407705
2851,none,0.0003826189042061484
2852,none,0.45814340324822794
2853,none,0.006441583457507835
2854,none,0.00020046511277373738
2855,none,0.009374257798636017
2856,none,0.01241554730390678
2857,none,0.035806202206735215
2858,none,0.0200054486202686
2859,none,0.002659239708664472
2860,none,0.026213194963007672
2861,none,0.05387942058302866
2862,none,0.0006248462281585775
2863,none,0.011378320667641202
2864,none,0.007889228593696519
2865,none,0.0009104737857946635
2866,none,0.2279700839762506
2867,none,0.018196179888270797
2868,none,0.2627730665546514
2869,none,0.03405332809652439
2870,unrelated,0.5392393612118082
2871,unrelated,0.4985658292151525
2872,none,0.025111224651543994
2873,unrelated,0.6632046739718773
2874,none,0.06313062141362444
2875,none,0.05191468765074767
2876,none,0.00018941594118260677
2877,none,0.00017003889840497825
2878,none,0.20860335332418672
2879,none,0.03613952694150793
2880,none,0.10048290203102245
2881,none,0.02371900448660682
2882,none,0.10601714022590347
2883,none,0.01863944949899187
2884,none,0.014618630660176596
2885,none,0.03453357566956085
2886,none,0.42030848665555054
2887,none,0.042307829715885356
2888,none,0.07439313867413402
2889,none,0.07452631961046043
2890,none,0.47752688725705567
2891,none,0.025112615906978143
2892,unrelated,0.32360096651606823
2893,none,0.012486860994605144
2894,none,0.0008300465102753273
2895,none,0.00017864813905848286
2896,none,0.0809766732949643
2897,unrelated,0.763080792111731
2898,unrelated,0.7125956648624426
2899,none,0.027958569741438493
2900,none,0.014369405870563123
2901,unrelated,0.5800740768627445
2902,none,0.005580780861232273
2903,none,0.01694523821956804
2904,none,0.00019835377448134209
2905,none,0.01211678769570743
2906,none,0.0006333797338616834
2907,unrelated,0.15685407492682832
2908,none,0.011943077296020349
2909,none,0.0057134824078544115
2910,unrelated,0.42844057312541417
2911,none,0.0012015884250198535
2912,none,0.0028806024368103113
2913,none,0.034455404051914496
2914,none,0.062498896514754244
2915,none,0.023483620465691416
2916,unrelated,0.6565130317785016
2917,none,0.07330472312190335
2918,unrelated,0.22909775307441077
2919,none,6.660892363874713e-05
2920,none,0.07936548647345268
2921,unrelated,0.6734008535312008
2922,none,0.0403843763152416
2923,none,0.0211141809539974
2924,none,0.013498587877912131
2925,none,0.05525681114137017
2926,unrelated,0.19569851440177974
2927,none,0.0005568786429359216
2928,unrelated,0.4551174541398044
2929,unrelated,0.3253654883329186
2930,unrelated,0.6056154000160127
2931,none,0.02838683922623205
2932,unrelated,0.402401915449439
2933,none,0.1385860363307987
2934,none,0.1466310720160187
2935,none,9.025496460716975e-05
2936,unrelated,0.6724503303825189
2937,none,0.00025357185733029607
2938,none,0.07563122354829989
2939,none,0.00019446212160544485
2940,none,0.012143460266904429
2941,unrelated,0.3688785036811039
2942,none,0.0021790605415545694
2943,none,0.08564960441645765
2944,none,0.0
2945,none,0.008382789574416542
2946,none,0.03339600349549375
2947,unrelated,0.39232134257444756
2948,none,0.016819739186547354
2949,none,0.5617185589880613
2950,none,0.16716258659921365
2951,none,0.00018941594118260677
2952,none,0.0021968249883923168
2953,none,0.018722308694010578
2954,none,0.04547143162827349
2955,none,0.0002416693703138935
2956,none,0.00020016316577816398
2957,none,0.02064785689267173
2958,none,0.0004124008884200739
2959,none,0.11988898289644487
2960,none,0.1659534240812453
2961,none,0.001764382844862372
2962,none,0.07237275884570868
2963,none,0.0069729471598109815
2964,none,0.010126817116533229
2965,none,0.005186585291184393
2966,none,0.013205700059471219
2967,none,0.0007006802239380597
2968,none,0.0008444512465763715
2969,unrelated,0.4223989544608538
2970,none,0.02936101265458771
2971,none,0.011941958713044811
2972,none,0.21587505984788616
2973,none,0.43965966172565785
2974,none,0.17274535003578464
2975,none,0.00223815065894396
2976,none,0.00021307981630869818
2977,none,0.010158818945380111
2978,none,0.0012533444955664117
2979,none,0.014491614060792189
2980,none,0.00014911743378019144
2981,none,0.0002416693703138935
2982,none,0.10368765797795522
2983,none,0.0010928020177818963
2984,unrelated,0.8624648488805547
2985,none,0.020780545695296936
2986,none,0.258156215375651
2987,none,0.005377267327252114
2988,none,0.010653508142885704
2989,none,0.010942962730332094
2990,unrelated,0.6560478849350493
2991,none,0.015411737342035657
2992,none,0.0006379877921392997
2993,unrelated,0.4736572335264632
2994,none,0.036971053174825984
2995,none,0.11894170707022983
2996,none,0.07421620157053228
2997,none,0.046734676138862064
2998,none,0.032280814307657904
2999,none,0.00020016316577816398
3000,none,0.0002619871671232514
3001,none,0.0003899860250864413
3002,none,0.0005592587793473649
3003,none,0.5287659182909246
3004,none,0.005263575776307991
3005,none,0.008496619285544316
3006,none,0.10830339721588392
3007,none,0.07621519749216427
3008,none,0.019869284524793203
3009,none,0.004797544685649684
3010,none,0.003337781971738238
3011,none,0.01548575104990821
3012,none,0.06631600009102855
3013,unrelated,0.5939659151890142
3014,none,0.08288198031353732
3015,none,0.0002654389236371659
3016,none,0.0008782403878318389
3017,none,0.016087626064959983
3018,none,0.015418279954279024
3019,none,0.01908216317872347
3020,none,0.029451052969637792
3021,none,0.11688386023019369
3022,none,0.05591897686719488
3023,none,0.0002504970118863231
3024,unrelated,0.5974922134837567
3025,none,0.05429256733120709
3026,none,8.286818866610946e-05
3027,none,0.005257378040406004
3028,none,0.017030219564128427
3029,none,0.02158242632165354
3030,none,0.000747199411329174
3031,none,0.0006149732973897431
3032,none,0.1522747885324628
3033,none,0.02966207027220964
3034,none,0.011539238946222054
3035,none,0.32479924281403144
3036,none,0.022093669178587568
3037,none,0.05032212696006006
3038,none,0.019057834891293996
3039,none,0.0008920796033289632
3040,none,0.04616429859333161
3041,unrelated,0.2520390409930513
3042,unrelated,0.5237686643087042
3043,none,0.0033835973585083956
3044,none,0.0008184113058387414
3045,none,0.006533808138706167
3046,none,0.015686526750008627
3047,none,0.000510589721631998
3048,none,0.038656662944735236
3049,none,0.10213776081474421
3050,unrelated,0.586586670630008
3051,none,0.00014336170916372844
3052,none,0.015821845683187726
3053,none,0.01129536479086204
3054,unrelated,0.3232769747141279
3055,none,0.057085470580313116
3056,none,0.011383354375367034
3057,none,0.05309440643657855
3058,none,0.0001552240835901634
3059,none,0.22776019761002303
3060,none,0.05792642616284008
3061,none,0.019493983069058397
3062,none,0.013884521148153616
3063,none,0.0011277538486346957
3064,none,0.02139147845380789
3065,unrelated,0.5620915015872633
3066,none,0.01695899791551291
3067,none,0.027327698411657022
3068,none,0.012762948066561884
3069,none,0.011790793249728124
3070,none,0.0007430258543073825
3071,none,0.014128425764489881
3072,none,0.0012321415193382137
3073,none,0.0016928068303999008
3074,unrelated,0.7132987293469353
3075,none,0.031856423082548185
3076,none,0.007550763332740275
3077,none,0.08457885585454182
3078,none,0.006672804200354257
3079,unrelated,0.4993223533694751
3080,none,0.0096269949936653
3081,none,0.030213798282674093
3082,none,0.12567873556537423
3083,none,0.2915501754054205
3084,unrelated,0.4806509653666642
3085,none,0.501018122329019
3086,none,0.00012854689434891364
3087,none,0.05774910360884313
3088,none,0.018894049677118413
3089,none,0.0636850948474005
3090,none,0.023808258140449935
3091,none,0.09733005367276684
3092,none,0.01711823981521546
3093,none,0.08549252533806768
3094,unrelated,0.4813139080341089
3095,none,0.015808397758353073
3096,none,0.0
3097,none,0.05944278304502307
3098,none,0.01425989886640733
3099,none,0.08781116750543268
3100,none,0.019311553000330096
3101,none,7.931540394370266e-05
3102,none,0.0777632255004059
3103,none,0.018678387157157753
3104,none,0.0007127290480799803
3105,none,7.544014979235495e-05
3106,none,0.0165071125630569
3107,none,0.0007335818603424854
3108,none,0.10083817543258128
3109,none,0.015983468581719243
3110,none,0.456521720416993
3111,none,0.001686795266018436
3112,none,0.017804292866156497
3113,unrelated,0.41131886683558005
3114,none,0.012826212601180881
3115,none,0.040084412045365586
3116,none,0.015770156236834802
3117,none,0.177885678426709
3118,none,0.014693557783862506
3119,none,0.018357271558176732
3120,none,0.01669759232785105
3121,none,0.07775485122085535
3122,none,0.00012854689434891364
3123,none,0.0017049148402630784
3124,none,0.1310985712617784
3125,none,0.11359532260765708
3126,none,0.2810351563668909
3127,none,0.02008210881120945
3128,none,0.04361529610861328
3129,unrelated,0.656702483036147
3130,unrelated,0.582856647812434
3131,none,0.0017786555055534629
3132,none,0.05592112929552644
3133,none,7.931540394370266e-05
3134,none,0.16813380064992367
3135,none,0.0020514577186470625
3136,none,0.05079169842946105
3137,none,0.014351117002096394
3138,none,0.00012364455143921358
3139,unrelated,0.5076265823566132
3140,none,0.0064329767837915785
3141,none,0.0008940248159725096
3142,none,7.931540394370266e-05
3143,none,0.006261685150308056
3144,none,0.0002422160438361695
3145,none,0.003884904544749766
3146,none,0.00019028181338473531
3147,none,0.23329767678963506
3148,none,0.001978634381017178
3149,none,0.24663367930974064
3150,none,0.0233553359833595
3151,none,0.015387353189410598
3152,none,0.05102613868042752
3153,none,0.00024400154751064238
3154,none,0.059193750226815285
3155,none,0.04714906919232307
3156,unrelated,0.501986734242006
3157,none,0.00013649999692933292
3158,none,0.0001158404140439581
3159,none,0.0003253290529962504
3160,none,0.0466736302144661
3161,unrelated,0.6784802838806929
3162,unrelated,0.26699609758389675
3163,none,0.013693526418214974
3164,none,0.00025242941221839075
3165,none,0.01869217347018639
3166,none,0.0325416510668292
3167,none,0.029525832351978445
3168,none,0.012120739565484562
3169,none,0.011060160403200564
3170,none,0.01375227036008702
3171,none,7.754848430221423e-05
3172,none,0.3509042770486972
3173,none,0.010330149187761008
3174,none,0.005281995590209675
3175,none,0.0005551530066950148
3176,none,0.007511389879142111
3177,none,0.2043007830767868
3178,none,0.00011609698373026391
3179,none,0.11500260864806483
3180,none,0.0007165800092815475
3181,unrelated,0.5360793540770002
3182,none,0.09866621103488918
3183,none,0.11048996489925483
3184,none,0.010800672631568033
3185,none,0.0006588399782913748
3186,none,0.00010763662188292895
3187,none,0.02604671391222436
3188,none,0.00038073266991079
3189,none,0.010578163366899549
3190,none,0.22029528892856567
3191,unrelated,0.5455883366788337
3192,none,0.00110230502871849
3193,unrelated,0.5518065091806573
3194,none,0.01651854234447184
3195,none,0.05276985026978892
3196,none,9.025496460716975e-05
3197,none,0.010606905942382571
3198,none,0.014940828879237457
3199,none,0.34016829439545104
3200,none,0.014673772866565873
3201,none,0.05576760184203092
3202,none,0.002029268019232524
3203,none,0.0005077226114368934
3204,none,0.2202272443345933
3205,none,0.11722188959619896
3206,none,0.014113200507890014
3207,none,0.0019871558683575456
3208,unrelated,0.6338508204708319
3209,none,0.6321730889337757
3210,none,0.10741296088682514
3211,none,0.0878995971779875
3212,none,0.05857933620885237
3213,none,0.024196469693427106
3214,none,0.0026861579540589224
3215,none,0.6284276421938728
3216,none,0.0003885885228046371
3217,none,0.042881383687467516
3218,unrelated,0.3735715488617163
3219,none,0.061656017681761446
3220,none,0.00013560363669698925
3221,none,0.016058030855777894
3222,none,6.660892363874713e-05
3223,none,0.004755040828371894
3224,none,0.0006707287346718614
3225,none,0.012939727879918239
3226,unrelated,0.6737509357650323
3227,none,0.014913075387803319
3228,none,0.00032246866996599074
3229,none,0.02047081570871269
3230,none,0.02391297995235371
3231,none,0.44166579935234784
3232,none,0.012874016574466428
3233,unrelated,0.25511221582939747
3234,unrelated,0.6006762414398835
3235,none,0.027989618478469803
3236,none,0.05908714935936116
3237,unrelated,0.7600542644698147
3238,none,0.08676477963899767
3239,none,0.02174726487323285
3240,none,0.015790764977119075
3241,none,0.0395436449050703
3242,none,6.660892363874713e-05
3243,none,0.0005487082080025114
3244,none,0.12474575568856419
3245,none,0.13101712882631505
3246,none,0.0035363750541227788
3247,none,0.23834041144965365
3248,none,0.062089155460421035
3249,none,0.000834408477950178
3250,none,0.2646683051014985
3251,unrelated,0.691408403691325
3252,none,0.024701620856318548
3253,none,0.0005323952509522358
3254,none,0.04186241054703785
3255,unrelated,0.29464617394841114
3256,none,0.0001817386143135311
3257,none,0.05922453770241317
3258,none,0.0009112317991429751
3259,none,0.6067023454610844
3260,none,0.0028680358223054214
3261,none,0.06068436976809389
3262,none,0.011964394501590803
3263,none,0.027255930850548477
3264,unrelated,0.6369483840931792
3265,none,0.0010536684086880751
3266,none,0.00024400154751064238
3267,none,0.3104180105244817
3268,none,0.03982644865635122
3269,none,0.0023262410733836713
3270,none,0.1448242068909015
3271,none,0.02319610598766826
3272,none,0.2229962518736897
3273,unrelated,0.5981195296081206
3274,none,0.0005993207861846077
3275,none,0.0005091144328363942
3276,none,0.02882657261373138
3277,none,0.14272912914987837
3278,none,0.016224096192613197
3279,none,0.002300313952670776
3280,none,3.1957930502163425e-05
3281,none,0.017801672859168716
3282,none,0.00047106669568975067
3283,unrelated,0.6013990603022896
3284,none,0.07521210516630714
3285,none,0.0027991299014889044
3286,none,0.0007406268134612534
3287,none,0.01828821501738721
3288,none,0.1692558592613821
3289,none,0.09776523391430757
3290,none,0.01907795444773116
3291,none,0.0342314609613899
3292,none,0.007369549970896521
3293,none,0.0009470503657882117
3294,none,0.01567553473219757
3295,none,0.07117168638989653
3296,none,0.0249175377706452
3297,none,0.037561541473348975
3298,none,0.14964716546420886
3299,none,0.023064082679070706
3300,none,0.02167049020644202
3301,none,0.3097680953924666
3302,none,0.017019908133879054
3303,none,0.0260034151217628
3304,none,0.014158362520111569
3305,none,0.024058507466573436
3306,none,7.931540394370266e-05
3307,none,0.10092436142971163
3308,none,0.001340854553818315
3309,none,0.1661666438373092
3310,none,0.03980129576428095
3311,none,0.041393577058955876
3312,none,0.12561539898559496
3313,none,0.00042219802275462526
3314,none,0.1801752680742327
3315,none,0.0002021224214875623
3316,none,0.0009111159206619326
3317,none,0.011997116535004137
3318,unrelated,0.5939716202381976
3319,unrelated,0.6514749007402538
3320,none,0.0007868322894694864
3321,none,0.00014336170916372844
3322,none,0.04368129209845028
3323,none,0.035554734162352525
3324,none,0.3187334334968934
3325,none,0.515972847498544
3326,none,0.01676505799235476
3327,none,0.0011087419894586234
3328,none,0.00012434682869465479
3329,none,0.06355193705705302
3330,none,0.054006054884188234
3331,unrelated,0.606179274984903
3332,none,0.016624949593832622
3333,none,0.01118939470375349
3334,none,0.0008848031712936806
3335,none,0.12840541776778502
3336,none,0.0021592913706236986
3337,none,0.00010114115750724822
3338,none,0.0006244777210104658
3339,none,0.01839626531160164
3340,none,0.15237121979002233
3341,none,0.0164935009509292
3342,none,0.0790629548628002
3343,none,0.02204908274899675
3344,none,0.009936450213722268
3345,none,0.029332432758612813
3346,none,0.4910576419626285
3347,none,0.1370179596856082
3348,none,0.0002898100360098166
3349,unrelated,0.6390274089595525
3350,none,0.012814011359143486
3351,none,0.0001328049243831485
3352,none,0.03777426325616856
3353,none,0.15944537762574457
3354,none,0.0013134809510302855
3355,none,0.08166443627715615
3356,none,0.0005104874432880718
3357,none,0.031236012946489332
3358,none,0.02075327096207394
3359,none,0.029866834731244327
3360,none,0.02361491204475241
3361,none,0.0018971378546824404
3362,none,7.931540394370266e-05
3363,none,0.011652743830124405
3364,none,0.2768531878041504
3365,none,0.02070110493880511
3366,none,0.00027045772196387826
3367,none,0.030796374650694753
3368,none,0.1357024643081424
3369,none,0.02027452237752182
3370,none,0.015128067738019994
3371,none,0.03667349582396022
3372,none,0.0009226872328361537
3373,none,0.0011306555133511584
3374,none,0.03896700286379867
3375,none,0.0023273716566528635
3376,none,5.459625382164752e-05
3377,none,7.931540394370266e-05
3378,none,0.025882390645718022
3379,none,0.0006270559745271405
3380,none,0.03403866531304498
3381,none,0.04068943163313188
3382,unrelated,0.5579015855929351
3383,none,0.014466107419323653
3384,none,0.03492554789698724
3385,none,0.15026238648921011
3386,none,0.26062900500978436
3387,none,0.031238468337013808
3388,none,0.09425228494726942
3389,none,0.14846787048050383
3390,none,0.1196930176217706
3391,unrelated,0.5052738085992119
3392,none,0.015306841450685116
3393,unrelated,0.44916291244336287
3394,none,0.022274217575443025
3395,none,0.12009729631399586
3396,none,0.0012200213920903417
3397,none,0.00034858549354420995
3398,unrelated,0.5364529504620017
3399,none,0.014359321497326978
3400,unrelated,0.6840412158821629
3401,none,0.00013560363669698925
3402,none,0.0003527001910028077
3403,unrelated,0.6511104596985205
3404,none,0.0009216493613746399
3405,none,0.00025791807095206214
3406,none,0.00027045772196387826
3407,none,0.0001908948029540837
3408,none,0.002529637817291127
3409,none,0.0005462140416280489
3410,none,0.0022159106639996788
3411,none,0.20259427093276067
3412,none,0.0015267522480022005
3413,none,0.27342957097448034
3414,none,0.037163643983395896
3415,none,0.0006685049118774667
3416,none,0.06776555394322054
3417,none,0.09115995137876974
3418,none,0.3251200306304667
3419,none,0.00016360462414348554
3420,none,0.0017282788168152274
3421,none,0.022075059027623852
3422,none,0.038935046472175786
3423,none,0.00018509986820710634
3424,none,0.0011662997380194043
3425,none,0.018058461525937083
3426,none,0.07904053212774723
3427,none,0.18361374715438894
3428,none,0.013221745454500842
3429,unrelated,0.5389186788016572
3430,none,0.027757832041457098
3431,none,0.0250506960797369
3432,none,0.09815334891249282
3433,none,0.00012596430158797402
3434,none,0.0003899860250864413
3435,none,0.0028039125133775466
3436,none,0.03953751999662555
3437,none,0.0003229701833220236
3438,none,0.06896629587250522
3439,none,0.00016540738297916545
3440,none,0.015494372543157322
3441,none,0.006260697630661825
3442,unrelated,0.2595957292631513
3443,none,0.003000822175783922
3444,none,0.06611419580778573
3445,none,0.000969371334026696
3446,none,0.00020912666299832195
3447,none,0.0003891274485473041
3448,none,0.00013413965836326085
3449,none,0.09690417438330327
3450,unrelated,0.5654406532112278
3451,unrelated,0.7218556603426849
3452,unrelated,0.6071206200999666
3453,none,0.0011698399392445623
3454,none,0.019974028336921502
3455,none,0.13881193498445973
3456,none,0.0483724912236652
3457,none,0.00013560363669698925
3458,none,0.005863112249870596
3459,none,0.034986913743623956
3460,unrelated,0.7575852755775956
3461,none,0.0002886201086076334
3462,unrelated,0.5864639995727454
3463,none,0.013363904074060346
3464,none,0.12903895064324047
3465,none,0.00042666825481686195
3466,none,0.07228377745087794
3467,unrelated,0.6894252895780294
3468,none,0.01868704414119182
3469,none,0.09348568177479458
3470,none,0.07363906324271136
3471,none,0.019086979994883287
3472,none,0.2643103924385727
3473,none,0.0006025336499732758
3474,none,0.0012816420722335836
3475,none,0.047230234797341834
3476,none,0.00013560363669698925
3477,none,0.013624938204395715
3478,none,0.0238525942514707
3479,none,0.025529025305554634
3480,none,0.03868620273820675
3481,unrelated,0.5370672005485203
3482,none,0.05402984166095766
3483,none,0.08172686336491354
3484,none,0.004631612392914923
3485,none,0.01297740603846953
3486,none,0.03011518995901523
3487,none,0.0008874928993192423
3488,none,0.00020193373161076324
3489,none,0.00039447394112905517
3490,none,0.03929631696744301
3491,none,0.08069354428581642
3492,none,0.0013776600876618192
3493,none,0.029683535078183793
3494,none,0.04300834698242621
3495,none,0.03690588275788372
3496,none,0.00034557418577629823
3497,none,0.0005190186715547113
3498,none,0.05415725592552625
3499,none,0.03047617591551375
3500,none,0.013171250086393993
3501,none,0.03807744837660126
3502,unrelated,0.24745243145934714
3503,none,7.544014979235495e-05
3504,unrelated,0.6322765752959859
3505,none,0.23039207641250928
3506,none,0.06774744247142973
3507,none,0.017422374875207813
3508,none,0.00040856355606087684
3509,none,0.013732994139417243
3510,none,0.0009553006637301512
3511,none,0.010456936402506278
3512,none,0.0036182073617863964
3513,none,0.037743666193198105
3514,none,0.0002416693703138935
3515,none,0.0002598398194938289
3516,none,0.02821392234031947
3517,none,0.00017389556643873313
3518,none,0.02676168989838426
3519,none,0.02887234223567613
3520,none,0.4266885042653278
3521,none,0.5309967156541717
3522,unrelated,0.5325801542847249
3523,none,0.015222879802838797
3524,none,0.23300824781064297
3525,unrelated,0.6991282463788495
3526,none,0.0022069896624784067
3527,none,6.660892363874713e-05
3528,none,0.08318533082650506
3529,none,0.011823957655766992
3530,none,0.0001943956267246595
3531,none,0.00016523562911324098
3532,none,0.01280071054923405
3533,none,0.039268904793221225
3534,none,0.0004481255599701622
3535,none,0.045555274413698194
3536,none,0.20482649883193305
3537,none,0.152913479776019
3538,none,0.0001315688330749894
3539,none,0.030662900543088543
3540,none,0.0012851227564810292
3541,none,0.023078947670923035
3542,none,0.0014360790052731019
3543,none,0.05669621954544937
3544,none,0.10057282541625931
3545,none,0.12448784696466317
3546,unrelated,0.4322417168976011
3547,none,0.4396332330570553
3548,none,0.04735191338225071
3549,none,0.023887884651626633
3550,none,0.4264563305540757
3551,none,0.02289235290434393
3552,none,0.15879235716063117
3553,none,0.017439790163034
3554,none,0.08031448573890082
3555,none,0.022779911029420723
3556,none,0.040455965090811646
3557,none,7.931540394370266e-05
3558,none,0.0006739772303229559
3559,none,0.01866151000494895
3560,none,0.010045480663127722
3561,none,0.005433227624609686
3562,none,0.0002920229029163391
3563,unrelated,0.43495528573259534
3564,none,0.09528278118209434
3565,none,0.02072170795760155
3566,none,0.013052785254797536
3567,unrelated,0.7308836303923774
3568,none,0.025732027418358915
3569,none,0.5952628433009588
3570,none,0.05487942951458361
3571,none,0.07952629690957419
3572,none,0.01814877009064128
3573,none,0.01947341893941358
3574,none,0.00017440928143120824
3575,unrelated,0.5621678285249182
3576,unrelated,0.5655026742971423
3577,none,0.08369397214567392
3578,none,0.0002573032144498663
3579,none,0.09812357367259378
3580,none,0.0007666121759815446
3581,none,0.02395110240540834
3582,none,0.001834707322242008
3583,none,0.12422716606543627
3584,none,0.02387228563893213
3585,none,0.030081598559030382
3586,none,0.025327448513237406
3587,none,0.0001632794789979023
3588,none,0.0006256602927148301
3589,none,0.00020016316577816398
3590,none,0.3192415921819587
3591,none,0.018862825698192285
3592,none,0.05678883596672932
3593,none,0.021772287990399545
3594,none,0.03394496998148044
3595,none,0.0015320816970174026
3596,none,0.035852254633544425
3597,none,0.015048520448784528
3598,none,0.0003063325027069683
3599,none,0.0011840037046475093
3600,none,0.019961565098899868
3601,none,0.02824828745276215
3602,none,0.0001261200111799883
3603,none,0.005643161406006719
3604,none,0.00130229686485685
3605,none,0.0004978899216475715
3606,none,0.05693574655550449
3607,none,0.2922265318322527
3608,none,0.008231948175780674
3609,none,0.022839062044437943
3610,none,0.0012285605949705575
3611,none,0.011949787929376001
3612,none,0.035333093207005194
3613,none,0.010573967453665463
3614,none,0.0008409694995054037
3615,none,0.004990273407772502
3616,none,0.06090739453897223
3617,none,0.013197862044128473
3618,none,0.000630529628980753
3619,none,0.019636883613658472
3620,none,9.025496460716975e-05
3621,unrelated,0.3969006428349179
3622,none,0.0008562573285356032
3623,none,0.01970465143945123
3624,none,0.03555301844050896
3625,none,0.1091812448626809
3626,unrelated,0.44380804461741746
3627,none,0.0016292132608427235
3628,none,0.0031990286319616467
3629,none,0.010762590791311678
3630,none,0.09221256330130241
3631,none,0.4776810705334902
3632,unrelated,0.5681774733734476
3633,none,0.0011762403927741423
3634,none,0.011718808557924905
3635,none,0.07068165798751784
3636,none,0.02910513597740039
3637,none,0.09880833276993363
3638,none,0.010344512917010194
3639,none,0.03855949201501742
3640,none,0.09679054307377616
3641,none,0.0746303012716098
3642,none,0.016922719659681968
3643,none,0.004790241450845359
3644,none,0.0015138237287735503
3645,none,0.06740999237492545
3646,none,0.22379042593103052
3647,none,0.004026179822049841
3648,none,0.02479063449797338
3649,none,0.00016920372828682257
3650,none,0.02265022509713452
3651,none,0.021797395022973377
3652,none,0.00024014487947688755
3653,none,0.0001261200111799883
3654,none,0.010282795109896914
3655,none,0.03572660438752623
3656,none,0.02073238627306194
3657,none,0.005498465165866987
3658,none,0.24894752351418176
3659,none,0.034622107712238386
3660,none,0.003309929289805501
3661,none,0.06550114368583304
3662,none,0.00012854689434891364
3663,none,0.0009829472972319867
3664,none,0.00026229636512131006
3665,none,0.004089175625086522
3666,none,0.09955495359332592
3667,none,0.0003226635649018479
3668,none,0.0715060462975012
3669,none,0.001859691819827341
3670,none,0.027884144294027347
3671,none,0.026896823476547788
3672,none,0.34844326613279414
3673,unrelated,0.704003841671933
3674,none,0.0009195938976588329
3675,unrelated,0.6036433335951162
3676,none,0.013843499518861326
3677,none,0.0004080339712419722
3678,none,0.31889856358135127
3679,none,0.0075350006224679175
3680,none,0.014727597852531978
3681,none,0.017610196927864512
3682,none,0.011349716442175369
3683,unrelated,0.43060497682711085
3684,none,0.0010078200315714108
3685,none,0.06688043628074453
3686,none,0.1625946085339743
3687,none,0.0001012821689154491
3688,unrelated,0.7931586731759502
3689,none,0.4156131383551561
3690,none,0.0178539912499285
3691,none,0.00023505246066256847
3692,none,0.017364515407922734
3693,none,0.00026450160779656877
3694,none,0.012481330890818643
3695,none,0.0005871156960223601
3696,none,0.0012244189020557735
3697,none,0.0005349609372891237
3698,none,0.012461807707047688
3699,none,0.019388456588021383
3700,none,6.660892363874713e-05
3701,none,0.011919203994633564
3702,unrelated,0.4845404653079756
3703,unrelated,0.1642765132898348
3704,none,0.1588579402062838
3705,none,0.03870008002000475
3706,none,0.13285836447749738
3707,none,0.025240667930351263
3708,none,0.00030646316121312763
3709,none,0.0010557377626985642
3710,none,0.018862106702749896
3711,none,0.0010159475570790182
3712,none,0.045156099913418214
3713,none,0.030809086320211895
3714,none,0.004908096732365247
3715,none,0.021891528769914292
3716,none,0.2005051198860959
3717,none,0.0005750993148429209
3718,none,0.00036952256828059115
3719,none,0.04358665209245875
3720,none,0.00037346102282047306
3721,none,0.012362385780194258
3722,none,0.03226844843527575
3723,none,0.01302252152970214
3724,none,0.004846344046147918
3725,none,0.5518722494440312
3726,none,0.0007237055604430674
3727,none,0.0426551537164938
3728,unrelated,0.6107289993116674
3729,none,0.0009914841157255899
3730,none,0.0001158404140439581
3731,none,0.00015584655167674634
3732,none,0.0011745441894985076
3733,none,0.06486192437527426
3734,unrelated,0.57970091306103
3735,none,0.010797281638400378
3736,none,0.0015111415907516224
3737,none,0.031992423873996007
3738,none,0.0007782133587566444
3739,none,0.05204454386975202
3740,none,0.006180405175628346
3741,unrelated,0.6896074193264006
3742,none,0.03876442699757297
3743,none,0.10278777218128518
3744,none,0.004349501993893287
3745,none,0.00035990343191072714
3746,none,0.11930417944301333
3747,none,0.05868016413976668
3748,none,0.0006484173843007781
3749,none,7.544014979235495e-05
3750,none,0.016740214708923732
3751,none,0.017873071114480298
3752,none,0.00015249407105770985
3753,none,0.06097400790163864
3754,none,0.0001802221977939803
3755,none,0.0007633211815694618
3756,none,0.015385951308022014
3757,none,0.003303264699468829
3758,none,0.06078253272944073
3759,none,0.001995403060892613
3760,none,8.016032064128256e-05
3761,none,0.007125759415846648
3762,none,0.02226418223054515
3763,none,0.038531308030857664
3764,none,0.06918795211553676
3765,none,0.029295937852702358
3766,none,0.0037068904618812394
3767,none,0.3500565547718751
3768,none,0.00021775431794672704
3769,unrelated,0.5440433501471119
3770,none,0.018945676199362507
3771,none,0.03875388650192928
3772,none,0.0013782260914088269
3773,none,0.023884704136034465
3774,none,0.00018871038125354797
3775,none,0.0005667066932748565
3776,none,0.0006171965148342683
3777,none,0.0182593568685485
3778,none,0.013677217338828884
3779,none,0.0007374670255422742
3780,none,0.0002598398194938289
3781,none,0.03274552045817651
3782,none,0.00033195442946521483
3783,none,0.0003229701833220236
3784,none,0.006136183498490338
3785,none,0.1492125101974077
3786,none,0.06204237027800629
3787,none,0.34383651628284634
3788,none,0.021260478354869727
3789,none,0.11295856145415618
3790,none,0.002970296854193473
3791,none,0.025581664952164528
3792,none,0.08056925995651669
3793,none,0.04975505263329419
3794,none,0.24784530535342864
3795,none,0.03457173048937887
3796,none,0.00016876111389055158
3797,none,0.007291911410424202
3798,unrelated,0.760523577380034
3799,none,0.0001552240835901634
3800,none,0.010165666382109181
3801,none,0.0004835289833996058
3802,none,0.0011713499634184406
3803,none,0.024693623250220904
3804,none,0.020555304110724374
3805,none,0.012125173124734899
3806,none,0.020445469952894722
3807,none,0.27210846634774877
3808,none,0.000826843434310516
3809,none,0.0014714469701153881
3810,none,0.567454551470937
3811,none,0.002834141936959984
3812,none,0.015429482386717423
3813,none,0.0009547765293339669
3814,none,0.6517721828442391
3815,none,0.014433745685088706
3816,none,0.0015728829247200703
3817,none,0.10244312071540054
3818,none,0.012842146675422645
3819,none,0.0028284617887491276
3820,none,0.021702127225225847
3821,none,0.044636488480939734
3822,none,0.02963580862525506
3823,none,0.026101752263650937
3824,none,0.12383374844192613
3825,none,0.023362020480286416
3826,none,0.01767344251893234
3827,none,0.0004688551799929918
3828,none,0.24169064854651975
3829,none,0.04148824402265577
3830,none,0.015179206281289976
3831,none,0.017088106741092214
3832,none,0.13879005440264247
3833,none,0.01878448718817095
3834,none,0.04403778348090956
3835,none,0.10285710282824079
3836,none,6.660892363874713e-05
3837,none,0.000988054288023142
3838,unrelated,0.4741075248078914
3839,none,0.02054630592960662
3840,none,0.07213792274444
3841,none,0.1413933845066191
3842,none,0.00024052259451735918
3843,none,0.21390448944036677
3844,none,0.021644938535491865
3845,unrelated,0.31424489964444713
3846,none,0.15229085474510853
3847,none,0.019900461896527576
3848,none,5.458695893478503e-05
3849,none,0.007098750525871098
3850,none,0.09306758241564926
3851,none,0.020409357563301835
3852,unrelated,0.5698825935596549
3853,none,0.044917899032514634
3854,none,0.36114772270289935
3855,none,0.012524952779402784
3856,none,0.0003836522027555687
3857,none,0.00022857374312647922
3858,none,0.015054694810649553
3859,none,0.02598618970616316
3860,none,0.09469643452131046
3861,none,0.026024270967871837
3862,unrelated,0.436006200087693
3863,none,0.01446022086460069
3864,none,2.9310721921593074e-05
3865,none,0.055646963399709974
3866,none,0.0006651145443740894
3867,none,0.012167890267622406
3868,none,0.0001552240835901634
3869,unrelated,0.22274898653950712
3870,none,0.0023058557241215287
3871,none,0.01310806970039941
3872,none,0.0075148078256173255
3873,none,0.01698337796364898
3874,none,0.0020114777878254956
3875,none,0.0007072826344259577
3876,none,0.06500268550035132
3877,none,0.012321170352109612
3878,none,0.023358905935158703
3879,none,0.00025699417427149705
3880,none,0.0037982506395008416
3881,none,0.004042317386681937
3882,none,0.10818197083317552
3883,none,0.2835270522306031
3884,none,0.008620851512935238
3885,none,0.2970214367092756
3886,none,0.015922630536513174
3887,none,0.044310471166177125
3888,none,0.04665587745207198
3889,none,0.0008791185826121944
3890,none,0.012725708597155971
3891,none,0.0018640862820733018
3892,none,0.027243990264925255
3893,none,0.04825719030464499
3894,none,0.23721740106084666
3895,none,0.06030162631608129
3896,none,4.6861075432504004e-05
3897,none,0.011689780524750355
3898,none,0.4452479516536435
3899,none,0.0012050469749277967
3900,none,0.00018941594118260677
3901,none,0.012903304237526853
3902,none,0.12701995574975739
3903,none,0.050021737281913746
3904,none,0.009385746612999325
3905,none,0.022419931576779822
3906,none,0.013180206029537846
3907,none,0.0009682945522484393
3908,none,0.02305961398731462
3909,none,0.05658552458120855
3910,none,0.06459621181309662
3911,none,0.49914218501126406
3912,none,0.017551426117160877
3913,none,0.00015456601093210166
3914,none,0.40751575076354885
3915,none,0.11496480929604883
3916,none,0.04322734024599667
3917,none,0.01111489186404933
3918,none,9.568306477211203e-05
3919,none,0.0015128876113467567
3920,unrelated,0.7651477817788619
3921,none,0.17836321457897397
3922,none,0.029290692235232174
3923,none,0.0002128696460831195
3924,none,0.0007261907256810933
3925,none,0.04819932470920957
3926,none,0.0005476629322644438
3927,none,0.10732273768926773
3928,none,0.04264411386408794
3929,none,0.31007303475965065
3930,none,0.11135639270192568
3931,none,0.14429313598551885
3932,none,6.660892363874713e-05
3933,none,0.0002036231540363318
3934,none,0.03191829243333373
3935,none,8.938796691892935e-05
3936,none,0.00019235420018246264
3937,none,0.0024836617500538327
3938,none,7.931540394370266e-05
3939,none,0.08492616339240368
3940,none,7.544014979235495e-05
3941,none,0.0022486293756249164
3942,none,0.01516636633899007
3943,none,0.10329691248067119
3944,unrelated,0.8226174766168519
3945,none,0.011575506297023409
3946,none,0.27833027426865375
3947,none,0.014926230800374201
3948,none,0.03938092489779043
3949,none,0.01275185679707713
3950,none,0.025347457563337415
3951,none,0.0005366357279561646
3952,none,0.04580182251425786
3953,none,0.009074204695774166
3954,none,0.0012309768368732943
3955,none,0.0017467162898668423
3956,none,0.2312765457383586
3957,none,0.1994658870380732
3958,none,0.045200286959082056
3959,none,0.01525864171655891
3960,none,0.00983055706203956
3961,none,0.02079700802995278
3962,none,0.01698696688877323
3963,unrelated,0.24572850671577837
3964,none,0.023927215358771764
3965,none,0.028698617182829417
3966,none,0.031239216096031044
3967,none,0.0009770754510092182
3968,none,0.00011537669780720079
3969,none,0.015220099525128351
3970,none,0.015272557652092327
3971,none,0.10903152828898907
3972,none,0.01636102601614729
3973,none,0.0019114005021649062
3974,none,0.05348392136330865
3975,none,0.00022410134354496563
3976,none,0.0
3977,unrelated,0.7425100242591288
3978,none,6.660892363874713e-05
3979,none,0.015281080808908071
3980,none,0.0015103433595260115
3981,none,0.0008297205998290982
3982,unrelated,0.5628191663439067
3983,none,0.20608003754763543
3984,none,0.008127314740263713
3985,none,0.014945775256877658
3986,none,0.011139062219226226
3987,none,0.19805746082506373
3988,none,0.00022702977904804367
3989,none,0.0005117126052837422
3990,unrelated,0.5321712353173208
3991,none,0.04691998441309422
3992,none,0.05203211599658591
3993,unrelated,0.7258126028228432
3994,none,0.0005013345080058676
3995,none,0.0016189849443945523
3996,unrelated,0.3743180970634913
3997,none,0.01674125769362225
3998,none,0.10065173347281851
3999,unrelated,0.12892194968815995
4000,none,0.009636785901523701
4001,none,0.00012078882188217444
4002,none,0.02767787024792675
4003,none,0.19692793088966845
4004,none,0.07467620287329407
4005,none,0.35764447141116945
4006,none,0.09442064507003234
4007,none,0.01334517242022978
4008,none,0.00459423629827493
4009,unrelated,0.6979825713136045
4010,none,9.025496460716975e-05
4011,unrelated,0.27669262454404037
4012,none,7.931540394370266e-05
4013,none,0.0003479495708935375
4014,unrelated,0.6881653812093843
4015,unrelated,0.3788425602598937
4016,none,8.66919992826934e-05
4017,none,0.013405180731498429
4018,none,0.02293071481064592
4019,none,0.2880237561185903
4020,none,0.3486272129629158
4021,none,0.019844390012711897
4022,none,0.046185809869313095
4023,none,0.0009507462297322186
4024,none,3.28905050002372e-05
4025,none,0.010676355772691125
4026,none,0.08508528290294005
4027,none,0.000280101184229589
4028,none,0.10463241122345901
4029,none,0.003971481292571148
4030,none,0.09468946952998313
4031,none,0.00021820429283259154
4032,none,0.0033915035859345246
4033,none,0.016173185210412496
4034,none,0.01856033004888454
4035,none,0.47837059932368287
4036,none,0.0017348022204376765
4037,none,0.0006008985428992078
4038,none,0.0010320874264077393
4039,none,0.008763602452684085
4040,none,0.036117481339317754
4041,none,0.00020049122849684242
4042,unrelated,0.21920198150631062
4043,none,0.014214443497571581
4044,none,0.004734322103553234
4045,none,0.02835991165107021
4046,none,0.0022270604728367453
4047,none,0.1975534862316793
4048,none,0.09151188127110652
4049,none,0.12054692740955603
4050,none,0.041018302053201665
4051,none,0.08769583877664927
4052,none,0.056000502227773
4053,none,0.00017389556643873313
4054,none,0.024746701328288715
4055,none,0.00012418268064852381
4056,none,4.246547103689961e-05
4057,none,0.03688067580020646
4058,none,0.0002805670198910386
4059,none,0.038278511368878596
4060,none,0.0017447615040449471
4061,none,0.01936688773802857
4062,unrelated,0.43398574327268064
4063,none,0.10476127501877036
4064,none,0.013947188887630198
4065,none,0.04100664256329039
4066,none,0.026097001930244213
4067,none,0.015796561679703575
4068,none,0.00014911743378019144
4069,none,8.938796691892935e-05
4070,none,0.0019706866176129826
4071,none,9.025496460716975e-05
4072,none,0.0
4073,unrelated,0.45247019533650146
4074,none,0.002185960914180708
4075,none,0.1014454327337277
4076,none,0.15361154065315993
4077,none,0.0001337881336163973
4078,none,0.012428692176840197
4079,unrelated,0.7124324876495198
4080,none,6.018606307812209e-05
4081,none,0.00023332894235053895
4082,none,0.020408202944375408
4083,none,0.07954517768227573
4084,none,0.017578527598812486
4085,none,0.02168447306102556
4086,none,0.0006657179087774636
4087,none,0.021948073052016383
4088,none,0.005916832714817937
4089,none,0.020829202813004176
4090,none,0.06543460221463537
4091,none,0.48772391060798465
4092,none,0.0003185456681937246
4093,none,0.223166119710919
4094,none,0.0934764463361357
4095,unrelated,0.6121886116651166
4096,none,0.024327101862961657
4097,none,0.02610249750650689
4098,none,0.02585439134763945
4099,none,0.2886326787365834
4100,none,0.2844006852867961
4101,none,0.000537531446636564
4102,none,0.027991005999415466
4103,none,0.03609766970697254
4104,unrelated,0.46319753164070393
4105,none,0.028294483262338604
4106,none,0.007036840365788275
4107,none,0.021406565321152003
4108,none,0.012807528620093095
4109,none,0.01317738100121412
4110,none,0.011369943542156813
4111,none,0.00015424790206380691
4112,none,0.010008578753385143
4113,none,0.06189115296025209
4114,none,0.01818441528296776
4115,none,0.11479788022240565
4116,unrelated,0.524822545471001
4117,none,0.01661265725321426
4118,none,0.17509260895466283
4119,none,0.022206219581410103
4120,none,0.03092708979291933
4121,none,0.001146938638471749
4122,none,0.00014128888216810085
4123,none,0.0014745448509793718
4124,unrelated,0.6161461048792276
4125,none,0.011811450923057722
4126,none,0.0005366357279561646
4127,none,0.15283497283713754
4128,none,0.07911147518917652
4129,none,0.20714100158642876
4130,none,0.04042157534974209
4131,none,0.002889529618850191
4132,none,0.01128466645189566
4133,none,0.014477128684664664
4134,unrelated,0.566233313452406
4135,none,0.016166154360317927
4136,none,0.02138648890933397
4137,none,0.30902199035240374
4138,unrelated,0.7012892410234799
4139,none,0.025208740739091514
4140,none,0.014440816438862171
4141,none,0.02389179655517445
4142,none,0.021408479056427076
4143,none,0.0004331454920357558
4144,none,0.034324851900129044
4145,unrelated,0.4482039910996623
4146,none,0.0012622235608163706
4147,none,0.06524102716174919
4148,none,0.012523928267525604
4149,none,0.013086385001732022
4150,none,0.594314696967012
4151,none,0.0237967335071672
4152,none,0.07082917754888639
4153,none,0.002586209068054626
4154,none,0.031015991523557416
4155,none,0.004886068324795293
4156,none,0.2256943275160509
4157,unrelated,0.7040671022016801
4158,none,0.2640093716262685
4159,none,0.15930727621073792
4160,none,4.6861075432504004e-05
4161,none,0.012879872022994766
4162,none,0.019085852941144985
4163,none,0.00913409522980977
4164,none,0.02566406313176604
4165,none,0.18656192430520271
4166,none,0.0010268161401360146
4167,none,0.018548359025943456
4168,none,0.00032466405516650337
4169,none,0.012427140686436078
4170,none,0.013909767209601092
4171,none,0.008852506380099594
4172,none,0.024936758494864562
4173,unrelated,0.7322089096593991
4174,none,0.012705694967991187
4175,none,0.017644165155006265
4176,none,0.08577554911824971
4177,none,0.11399331599093993
4178,none,0.03116446386845308
4179,none,0.0006293615669336037
4180,none,0.06822199741703139
4181,none,0.09466236988021683
4182,none,0.24798878918890657
4183,none,0.0007048462281585774
4184,none,0.35104330169673637
4185,none,0.005366392788620916
4186,none,0.014182690027161484
4187,none,0.0017218998850982692
4188,none,7.931540394370266e-05
4189,unrelated,0.5608496339455594
4190,none,0.0005431769080023357
4191,none,0.03407255396235581
4192,none,0.0004665607361032738
4193,none,0.009227761635007178
4194,none,0.010824326667315514
4195,unrelated,0.32296359501874106
4196,none,0.007057766786125794
4197,none,0.03150710333213318
4198,none,0.18267561015200104
4199,none,0.0005159526394623745
4200,none,0.011138473162330383
4201,none,0.04049186955108431
4202,none,0.1458467113848866
4203,none,0.00014336170916372844
4204,none,0.004876244862659926
4205,none,0.09436762374015746
4206,none,0.0023793541493700226
4207,none,0.014168814480101391
4208,unrelated,0.5714624339298053
4209,none,0.08840223533800094
4210,none,0.011374118694444222
4211,none,0.06421602241322956
4212,none,7.931540394370266e-05
4213,none,0.00022614239125165193
4214,none,0.012137116826872591
4215,unrelated,0.2191772989698515
4216,none,0.05083784883379498
4217,none,0.00029955933759114067
4218,none,0.035455379058862556
4219,none,0.3136222014763482
4220,none,0.021504934719909375
4221,none,0.026345025535838312
4222,none,0.01914795996333355
4223,none,0.04103718942337964
4224,unrelated,0.6969951555058816
4225,unrelated,0.7262087323179588
4226,none,0.010406268481787596
4227,none,0.020863286611889315
4228,none,0.11964378413268074
4229,none,0.14894013015337446
4230,unrelated,0.17186240206310976
4231,none,0.00464067459460116
4232,none,0.04634593599050124
4233,none,0.0003295493032715288
4234,none,0.169757724591961
4235,none,0.022890870202390997
4236,none,0.0107110067816369
4237,unrelated,0.1093385752340626
4238,none,0.0057461305336910014
4239,none,0.020148543945715244
4240,none,0.011063090570493038
4241,none,0.27453941934064596
4242,none,0.01606749107549055
4243,none,0.01784451495857432
4244,none,0.024581710737130252
4245,none,0.0027090470231106558
4246,none,0.027430634424098228
4247,none,0.014431457800407159
4248,none,0.008598829134703752
4249,unrelated,0.10159237650127331
4250,unrelated,0.7398389773269973
4251,none,0.039649178386976715
4252,none,0.013846273564553297
4253,none,0.0003113799264757225
4254,none,0.00043188971408498935
4255,none,0.00018941594118260677
4256,none,0.2329114250317469
4257,none,0.0005091339202646995
4258,none,0.00036673956611275345
4259,unrelated,0.5168310100514311
4260,unrelated,0.29993313064740496
4261,none,0.01711815567636591
4262,none,0.00020805316716273397
4263,none,0.623214547704898
4264,none,0.008988652313612636
4265,none,0.017077736765581414
4266,none,0.018018016992310423
4267,none,0.011781056409439036
4268,none,0.07143469685468956
4269,none,0.0003984384513604266
4270,none,0.02638837871601634
4271,none,0.04849692775243297
4272,none,0.037271037608634185
4273,unrelated,0.65507502130411
4274,none,0.0002036231540363318
4275,unrelated,0.28055109934985784
4276,unrelated,0.3418299432468129
4277,none,0.050418922606599394
4278,none,0.6550225861364107
4279,none,0.00019057433020341593
4280,none,6.959916393878659e-05
4281,none,0.08461486105068902
4282,none,0.02330359480432682
4283,none,0.0017683044485831887
4284,none,0.012646658653793679
4285,none,0.0017605071149375975
4286,none,0.0006778981256711083
4287,none,0.10197497918506933
4288,none,5.225342913128674e-05
4289,none,0.01997898683292028
4290,none,0.002093029467440114
4291,none,0.00015399536247305638
4292,none,0.10300932288655212
4293,none,0.036481246478913765
4294,none,0.02270675977360538
4295,none,0.01610976839391649
4296,none,0.18439459287625037
4297,none,0.017831995305930198
4298,none,0.011884960961358717
4299,none,0.001428780977930706
4300,unrelated,0.6868427015184266
4301,none,0.00071767946045341
4302,none,0.0017808796717782018
4303,none,0.013463158022723678
4304,none,0.0011838277701098695
4305,none,0.3763599660931402
4306,none,0.024467025563806314
4307,unrelated,0.8045000013814573
4308,none,9.025496460716975e-05
4309,none,0.015334453651064705
4310,none,0.00017389556643873313
4311,none,0.012771494042607492
4312,none,0.014178855044744133
4313,none,0.017463690032949532
4314,none,0.016296153009695426
4315,none,0.0010168056213016037
4316,none,0.002427359784691609
4317,none,0.20894376720743096
4318,none,0.029322394018936663
4319,none,0.0035431225058404434
4320,none,0.010333650925722747
4321,none,0.0005016707034666062
4322,none,0.06268999374341924
4323,none,0.007590381688949182
4324,none,0.049088988999215474
4325,none,0.37961718112814324
4326,none,0.15193926858568593
4327,none,0.012368298910717578
4328,unrelated,0.787219075520722
4329,none,6.660892363874713e-05
4330,none,0.003432739628197391
4331,none,0.018447025199706573
4332,none,0.0005028551094750506
4333,unrelated,0.5424515787959932
4334,unrelated,0.22335410152286664
4335,none,0.008207369242870511
4336,none,0.010071500543610274
4337,none,0.03833901707718403
4338,none,0.0015807358689511823
4339,none,0.0605886280850907
4340,none,0.00042166694017877366
4341,none,0.00015561135656149333
4342,none,0.053146886191996555
4343,none,0.000960272053678076
4344,none,0.0017267233128078336
4345,none,0.0019275241531938533
4346,none,0.12584685117682176
4347,none,0.012405654307497549
4348,none,0.02798095238590773
4349,none,0.03977320732726339
4350,none,0.0007876016778909506
4351,none,0.000315850043389482
4352,none,0.010464216069950388
4353,none,0.004970590545159571
4354,unrelated,0.35950903126758377
4355,none,0.0003596548001004878
4356,none,0.26565419015281516
4357,none,0.0009452480489623309
4358,none,0.047189816728796304
4359,none,0.010167100430477577
4360,none,0.30745112875345165
4361,none,0.19514650393237162
4362,none,0.05398658284861666
4363,none,0.0001294432545812573
4364,none,0.012379810075319929
4365,none,0.020196112685638198
4366,none,0.04199268290778159
4367,none,0.0004947480216408003
4368,unrelated,0.7648404077291002
4369,none,0.06322533015213337
4370,none,0.002162759894529992
4371,none,0.014875668882395466
4372,none,0.025377220832922435
4373,none,0.04428786264515609
4374,none,0.009349643618199406
4375,unrelated,0.393106503578748
4376,none,0.030143464315230083
4377,none,0.004876695974998288
4378,unrelated,0.5942655105994636
4379,none,0.010961974132348366
4380,none,0.0007291308862456661
4381,none,0.017375071328261816
4382,none,0.015073448176887952
4383,none,0.03219157138818606
4384,none,0.13943365729873813
4385,none,0.0004143571374590919
4386,none,0.00016876111389055158
4387,none,0.0022850928749127137
4388,none,0.39512731166180465
4389,none,0.0003911205284074011
4390,none,0.00013649999692933292
4391,none,0.0008981109090136
4392,none,0.008561099333638737
4393,none,0.19802766897676474
4394,none,0.0017518331935482236
4395,none,0.0013423739273920091
4396,none,0.6409139686918259
4397,none,0.020805141434688913
4398,none,0.004514870399603522
4399,none,0.0015478542242493534
4400,none,0.0360873584695071
4401,none,0.1602858933824234
4402,none,0.35545945391812966
4403,none,0.6224200981539075
4404,none,0.08330533107256734
4405,none,0.03031059345487738
4406,unrelated,0.04900098358309301
4407,none,0.01334962367920252
4408,none,0.01608544949313252
4409,none,0.039058796130013146
4410,none,0.024150840476910504
4411,none,0.0007910779373134636
4412,none,0.0003328324228402638
4413,unrelated,0.5694820355923759
4414,none,9.585406875050683e-05
4415,none,0.013447980014151468
4416,none,0.03520694455301794
4417,none,0.3765323763915345
4418,none,0.00014336170916372844
4419,none,0.0021580028530008284
4420,none,0.06507380074737629
4421,none,0.001021061422713417
4422,none,0.014158701212113559
4423,none,0.0037116244317574594
4424,none,0.011385761572877448
4425,none,0.5102366215439832
4426,none,0.0377567675388902
4427,none,0.02995877880645339
4428,none,0.019828288224533804
4429,none,0.013414317471135341
4430,none,0.0002055863553849674
4431,none,0.02964048524125878
4432,none,6.018606307812209e-05
4433,none,0.00013922493752651212
4434,none,6.660892363874713e-05
4435,unrelated,0.14867027361362511
4436,none,0.15817946574336486
4437,none,0.035393492393983164
4438,none,0.04291583961826108
4439,none,0.5331276244562708
4440,none,0.11598745015058422
4441,unrelated,0.694044624704555
4442,none,0.0002722656133398213
4443,none,0.12626667004955214
4444,none,0.028971001753591477
4445,none,0.00012506794135563038
4446,none,0.17747935287699787
4447,unrelated,0.3954649174023476
4448,none,0.007694596458918315
4449,none,0.0020675682655931834
4450,none,0.008536149252491904
4451,none,0.018941987658456613
4452,none,0.027045013803665384
4453,none,0.055366906091377184
4454,none,0.06186449043480498
4455,none,0.0060361896530042305
4456,none,0.18274114113406997
4457,none,0.011102583098821466
4458,none,0.027432070822323466
4459,none,0.08712959032908436
4460,none,0.04025152051154681
4461,none,0.6468624890213934
4462,none,0.49328474461672506
4463,none,0.00020016316577816398
4464,none,0.050011301970834275
4465,none,0.012327046434146177
4466,none,0.09531357233964906
4467,unrelated,0.5218884559234431
4468,none,0.00022559218034214678
4469,unrelated,0.7844318064533812
4470,none,0.009366776545375462
4471,none,0.00015605463358559605
4472,none,0.02203549078967735
4473,unrelated,0.5441577577647881
4474,none,0.0011453422974750766
4475,none,0.014615103664246808
4476,none,0.15448562694766846
4477,none,0.0002606546727139535
4478,none,0.0005233683887259167
4479,none,0.01435908349309415
4480,none,0.06363090583590895
4481,none,0.0005894012297648038
4482,none,0.0009869836800000089
4483,none,0.017270111657581102
4484,none,0.0188522912820444
4485,unrelated,0.4509715097294839
4486,none,0.04494934800968327
4487,none,0.014301444545156543
4488,none,8.441397875360138e-05
4489,none,0.00017162895520908542
4490,none,0.12538935669469525
4491,none,0.03205653242468616
4492,unrelated,0.06319040608252165
4493,none,0.0016307665493638995
4494,none,0.007695715251467967
4495,none,0.04296311531096823
4496,none,0.00039534217053203616
4497,none,0.013184932767253372
4498,unrelated,0.6177743924579154
4499,none,0.00029156813143441123
4500,unrelated,0.5873728218856374
4501,unrelated,0.711929981742963
4502,unrelated,0.7050417484652661
4503,none,0.002229255670135464
4504,unrelated,0.5886290610541699
4505,none,0.01495457762679006
4506,none,0.0111132982380749
4507,none,0.006628655353061086
4508,none,0.18947451662775325
4509,none,0.020134589170876335
4510,unrelated,0.08857825120615068
4511,none,0.09557881505977005
4512,none,0.006244089057214897
4513,none,0.05976766588305085
4514,unrelated,0.32987702002722846
4515,none,0.010627288569530675
4516,none,0.0003229701833220236
4517,none,0.024804920683839812
4518,none,0.0008247289336299201
4519,none,0.014325499436110747
4520,none,0.0002690171972442879
4521,none,0.0002901490356745888
4522,none,0.01342003726190642
4523,none,0.0003560899907632194
4524,none,0.029676761819759086
4525,none,0.02555642329986053
4526,none,0.03203182495353205
4527,none,0.00017389556643873313
4528,none,0.023188706510451934
4529,none,0.014790616344598098
4530,none,0.05378756986783129
4531,none,0.0008201002810713111
4532,none,0.6817410453689816
4533,none,0.0012870918461056274
4534,none,0.05536078532907027
4535,unrelated,0.6558863617359322
4536,none,0.0003191212524486952
4537,none,0.011100448668591261
4538,none,0.018179184671595305
4539,none,0.0012724992798687483
4540,none,0.035605214298872735
4541,none,0.06402847219687614
4542,unrelated,0.5624169545052922
4543,none,0.04435378465909468
4544,none,5.225342913128674e-05
4545,none,0.039383774990968706
4546,unrelated,0.23264283507583794
4547,none,7.931540394370266e-05
4548,none,0.0009707042042239547
4549,none,0.0004952185591528752
4550,unrelated,0.6665105395801655
4551,none,0.0002819004692283131
4552,none,0.016126301122913644
4553,none,0.02423598409020823
4554,none,0.00013608332902371518
4555,none,0.012993910693550895
4556,none,0.0018190488312459232
4557,none,0.09342448769465479
4558,none,0.09046144785499205
4559,unrelated,0.34777421181525625
4560,none,0.04187114475195317
4561,none,0.012919511878038319
4562,none,0.1952977568410109
4563,none,0.0008746321619238867
4564,none,7.931540394370266e-05
4565,none,0.01694707918522033
4566,none,0.011680473157598974
4567,none,0.1663991384153378
4568,none,0.20392016472578917
4569,unrelated,0.20025291558431793
4570,unrelated,0.5097409580527699
4571,none,0.12842245839116645
4572,none,0.021043436234941367
4573,none,0.01614297276956886
4574,none,0.32642383349498305
4575,none,0.0028728567562030997
4576,none,0.14146199580199256
4577,none,0.3840316073410315
4578,none,0.0002280899402270401
4579,none,0.00027807050053058123
4580,none,6.660892363874713e-05
4581,none,0.0013261460923606203
4582,none,0.016153603547714317
4583,none,0.0013488391499689647
4584,none,0.008926194048088552
4585,none,0.02064171114646881
4586,none,0.003959600128836612
4587,unrelated,0.5711706916888676
4588,none,0.05368238785717279
4589,none,0.347682649837188
4590,none,0.015043261844795583
4591,none,0.01135522332613624
4592,none,0.01380666788959345
4593,none,0.04015523031833957
4594,none,0.35183980167593526
4595,none,0.030333847030576445
4596,none,0.0008667876659355024
4597,none,0.053848577287178505
4598,none,0.019520250750870983
4599,none,0.0001263879260255115
4600,none,0.02214116659447723
4601,none,0.25998705070552275
4602,none,0.15328720260939174
4603,none,0.028100707859029007
4604,none,0.015340256912500374
4605,none,0.08274017036897102
4606,none,0.00031797935437754985
4607,none,0.017073399492955083
4608,none,0.018161908520669345
4609,none,0.016749291333194718
4610,none,0.07209328252702174
4611,none,0.03292797367267244
4612,none,0.016565551982917957
4613,none,0.011769185183792828
4614,none,0.00011595597232206303
4615,unrelated,0.44038349108742864
4616,none,0.01570169281822534
4617,none,0.018902914124226913
4618,none,0.013168405391504148
4619,none,0.18931142480142168
4620,none,0.00014128888216810085
4621,none,0.057302355574378655
4622,none,0.03998382130409441
4623,none,0.00024664227302194613
4624,none,0.04831639180854999
4625,none,0.02591315651717423
4626,none,5.769531161885287e-05
4627,none,0.07278473962571456
4628,none,0.00018941594118260677
4629,none,0.00018941594118260677
4630,none,0.00015576276963681312
4631,none,0.08758497354348488
4632,none,0.00024973547754356297
4633,none,7.931540394370266e-05
4634,none,0.029428273606194745
4635,none,0.01932464911840542
4636,none,0.0022273555677060227
4637,none,0.013706615310440439
4638,none,0.016787531211208503
4639,unrelated,0.7543479926426531
4640,none,5.225342913128674e-05
4641,none,0.0013124749002805627
4642,none,0.4996046983583735
4643,none,0.011218996531686756
4644,none,7.544014979235495e-05
4645,none,0.022474672876768832
4646,none,0.016225624794013748
4647,none,0.012845923912902478
4648,none,0.035088315702088126
4649,unrelated,0.6801562008336148
4650,none,0.10863708988683093
4651,unrelated,0.7533733747311596
4652,none,0.00018941594118260677
4653,none,0.015693497360535987
4654,none,0.01981515925557616
4655,none,0.0448560756921896
4656,unrelated,0.7008768093570239
4657,none,0.07251133065093648
4658,none,0.09823713624268253
4659,none,0.0004053893172239793
4660,none,0.012361035209915059
4661,none,0.058541806500060536
4662,none,0.18025717142114486
4663,none,0.0193947472160323
4664,none,0.030612733618290578
4665,none,0.26585306952076676
4666,none,0.013474775755397978
4667,none,0.0004531624018861253
4668,unrelated,0.5429998491338403
4669,none,0.026433963831922404
4670,none,6.660892363874713e-05
4671,none,0.002169789375113833
4672,none,0.006101361138595728
4673,none,0.00019446212160544485
4674,none,0.00012256479550727033
4675,none,0.03203837068790617
4676,none,7.931540394370266e-05
4677,none,0.06611033695572609
4678,none,0.017306628127806877
4679,none,0.005386025587807961
4680,none,4.806457518023668e-05
4681,none,0.016906445021086035
4682,none,7.544014979235495e-05
4683,none,0.002297461471948956
4684,none,0.06682441773546524
4685,none,0.10006861938611471
4686,none,0.02097854116543275
4687,none,0.005396022323937676
4688,none,0.0
4689,none,0.0012652661091330072
4690,unrelated,0.6390414265765858
4691,none,0.15282748097076648
4692,none,0.047208286919647645
4693,none,0.007552778591606905
4694,none,0.001325496862779592
4695,none,0.2622528218657562
4696,none,0.00044383849717632507
4697,none,0.27403696963525886
4698,none,0.02339977871070748
4699,none,0.01647775563641716
4700,none,0.0007639372727238655
4701,none,0.09674269252013978
4702,none,0.012106457407950258
4703,unrelated,0.6984064651422287
4704,none,0.1439637386602639
4705,none,0.01807090425166167
4706,none,0.03215290523043641
4707,none,0.06137778261965177
4708,none,0.0003347917731111447
4709,none,0.00010114115750724822
4710,none,0.04663789741845705
4711,none,0.014520007969966475
4712,none,0.0003173074622415046
4713,none,0.014369988658764855
4714,none,0.03463302505521456
4715,unrelated,0.2243921564044928
4716,none,0.017424259673506026
4717,none,0.04865006812706835
4718,none,0.027517164484182195
4719,none,0.02889997886818014
4720,none,0.1720977004763861
4721,none,0.006346206148141587
4722,none,0.01610386969268484
4723,none,0.0913145136841875
4724,none,0.05892932381139339
4725,unrelated,0.7075718679298756
4726,none,0.0007218570993123737
4727,none,0.02901718686433853
4728,none,0.10702511745553783
4729,unrelated,0.6603077768191763
4730,none,0.0008523718151694195
4731,none,0.20590148394173893
4732,none,0.6499507049079999
4733,none,0.05611516632908135
4734,none,0.0330106213995745
4735,none,0.007059307935123923
4736,none,0.009439059012873584
4737,none,0.00011236146105067486
4738,none,0.0003614203879697276
4739,none,0.04774775692091774
4740,unrelated,0.41803481825349015
4741,none,0.29841512032198375
4742,none,0.022193476653865653
4743,none,0.012004840621028556
4744,none,0.007814103458112384
4745,none,0.5231119967665269
4746,none,0.008792679087774195
4747,none,0.00029260440708006873
4748,none,0.010068234022154334
4749,none,0.0113184080525872
4750,none,0.0011720001751192313
4751,none,0.027997917779501814
4752,none,0.04256027337944878
4753,none,0.0024835450985939236
4754,unrelated,0.3704823081852598
4755,none,0.008605738525606265
4756,none,0.05827015815220833
4757,none,0.0181487972019821
4758,none,0.18942776126728852
4759,none,0.30560443984924324
4760,none,0.00024617259372873275
4761,none,0.0016004859987134384
4762,none,0.45644667377746373
4763,none,0.15344680564939908
4764,none,0.017068688622269144
4765,none,0.011755068050649957
4766,none,0.01495935448731555
4767,none,0.00032478862157879154
4768,none,0.17076321779078904
4769,none,0.05656969475535776
4770,none,0.15788978441382995
4771,unrelated,0.0575957090298293
4772,none,0.04405968877373232
4773,none,0.15897355956106576
4774,none,0.0008035691994587896
4775,none,0.04847368268705009
4776,none,0.01421742179038171
4777,none,0.00023155163689199266
4778,none,0.01690948514119186
4779,none,0.037529660988032204
4780,none,0.0010550995113088415
4781,unrelated,0.6464249854731056
4782,none,0.015369136027605984
4783,none,0.000608554022427847
4784,none,0.01005246017957584
4785,none,0.006869583477173937
4786,none,0.00141090365019508
4787,none,0.013951147702993357
4788,none,0.014175969485271453
4789,unrelated,0.7269917777245528
4790,none,0.013640141411475957
4791,none,0.027395592384870316
4792,none,0.007406970546161093
4793,none,0.02239347936179383
4794,none,0.048314140977271006
4795,none,0.1386456382384009
4796,none,0.0013420828396644973
4797,none,0.043824836843166154
4798,none,0.013231008356960979
4799,unrelated,0.6321188292895211
4800,unrelated,0.8016019800471451
4801,none,0.041020844506660714
4802,none,6.660892363874713e-05
4803,none,0.030565150589635905
4804,unrelated,0.38415097092128225
4805,none,0.014222604772000581
4806,none,0.0066906040041606685
4807,none,0.014601984470627084
4808,none,0.017037029366260118
4809,none,0.0017129875056430314
4810,none,0.04156911990062091
4811,none,0.004495145816637473
4812,none,0.03008890552259581
4813,none,0.00192132786335935
4814,none,0.09838728347776277
4815,none,0.08913626700048473
4816,none,0.01393360415203596
4817,none,0.015153112559204792
4818,none,6.660892363874713e-05
4819,none,0.014788360958897248
4820,unrelated,0.7439430092629123
4821,none,0.005053560772198628
4822,none,0.0008036294003094275
4823,none,0.003471818971512021
4824,none,0.05213065100911404
4825,none,0.02169233637973505
4826,none,0.00994771452520315
4827,none,0.0021245896537202707
4828,none,0.00021240765556890948
4829,none,0.133411966358658
4830,none,0.05596504138696996
4831,unrelated,0.7132037369819721
4832,unrelated,0.6874461478570363
4833,none,0.0004453444437955678
4834,none,0.00653412643952636
4835,none,0.019339759274612612
4836,none,0.00015001225241815627
4837,none,0.04956954869955398
4838,unrelated,0.27096835687405363
4839,none,0.02053500283495971
4840,none,0.16439398212630227
4841,none,0.22435027121137946
4842,none,0.000982097804701415
4843,none,0.023586759107033024
4844,none,0.020943335168477427
4845,none,0.001404266811154633
4846,none,0.00018175564130048933
4847,none,0.015724059242653788
4848,none,0.008449197079024693
4849,none,0.046412410570644755
4850,none,0.0838703006873378
4851,none,0.015873800675485952
4852,unrelated,0.5949630997301195
4853,none,0.005101431832322953
4854,none,0.02885872266033882
4855,none,0.006201216090103505
4856,none,0.0774331636681797
4857,none,0.08493156178285842
4858,none,0.0016749290368234745
4859,none,0.022687164618325234
4860,none,0.0003229701833220236
4861,unrelated,0.17659561922311476
4862,none,0.007780403842166145
4863,none,0.07912262082033132
4864,none,5.7280285851714424e-05
4865,none,0.3425185881443413
4866,none,0.0002595894601738697
4867,none,0.009849817816736174
4868,none,0.0026942097453346516
4869,none,0.05860914614774365
4870,none,7.754848430221423e-05
4871,none,0.27566151534389355
4872,none,0.053329491843505016
4873,none,0.00020921044153947435
4874,none,0.32470951802466297
4875,none,0.021619677170156174
4876,none,0.018399460242191277
4877,unrelated,0.08820884691642306
4878,none,0.016239548662722963
4879,none,0.03157505353162434
4880,none,0.009848114068567686
4881,none,0.048738465595978
4882,none,0.08764931517169344
4883,none,0.049718463236040344
4884,none,0.021014909085269432
4885,none,0.013278001490773446
4886,none,0.0071664180603573605
4887,none,0.0008219700490269222
4888,none,0.01861227804572878
4889,none,0.0021630578911016047
4890,none,0.014321711585161016
4891,none,0.004143326834514037
4892,none,0.08606034037269289
4893,none,0.065805019927892
4894,none,0.03152042579438558
4895,none,0.00016876111389055158
4896,none,0.0
4897,none,0.0012643657701992745
4898,none,0.00027045772196387826
4899,none,0.000269873268392141
4900,none,0.01237793601738268
4901,none,0.09584732501556198
4902,none,0.0006324755722373765
4903,none,0.004593417906290944
4904,none,0.0006375640008626252
4905,none,0.027248929625827097
4906,none,0.0003729555710834006
4907,none,0.0001690627168786217
4908,none,0.015658013256867744
4909,unrelated,0.6350903338065036
4910,none,0.03322886650964433
4911,none,0.00023551336405107473
4912,none,0.23479281085488554
4913,none,0.00020895329623330503
4914,unrelated,0.6744641014530486
4915,none,0.03648204533529164
4916,none,0.010985730389356638
4917,none,0.00026664620252194533
4918,unrelated,0.59698954637331
4919,none,0.01527497439272798
4920,none,0.014641601263996516
4921,none,0.024911491147479214
4922,none,0.00010024350825232728
4923,none,0.2990642669484361
4924,unrelated,0.7458888001472022
4925,none,0.17457454597587474
4926,none,0.0015602174457703994
4927,none,9.025496460716975e-05
4928,none,0.029635185891842917
4929,none,0.0001032494920171075
4930,none,0.09949368758233844
4931,none,0.0013139748589541932
4932,none,0.023595188676996292
4933,none,0.3614144989032407
4934,none,0.021349763984285324
4935,none,0.09105367331726238
4936,unrelated,0.7855315514930143
4937,none,0.002321904095353153
4938,none,0.0020995292346481093
4939,none,0.01708234249385893
4940,none,0.00011508897463382264
4941,none,0.01876562887218866
4942,none,0.0014432853304616163
4943,none,0.01155913637646411
4944,none,0.0009393770290422071
4945,none,0.0009037016554683211
4946,unrelated,0.807897609337045
4947,unrelated,0.6565088444435971
4948,none,0.006860600659665527
4949,none,0.023404990995768867
4950,none,0.016528274378983035
4951,none,0.04808713529136809
4952,none,0.07203786059057314
4953,none,0.0003973801696479742
4954,none,0.01946725952335032
4955,none,0.2855146073774997
4956,none,0.13313149297073923
4957,unrelated,0.3058470538991253
4958,none,0.017639641961691186
4959,none,0.00027045772196387826
4960,unrelated,0.5990461797442433
4961,none,0.002650914836721463
4962,none,0.0019084328101607268
4963,unrelated,0.6360887104858864
4964,none,0.0006805902670129726
4965,none,0.14294517786962063
4966,none,0.00015399536247305638
4967,unrelated,0.6802695613532341
4968,none,0.012170186499361515
4969,none,0.00029788543224330626
4970,none,0.011140065483345805
4971,none,0.06891224180792796
4972,none,0.021046968492531862
4973,none,0.00012910764062370417
4974,none,0.15807583715843607
4975,none,0.00018941594118260677
4976,none,0.017804130692244003
4977,none,0.018842271920716552
4978,none,0.16304861807812274
4979,none,0.016399551893727927
4980,none,0.0002021224214875623
4981,unrelated,0.5484698116310636
4982,none,0.0004462362285965843
4983,none,0.0049307100256187645
4984,none,0.009960130765824957
4985,none,0.04766227279111645
4986,none,0.011868193473894718
4987,none,0.0022143167732888644
4988,none,0.13447783866650215
4989,none,0.06248498634503635
4990,none,0.011922658075724912
4991,none,0.019467461495561323
4992,unrelated,0.8194745984816545
4993,none,0.0009251066271361969
4994,none,0.01847082069566195
4995,none,0.00014336170916372844
4996,none,0.006698543354851507
4997,none,0.015441448815726162
4998,none,0.047466322229657416
4999,none,0.0013348812448566194
5000,none,0.3231776394686403
5001,none,0.023484116446217042
5002,none,0.04092651137792001
5003,none,8.52166067386232e-05
5004,none,0.05120815232730146
5005,none,0.016822400260092144
5006,none,0.018141967828869655
5007,none,0.18066772594481306
5008,none,0.09806313957813845
5009,unrelated,0.6750978549462182
5010,none,0.00021240765556890948
5011,none,0.0007149692111468437
5012,none,0.5707684488869436
5013,none,0.059716327433981184
5014,none,0.0009972292332277551
5015,none,0.07117846319425504
5016,none,0.11120323657326335
5017,none,0.262807532379629
5018,unrelated,0.654854828873819
5019,none,0.0003294087129723478
5020,none,0.01789605211864373
5021,none,0.010474781852804961
5022,none,8.84346772022927e-05
5023,none,0.09786059853432594
5024,unrelated,0.6699897125003349
5025,none,0.04304178960763052
5026,none,0.023965477882939918
5027,none,0.025755609655757596
5028,none,9.025496460716975e-05
5029,none,0.07534789975526283
5030,none,0.012005762154425859
5031,none,0.002162130074612873
5032,none,0.009490813370771494
5033,none,0.01099428731901698
5034,none,0.00015456601093210166
5035,none,0.000664741548917285
5036,none,0.010700117572675374
5037,none,0.18190869537328777
5038,unrelated,0.4851764268703257
5039,none,0.0009567098061845377
5040,none,0.09406989312484615
5041,none,0.03140685355408529
5042,unrelated,0.730023273675192
5043,none,0.004981169749018052
5044,none,0.16339727062284382
5045,none,0.011582297327965792
5046,none,0.017046057490848046
5047,none,0.26719832808735816
5048,none,0.0007915181258055355
5049,none,0.24023252597680522
5050,none,0.24364776598551782
5051,none,0.02176319989169387
5052,none,0.023657491863408535
5053,none,0.0018151110178958566
5054,none,0.046291068362903094
5055,none,0.01375267735943805
5056,none,0.022251025159029394
5057,none,0.31957771686467223
5058,none,0.00017041661344544985
5059,unrelated,0.4709306414769697
5060,none,0.1136681465965426
5061,none,0.007346392585631943
5062,none,0.012902978722126226
5063,none,0.05301000926278819
5064,none,0.0013883771997188323
5065,none,0.11827651320160504
5066,none,0.0014619661280462965
5067,unrelated,0.669820764467149
5068,none,0.020567627621171716
5069,none,0.026023981211860135
5070,none,0.015342326134771798
5071,none,0.017161686092460264
5072,none,0.029104482959739473
5073,none,6.660892363874713e-05
5074,none,0.02106775024840392
5075,none,0.01940689582478846
5076,none,0.027128865101384337
5077,none,0.016207247585222496
5078,none,0.033643954293589934
5079,none,0.0006496196009666539
5080,none,0.12101512261664082
5081,none,0.16008415674299045
5082,none,0.004289769426030841
5083,none,7.754848430221423e-05
5084,none,0.01564846693501934
5085,unrelated,0.4013997457494758
5086,none,6.660892363874713e-05
5087,unrelated,0.676751573568132
5088,none,0.00055800551752038
5089,none,0.13300331726667383
5090,none,0.0008542324791994543
5091,none,0.000884721208817621
5092,none,0.003950428499208925
5093,none,0.00010114115750724822
5094,none,0.010961005229063988
5095,none,0.08659385183712842
5096,unrelated,0.7881182901512607
5097,none,0.015022746218591114
5098,unrelated,0.4260952785631259
5099,none,0.01595360157958494
5100,none,0.001008238908889012
5101,none,0.022661521681452898
5102,none,0.06496530814154398
5103,none,0.0006090491245480012
5104,none,0.0
5105,none,9.624381104690254e-05
5106,none,0.000630529628980753
5107,unrelated,0.4747872744704007
5108,none,0.0003500349893669974
5109,unrelated,0.33313969583454667
5110,none,0.00018473590984955385
5111,none,0.04205448214119481
5112,none,0.07807168482130952
5113,none,0.34854898370302806
5114,none,0.04443046791681628
5115,none,0.014390825190794057
5116,none,0.000743785881728208
5117,none,0.0005005302110997587
5118,none,0.020175661866094177
5119,none,0.15502669742020517
5120,none,0.01717574323016311
5121,none,0.0006073586110021172
5122,none,0.0002416693703138935
5123,none,0.061352913247044685
5124,none,0.002322291946800571
5125,none,0.07002744171332029
5126,none,0.0236673007733591
5127,none,0.03390364473264046
5128,unrelated,0.7042221997478169
5129,none,0.02859333408650646
5130,none,0.0023374381228704346
5131,none,0.33052656420912
5132,none,0.010504669584984506
5133,none,0.00027279219831956075
5134,none,0.010137763506363712
5135,none,0.0009785977874562268
5136,none,0.08311509563335749
5137,none,0.0428442135619582
5138,none,0.018048214483976983
5139,none,0.00025439686907009773
5140,none,0.015930218309060815
5141,none,0.05039042298019775
5142,none,0.014248659411694335
5143,none,0.4268635909208154
5144,none,0.0034880080722007856
5145,none,0.012396315690779626
5146,none,0.03705088418755223
5147,none,0.011014230205555779
5148,unrelated,0.7057479565390371
5149,unrelated,0.2718114466932969
5150,none,0.030230447281789797
5151,none,0.0008905014295034139
5152,none,0.011333788664820332
5153,none,0.0003128195139488921
5154,none,0.018144488118916603
5155,none,0.003941931799917475
5156,none,0.0002476179295593231
5157,none,0.013358720720359585
5158,none,0.002642080491200692
5159,none,0.28766335880425936
5160,none,0.01866726395752613
5161,none,0.00017003889840497825
5162,none,0.0017849317727892846
5163,none,0.372587953948125
5164,none,0.0554849367401398
5165,none,0.00013599337899338498
5166,unrelated,0.2102543025264751
5167,none,0.0059847520178622216
5168,none,0.004903958616948375
5169,unrelated,0.43078729048287445
5170,none,0.11777891395752818
5171,none,0.017715107428036368
5172,none,0.05997296294523483
5173,none,0.09704173835686497
5174,none,0.01962673197211397
5175,none,0.0001609198282140528
5176,none,0.00013355424213941684
5177,none,0.00012078882188217444
5178,none,0.07700562863541503
5179,none,0.004165083280655695
5180,none,0.00029455344999798606
5181,none,0.00023180878219816194
5182,none,0.0011207870575419038
5183,none,0.009921313312676707
5184,none,0.0003824644073990845
5185,unrelated,0.44059745230085445
5186,none,0.03261601381812641
5187,none,0.015996813084633712
5188,none,0.11189341608901654
5189,none,0.05586840177244568
5190,none,0.016265270272945432
5191,none,0.012626080238945151
5192,none,0.03097988644744075
5193,unrelated,0.5691402188810875
5194,none,0.0026725127012949194
5195,none,0.006963863477139373
5196,none,0.00037346419244742817
5197,none,0.0001943956267246595
5198,none,0.012124747548554643
5199,none,0.040799079530871626
5200,none,8.66919992826934e-05
5201,unrelated,0.24855548807586253
5202,none,0.14080725645424041
5203,none,0.0013511600665980744
5204,none,7.931540394370266e-05
5205,unrelated,0.324712772957695
5206,unrelated,0.6575485880749973
5207,none,0.008802266526979456
5208,none,0.023400699794460737
5209,none,0.002399641883611299
5210,none,0.2669078697757888
5211,none,0.0009179138158611272
5212,unrelated,0.2855480207615481
5213,none,0.00010114115750724822
5214,none,0.000402847730672916
5215,unrelated,0.6051260401141711
5216,none,0.045735980526441865
5217,none,0.008102469396558728
5218,none,0.020087391063880623
5219,none,0.0002886153966634226
5220,none,0.05508543869414649
5221,none,0.01204629989388522
5222,none,0.03614553421138632
5223,none,0.24215521390849812
5224,unrelated,0.6041804640831306
5225,none,0.020559039633918745
5226,unrelated,0.4069617530373037
5227,none,0.022844481244056487
5228,none,0.00016540738297916545
5229,unrelated,0.3401642323753128
5230,none,0.021856639870850042
5231,none,0.050054801193516615
5232,none,0.005371092306523353
5233,unrelated,0.6382905996771338
5234,none,0.2702919425610279
5235,none,0.013594257759759119
5236,none,0.006303127477946634
5237,unrelated,0.4361688449915382
5238,none,0.040946526233856154
5239,none,0.06622142585378687
5240,none,0.015442166255743928
5241,none,0.01326841201388116
5242,none,0.00022353445752724572
5243,none,0.051352074503277105
5244,none,0.014368236416839802
5245,none,0.017419793124908326
5246,none,0.11651120101612196
5247,none,0.00019091667373137628
5248,none,0.00903286252201988
5249,none,0.020314491185289982
5250,none,0.016325230502711924
5251,none,0.007499362882003806
5252,none,0.014839970820844397
5253,none,0.08902140168506126
5254,none,0.07949263711488838
5255,none,0.009872389351348765
5256,none,7.496357350780642e-05
5257,none,0.01639362651442091
5258,none,0.018322114706939802
5259,none,0.24651537666460002
5260,none,0.023015322214004198
5261,none,0.5201736904680189
5262,none,0.00021820429283259154
5263,none,9.025496460716975e-05
5264,none,0.02884419102425834
5265,none,0.014414566228364886
5266,none,8.84346772022927e-05
5267,none,0.021218992081615425
5268,none,0.0007250362779105862
5269,none,0.017992420017947076
5270,none,0.0005077226114368934
5271,none,0.03575978977637856
5272,unrelated,0.8382548563503943
5273,none,0.07962004115600739
5274,none,0.020598884635928648
5275,none,0.00248590124024117
5276,none,0.020124810386791158
5277,none,0.18022858300253136
5278,none,0.031533625454297234
5279,none,0.06926796025852996
5280,none,0.0001695751569022804
5281,unrelated,0.6702195019773853
5282,none,0.00019413848141849023
5283,none,0.0016488625436783006
5284,none,0.01866365500018786
5285,none,0.0003333510104943337
5286,none,0.04062225060719554
5287,unrelated,0.7060154863800995
5288,none,0.0010770571967921973
5289,none,0.0002416693703138935
5290,none,0.04850143533186434
5291,unrelated,0.6424909692078313
5292,none,0.030170549735486878
5293,none,0.01926476838114507
5294,none,0.00048133242916419925
5295,none,0.00040219982463133615
5296,none,0.13207158843186362
5297,unrelated,0.698967513970132
5298,none,0.03735387213294016
5299,none,0.017509993024496816
5300,none,0.021867568104262755
5301,none,0.03802642458977016
5302,none,0.0575677079012475
5303,none,0.45458725825740987
5304,none,0.01299922143922555
5305,none,0.14760902851040325
5306,none,0.010038332320162388
5307,none,0.0002128696460831195
5308,none,0.0004767533166195963
5309,none,7.931540394370266e-05
5310,none,0.000528078605337051
5311,none,0.0028024780744782874
5312,none,2.6358826358826355e-05
5313,none,0.011320653068040287
5314,none,0.008900659441714842
5315,none,0.05584495531035571
5316,none,0.020554697864225764
5317,none,0.005219771924179626
5318,unrelated,0.49825677321573564
5319,none,0.002730853093941759
5320,none,0.04161896926888232
5321,none,0.00021820429283259154
5322,none,0.04756046828851617
5323,none,0.03446195074611803
5324,none,0.15995381350290322
5325,unrelated,0.48545164314398853
5326,none,0.06819070560344204
5327,none,0.07235205494392458
5328,none,0.017986606311431844
5329,none,0.00012078882188217444
5330,none,0.09074674405091347
5331,none,0.00023866201604402052
5332,none,0.0001487898093286707
5333,none,0.04328989688392948
5334,none,0.00020767275548866035
5335,none,0.006980744016853184
5336,none,0.028757448289469165
5337,none,0.0018122740774074602
5338,none,0.022708758207324497
5339,none,0.017263594840846677
5340,none,0.27123168574230794
5341,none,0.00018149627306679561
5342,none,0.1025819177362342
5343,none,0.4227726731864575
5344,none,0.07335488937368605
5345,none,0.08185863222810581
5346,none,0.0005366357279561646
5347,none,0.03562428773042197
5348,none,0.012124923975613745
5349,none,0.013383970617192186
5350,unrelated,0.35443878002056567
5351,none,0.000542992250009341
5352,none,0.007449547605596003
5353,none,0.03118034961997528
5354,none,0.00014678266102633502
5355,none,0.03237034891206791
5356,none,0.021773898145630747
5357,none,0.001955028428078647
5358,none,0.0017930970479655187
5359,unrelated,0.5089002964847466
5360,none,0.3619763288158699
5361,none,0.43807802262908757
5362,none,0.4703603620632947
5363,none,0.0018445408900925387
5364,none,0.01850962947721674
5365,none,0.0006008985428992078
5366,none,0.005801404982886111
5367,none,0.3589057291947815
5368,none,0.027906535183588706
5369,none,0.0007910779373134636
5370,none,0.05817889656982115
5371,none,0.16457653576980324
5372,none,0.16231982643793919
5373,none,6.273366948739942e-05
5374,none,0.3236563942698842
5375,none,0.019305612170292853
5376,none,0.0033339239119072705
5377,none,0.06743278171334492
5378,none,0.00027905927730521434
5379,none,0.007086268908106386
5380,none,0.00023332894235053895
5381,unrelated,0.7429555019620778
5382,none,0.003639365908396135
5383,none,0.00026481971666486354
5384,unrelated,0.7332021270414272
5385,none,0.022029855840737796
5386,unrelated,0.11981821675268811
5387,none,0.019923195699033232
5388,none,0.012836135403995015
5389,none,0.016580759324688308
5390,none,0.05737505911182666
5391,none,0.0013128558865278966
5392,none,0.028295133973080012
5393,none,0.01981419845587139
5394,none,0.01854768388629333
5395,none,0.017135258035085876
5396,none,0.0001508081938081998
5397,none,0.0030519912001124015
5398,unrelated,0.17050361306570533
5399,none,0.00018941594118260677
5400,none,0.0
5401,none,0.00015424790206380691
5402,none,0.05562982939453156
5403,none,0.015596086031563648
5404,none,0.08596704214950611
5405,none,0.01682919356931635
5406,none,7.931540394370266e-05
5407,unrelated,0.42834995802130643
5408,none,1.1544011544011544e-05
5409,unrelated,0.3024275776980387
5410,none,0.01647687751773115
5411,none,0.07457063348967345
5412,none,0.16450327163341144
5413,none,0.03032059138763588
5414,none,9.064470690356548e-05
5415,none,0.06321888095361868
5416,none,4.246547103689961e-05
5417,unrelated,0.17120500226451063
5418,none,0.023517410222486008
5419,none,0.005775178099701013
5420,none,0.010221961141448157
5421,none,0.38533569661335787
5422,none,0.012795004014558313
5423,unrelated,0.19502335300576537
5424,none,0.12553543354730534
5425,none,0.0005550911081272485
5426,none,0.04331593267277304
5427,unrelated,0.48559980124262386
5428,none,0.006607789517032968
5429,none,0.00022334670670925947
5430,none,0.01319208933588772
5431,none,0.011422952232142807
5432,none,0.07113409369724541
5433,none,0.0038567610819916277
5434,none,0.00026450160779656877
5435,none,0.002135881215867601
5436,none,0.022754995824719786
5437,none,0.000318524225961397
5438,none,0.032334280142786456
5439,none,0.01139346847199108
5440,none,0.011095506740600976
5441,none,0.016570960534641896
5442,none,0.0666377946394237
5443,none,0.17391096144329643
5444,none,0.0020479273768686593
5445,none,0.00020710210702961504
5446,none,0.10389643850800784
5447,none,0.02991183176060042
5448,none,0.022859148497237664
5449,none,0.0020481690277186133
5450,unrelated,0.07251228651838422
5451,none,0.03850191725745085
5452,none,0.01640578397427948
5453,none,0.0002117598397319273
5454,none,0.020844933142291168
5455,none,0.015207081755079952
5456,none,0.0005385967369033436
5457,none,0.04056308007032961
5458,unrelated,0.6754972989039806
5459,none,0.1379983336071126
5460,none,0.002341980414502565
5461,none,0.002730036200937821
5462,none,0.019038789453877027
5463,none,0.001326613572681626
5464,none,0.059329533406233044
5465,none,0.13854464383623763
5466,none,0.00015089814383852999
5467,none,0.016048599140414097
5468,none,0.005850953984963776
5469,none,0.0005091144328363942
5470,none,0.08162927535677147
5471,none,0.0002835627939138533
5472,none,0.007220547622136261
5473,unrelated,0.7001337362257183
5474,none,0.03276737846243086
5475,none,0.0053011347926744225
5476,none,0.28403882084931315
5477,none,0.0004071049389435818
5478,none,0.07514653097619169
5479,none,0.21873875668844886
5480,none,0.21304750049954926
5481,none,7.931540394370266e-05
5482,none,0.041419218599212854
5483,unrelated,0.09167918538334624
5484,none,0.00091644458490104
5485,none,0.00012237209268536894
5486,none,0.0001365274793483561
5487,none,0.0010360257116800444
5488,none,0.03971112784893643
5489,unrelated,0.19441907764099986
5490,none,0.01592269787043625
5491,none,0.07041285023706031
5492,none,0.01945213989276736
5493,none,0.00037177869536560935
5494,none,0.025612115951521616
5495,none,0.0038694151613854807
5496,none,0.03672837071023865
5497,none,0.0009257027979054629
5498,none,0.018993311271645788
5499,none,0.031031400275657567
5500,none,0.02903269503280411
5501,none,0.12252446108972918
5502,none,0.08639340511058854
5503,none,0.013350982612336044
5504,none,0.0014735120343480454
5505,none,0.018857693269157944
5506,none,0.03401181645401255
5507,none,0.01642475498329958
5508,none,0.5856647952856238
5509,none,0.029590895897543327
5510,none,0.06784315867294624
5511,none,0.1002060251149308
5512,none,0.0779268906491423
5513,none,0.08991375823283244
5514,none,0.43776726525974025
5515,none,0.021305160902375452
5516,unrelated,0.5176566585899611
5517,none,0.2240061337629506
5518,none,0.00032208723218972934
5519,none,0.0001158404140439581
5520,none,0.007644533394065746
5521,none,0.006568260339568092
5522,none,0.07584266458471797
5523,unrelated,0.23727470970310272
5524,none,0.2817720705930963
5525,none,0.00025870667304959136
5526,none,0.03809418384736409
5527,none,0.00015089814383852999
5528,unrelated,0.8325637492089255
5529,none,0.14253375566577517
5530,none,0.02092487844245232
5531,none,0.01985703159336112
5532,none,0.0007601490290541175
5533,none,0.0929435149987741
5534,unrelated,0.22000226779303822
5535,unrelated,0.5889564206977296
5536,none,0.06282503016638052
5537,none,0.07987329370142501
5538,none,0.0007468519814840099
5539,none,0.11100270102386585
5540,none,0.01769269738524567
5541,none,6.660892363874713e-05
5542,none,0.050347736471511195
5543,none,0.014231495910855152
5544,none,0.00031173728077260664
5545,none,9.779139928197131e-05
5546,none,0.035700020059893554
5547,none,0.0003229701833220236
5548,none,0.0039022089396926825
5549,none,0.002190663491327988
5550,none,0.0845053580629974
5551,none,0.007837725581992363
5552,none,0.011941577063141149
5553,none,0.001237777201988496
5554,none,0.00021820429283259154
5555,none,0.0003938029861876756
5556,none,0.19471371568189766
5557,none,0.035947013280428555
5558,none,0.026112527537355087
5559,none,0.00018941594118260677
5560,none,0.0147839593383096
5561,none,0.015819084478653125
5562,none,0.011067680692654019
5563,unrelated,0.7189957249081654
5564,none,0.00022490146476774456
5565,none,0.009776106957480178
5566,none,0.00020016316577816398
5567,unrelated,0.6805881691796593
5568,unrelated,0.6885615166958017
5569,none,0.0005016707034666062
5570,none,0.02425649086909395
5571,none,0.003326343827185582
5572,none,0.21844535838601342
5573,none,0.0015898659890015924
5574,none,0.027947562683294888
5575,none,0.03812352357935133
5576,none,0.0568784836101162
5577,none,0.050401638303918174
5578,none,0.0018514195623747273
5579,none,0.017361381606025593
5580,unrelated,0.4059355759698082
5581,none,0.01589404860952096
5582,none,0.014693494286389082
5583,none,0.12545881355955535
5584,none,0.0014370966661357474
5585,none,0.0381791425801418
5586,none,0.59969774069688
5587,none,0.2820935582003878
5588,none,0.0015165649250083902
5589,unrelated,0.3236962658022547
5590,none,0.00013065522885877292
5591,none,0.00025391682329383564
5592,none,0.28511142772596454
5593,none,0.05135978911063527
5594,unrelated,0.7109457506334533
5595,none,0.038221448435581146
5596,none,0.00021219498446278903
5597,none,0.00023110104749924295
5598,none,0.049286680702456113
5599,none,0.020429834940808682
5600,none,0.00044169702096873603
5601,none,0.028427688453789835
5602,none,0.012083231242799175
5603,none,0.03606740511983365
5604,none,0.029953141390609558
5605,none,0.01588335422065391
5606,unrelated,0.45726416012200377
5607,none,0.015559148312860536
5608,none,0.1098027961024441
5609,unrelated,0.04761818204391941
5610,unrelated,0.3805733625466652
5611,none,0.2712660035671479
5612,none,0.02047728575680996
5613,none,0.01464985928416108
5614,none,0.003267182263309383
5615,none,0.015748781138173615
5616,none,0.00016594416646503748
5617,none,0.0003229701833220236
5618,unrelated,0.31734519675013545
5619,none,0.0001802221977939803
5620,none,0.017938680390632837
5621,none,0.46225422390623494
5622,none,0.0010062849633485922
5623,none,0.06985557547747476
5624,none,0.08704770693864214
5625,none,0.0017029853162874315
5626,none,0.01314820668428663
5627,none,0.004496226590275199
5628,none,0.0005091612591761801
5629,none,0.006734665036248756
5630,none,0.5639224939464884
5631,none,0.02748152950967998
5632,none,0.016298411387408653
5633,none,0.000319368362161689
5634,none,0.0201577066883479
5635,none,0.00018871038125354797
5636,none,0.00440031419573217
5637,none,0.012600186441393409
5638,none,0.010015419242129736
5639,unrelated,0.6905196577463044
5640,none,0.01391989025350527
5641,none,0.07926714037835247
5642,none,0.016760966232497235
5643,none,0.0003110473564587926
5644,none,0.0008824961669590671
5645,none,0.00018941594118260677
5646,none,0.021255293912773837
5647,unrelated,0.38333573742844707
5648,none,0.019116761157677666
5649,none,0.039408529094414876
5650,none,0.10514637551653844
5651,unrelated,0.434625259219313
5652,none,0.019777454574585917
5653,none,0.016372474803543337
5654,none,0.0014825286156050215
5655,none,0.00022831031979268833
5656,none,5.7280285851714424e-05
5657,unrelated,0.6195061478529275
5658,unrelated,0.5992428381439309
5659,none,0.03434489007521055
5660,none,0.0012832404047390228
5661,none,0.004003716739688607
5662,none,0.015787224921571166
5663,none,0.01576085104156484
5664,none,0.1758008665480955
5665,none,0.02004570380074297
5666,none,0.01533985326251833
5667,none,0.016474474819283224
5668,unrelated,0.6436027376904838
5669,none,0.017297155088250332
5670,unrelated,0.6584830909637595
5671,none,0.001129238810278818
5672,none,0.008473076284486923
5673,unrelated,0.3481047242492541
5674,unrelated,0.2157041991792456
5675,none,0.041014056691596947
5676,none,0.0025552692410449472
5677,none,0.08295350885439307
5678,none,0.023267692333786213
5679,none,0.0001908948029540837
5680,none,0.07770034255080965
5681,none,0.0008037840160188847
5682,none,0.04364177466797637
5683,unrelated,0.634432189958498
5684,none,0.00015605463358559605
5685,none,0.00029599687070612073
5686,none,0.00313233889149242
5687,none,0.38795492910964724
5688,none,0.09137500734047402
5689,none,0.00023301864377922325
5690,none,0.1308193989801899
5691,none,0.4148310100565332
5692,none,0.014730109386952066
5693,none,0.00014336170916372844
5694,none,0.0005159280060803696
5695,none,0.0026759616278144815
5696,none,0.053282513744170146
5697,none,0.0024002047186880296
5698,none,0.02289000030112649
5699,none,0.000497158440157952
5700,none,0.01606852911514492
5701,none,0.012568273396780526
5702,none,0.19655246448701985
5703,none,0.30011091547872987
5704,unrelated,0.743100749841827
5705,none,0.17591903606710418
5706,none,0.02218209288889734
5707,none,0.01991200464088952
5708,none,0.019219466937567663
5709,none,0.2708781689893571
5710,none,0.0003727065070877185
5711,none,0.0022265476696995815
5712,none,0.06922684915904187
5713,none,0.032138844237693975
5714,none,0.006050682820036168
5715,unrelated,0.3402355396989969
5716,none,0.5805587878171898
5717,none,0.48182056471239787
5718,none,0.07252542154981687
5719,none,0.19769285267232817
5720,none,7.613084258019742e-05
5721,none,0.06967651795344354
5722,none,0.2580504296268971
5723,none,0.0007921399031663122
5724,none,0.03943768427402452
5725,none,0.018671010895492095
5726,none,0.0001552240835901634
5727,none,0.01802394318255759
5728,none,0.011113277204704003
5729,none,0.023070321188267174
5730,none,0.0032774165615006025
5731,none,0.011945396952689471
5732,none,0.0014439167306489482
5733,none,0.09135903848406113
5734,none,0.011426866652301845
5735,none,0.00013560363669698925
5736,none,0.0
5737,none,0.031626452133292286
5738,none,0.0009804664335765223
5739,none,0.0009495497472137893
5740,none,0.01892743280946437
5741,unrelated,0.7540768769380702
5742,none,0.02324878674131882
5743,none,0.06445616040607727
5744,none,0.0048810185983849536
5745,unrelated,0.34864602712989573
5746,none,0.14479664781102067
5747,none,0.00018417516357476334
5748,none,0.026616572276231387
5749,none,0.00012854689434891364
5750,none,0.0009913237637358613
5751,none,0.49209143524247606
5752,none,0.01177339782531086
5753,none,0.001269499077615
5754,none,0.000557458843998104
5755,none,0.012001385876682818
5756,none,0.0007300406403181768
5757,none,0.000565550763505146
5758,none,0.08991899588301255
5759,none,0.00022314564296153694
5760,none,0.0010669898381831995
5761,unrelated,0.5705756667212378
5762,none,0.01072806261913869
5763,none,0.0147838222109988
5764,none,0.044049542970843174
5765,none,0.01949343370838397
5766,none,0.0026884630248507845
5767,unrelated,0.1724863617994214
5768,none,0.00469691676225793
5769,none,6.273366948739942e-05
5770,none,0.08155726920208833
5771,none,0.052945159143616964
5772,none,0.0006778981256711083
5773,none,0.1563025277186058
5774,none,0.0002218853368277652
5775,none,0.0032972753436945807
5776,none,0.023555423287569908
5777,none,0.09323578342162442
5778,none,0.010096532031573817
5779,none,0.19671422947582257
5780,none,0.023944771776515942
5781,none,0.5476984776616919
5782,none,0.0007072826344259577
5783,none,0.0025948966575404762
5784,none,0.013141265508008575
5785,none,6.660892363874713e-05
5786,none,0.015351545416524623
5787,none,0.003061092145965761
5788,none,0.0003530920530583351
5789,none,0.02877300458287325
5790,none,0.07737294768910226
5791,none,0.002899949186500086
5792,none,0.005705450295209264
5793,none,0.02356782594977425
5794,none,6.660892363874713e-05
5795,none,0.35459609872439635
5796,none,0.008134608541073517
5797,none,0.011463255964417239
5798,none,0.0002019744625754294
5799,none,0.00018941594118260677
5800,none,0.30267816588092905
5801,none,0.0016621237362316236
5802,none,0.0007200372474974429
5803,none,0.020654596054166655
5804,none,0.001025305571450736
5805,none,0.5555796675707911
5806,none,0.5741247312864151
5807,none,0.0001695313527383433
5808,none,0.01208900725961975
5809,none,0.3557729982418221
5810,none,0.05164103036636531
5811,none,0.0005793391006325055
5812,none,0.0009941221207096847
5813,none,0.001930445256199498
5814,none,0.08185683622012334
5815,none,0.0851135030279206
5816,unrelated,0.7652409779322773
5817,none,0.00041833974591086643
5818,unrelated,0.2771267859369242
5819,none,0.0169371975198226
5820,none,0.00014585978596998346
5821,none,0.18784430102413907
5822,none,0.007823868595962043
5823,none,0.1388354018448306
5824,none,0.03936170944489748
5825,none,0.012749896250308876
5826,none,0.021060829276515414
5827,none,0.012560785502468062
5828,none,0.1461757493543494
5829,none,0.012399005613511373
5830,none,0.08165171466562246
5831,none,0.01192294281067264
5832,none,0.027262943434653932
5833,none,0.013324816686304029
5834,none,0.0005289674928692536
5835,none,0.029448971798876553
5836,none,0.0026442754967516417
5837,none,0.0870598225881324
5838,none,0.00032830483007149566
5839,none,0.00012078882188217444
5840,unrelated,0.6325827482306176
5841,none,0.001082841575906822
5842,none,0.04345528155834903
5843,none,0.0011589928217254155
5844,none,0.000429788112204558
5845,none,0.00012854689434891364
5846,none,0.026680664951485758
5847,unrelated,0.529270371835942
5848,none,0.00044934371582362737
5849,none,0.0188978903275517
5850,none,0.0004433182519682011
5851,none,0.017354153793743
5852,none,0.006847057823298966
5853,unrelated,0.4146889198575873
5854,none,0.5826985576139888
5855,none,0.14683726290807173
5856,none,0.00034245668576259264
5857,none,0.013738030741019662
5858,none,0.0012003817091790958
5859,none,0.5757313091683488
5860,none,0.11565840562591562
5861,none,0.041241693613051994
5862,none,0.12450274021839029
5863,none,0.3791738578205674
5864,none,0.00030198890667484967
5865,unrelated,0.7320977989955568
5866,none,0.028678852771109868
5867,none,0.6906295090644768
5868,none,0.0011480247694322873
5869,none,0.014898133790587416
5870,none,0.010985394890302667
5871,none,0.0017941463370344452
5872,none,0.016161692776790144
5873,none,0.002842389863347484
5874,none,0.024824760380905957
5875,none,0.3758352500316767
5876,none,0.01754576138181285
5877,none,0.03694828311453782
5878,none,0.36967758028507997
5879,unrelated,0.4372682209554766
5880,none,0.00148295418845785
5881,none,0.05096429609552277
5882,none,0.000732884303620653
5883,none,0.04881728154709527
5884,none,0.0002200966344395528
5885,none,0.000294047458885046
5886,none,0.0185001449529026
5887,none,0.016779121933556306
5888,none,0.21286508820753494
5889,none,0.00017003889840497825
5890,none,0.000201290124513539
5891,none,0.0009358125177232351
5892,none,0.0024468930800573066
5893,none,0.028298276078818695
5894,none,0.13734178304524192
5895,none,0.021919356016076894
5896,none,0.009847169007130268
5897,none,0.00013560363669698925
5898,none,0.03013082052092832
5899,none,0.29997145216343607
5900,none,0.5051103929212655
5901,none,0.000989177395408691
5902,none,0.0009707863407551234
5903,none,0.045934056847356394
5904,none,0.3016849057670042
5905,none,0.027062826722777437
5906,none,0.010073992408230903
5907,none,0.042793785810062365
5908,none,0.12419348375846634
5909,none,0.00012078882188217444
5910,none,0.000969371334026696
5911,none,0.10466467228875662
5912,none,0.12668582110897508
5913,none,0.0018181501688089516
5914,unrelated,0.4631382848870674
5915,none,0.12503512940149894
5916,none,0.04395348574027241
5917,none,0.015823971647141766
5918,none,0.0626300368789736
5919,none,0.6223821623215018
5920,none,0.008895525959731193
5921,none,0.0012229614908272205
5922,none,0.01772564863771073
5923,none,0.029086367305650288
5924,none,0.03125738781197631
5925,none,0.020919337504101035
5926,none,0.019109739436791187
5927,none,0.01495491100149856
5928,none,0.0006177066003968429
5929,none,0.017351981191532324
5930,none,0.06513705314268972
5931,none,7.754848430221423e-05
5932,none,0.016349168782420972
5933,none,0.023828211745594473
5934,none,0.0006685132142281394
5935,unrelated,0.6730387338184787
5936,none,0.0012054575029213518
5937,none,0.07019116064747842
5938,none,0.0019463908238580385
5939,none,0.03054479891561308
5940,none,0.026194532473815244
5941,none,0.00024052259451735918
5942,unrelated,0.6426315653048869
5943,none,0.00012078882188217444
5944,none,0.05404379175814588
5945,none,0.001063740100419594
5946,none,0.012212003893328405
5947,none,0.009408789893028853
5948,none,0.022712270777358493
5949,none,0.0008788909245387896
5950,unrelated,0.7194887151765061
5951,none,0.17458570142023824
5952,none,0.011582710947186237
5953,unrelated,0.2316801777584071
5954,none,0.011176694381002881
5955,none,0.014862165352003217
5956,unrelated,0.6115320965767349
5957,unrelated,0.7131679436412592
5958,none,0.035018824386175956
5959,none,0.008767177664276751
5960,none,0.10173053851662817
5961,none,0.018186480523834713
5962,none,0.01043817050173361
5963,none,0.0006279094874543353
5964,none,0.00012854689434891364
5965,none,0.013426853441753948
5966,unrelated,0.41792782433095793
5967,none,0.16919164568282546
5968,none,0.014686287404648357
5969,none,0.04791871193092576
5970,none,0.00029156813143441123
5971,none,0.0013511600665980744
5972,none,0.002349277182250453
5973,none,0.05420788668705624
5974,none,0.0012236012990330333
5975,none,0.0005422565421026827
5976,none,0.047743999067796736
5977,unrelated,0.4173311352166047
5978,none,0.02116653630504847
5979,none,0.00020570961776889856
5980,none,0.027678909642718526
5981,none,0.00011914432277997728
5982,none,0.34083478880040924
5983,none,0.007946014206619962
5984,none,0.01754125918707159
5985,none,0.4471207743138119
5986,none,0.0008122338673214958
5987,none,0.03478093704072687
5988,none,0.021746368506071086
5989,none,0.013658059649919558
5990,none,0.011811510884498493
5991,unrelated,0.6427997073339143
5992,none,0.010644626958661713
5993,none,0.03503511670455767
5994,none,0.013327740486215229
5995,none,0.00024625644920041583
5996,none,0.00012941106561679914
5997,none,0.019258242715446575
5998,none,0.002680371443208183
5999,none,0.06448122947448971
6000,unrelated,0.6413923991989572
6001,none,0.03485751470458566
6002,none,0.33488100613449684
6003,none,7.931540394370266e-05
6004,unrelated,0.5897215530355264
6005,none,0.0026618019881834193
6006,none,0.0024961029937354043
6007,none,0.012751381544891836
6008,none,0.07359508013151615
6009,none,0.01734458720883148
6010,none,0.03007334578750193
6011,none,0.001956747230653308
6012,none,0.03910381329793975
6013,none,0.0014062620540411215
6014,unrelated,0.5818685529286175
6015,none,0.017750776838867454
6016,none,0.00029205195019577453
6017,unrelated,0.13681731732748975
6018,none,0.022422693977904487
6019,none,0.03841833860859601
6020,none,0.0010289106138545998
6021,none,0.0002311988202425293
6022,none,0.00018941594118260677
6023,none,0.0646627704775777
6024,none,0.06265300667780654
6025,none,0.12184723915623408
6026,none,0.00021851412753572414
6027,none,0.016708260291934146
6028,none,0.039520448888008465
6029,none,0.0005370814131467829
6030,none,0.012399441543581973
6031,none,0.02022918477697262
6032,none,0.0061424912024638754
6033,none,0.3496501529795578
6034,none,0.027785629103630763
6035,none,0.02787740725761179
6036,none,0.3405299236605053
6037,none,0.018072282625886633
6038,none,0.020386553476244566
6039,none,0.040839218295316365
6040,none,0.011134935430604998
6041,none,0.011637829757391678
6042,none,0.02071883929829672
6043,unrelated,0.6385329848800892
6044,none,0.0036009122984496044
6045,none,0.008853473746514781
6046,unrelated,0.17875469249188555
6047,unrelated,0.1029774789377084
6048,unrelated,0.7064438320718257
6049,none,0.0009787270263709202
6050,unrelated,0.5266299938713881
6051,none,0.011968860151764254
6052,none,0.01657923044069021
6053,none,0.019049942646636724
6054,unrelated,0.6184649220814142
6055,none,0.025507927242018825
6056,none,0.05882012303388115
6057,none,0.0010174648769581307
6058,none,0.002119596412797799
6059,none,0.00013065522885877292
6060,none,0.00011334908483579258
6061,none,0.005380739963147666
6062,none,0.23291184172614415
6063,none,0.0006787461448275306
6064,none,0.011151027065423235
6065,none,0.19483412514972756
6066,unrelated,0.7141561850106726
6067,none,0.02766913003290823
6068,none,0.0001466308410052686
6069,none,0.009937707140403066
6070,none,0.0022236263303574526
6071,none,7.754848430221423e-05
6072,none,0.024589022576240883
6073,none,0.02987802886118927
6074,none,0.0002689039981058945
6075,none,0.0002557562790308318
6076,unrelated,0.20389276420908825
6077,none,0.0002083308281467221
6078,none,0.01343730904184467
6079,none,0.06226110660029827
6080,none,0.0
6081,none,0.09540434341276205
6082,unrelated,0.7518454634987336
6083,none,0.0005017064391014521
6084,none,0.0010386414072954286
6085,none,0.0008025425031144655
6086,none,0.1414801392476045
6087,none,0.00011595597232206303
6088,unrelated,0.7639194672824726
6089,none,0.01519561367967694
6090,none,0.014445467612287106
6091,none,0.004957954809282117
6092,none,0.020388159826396243
6093,none,0.03273661274944652
6094,none,0.01081421363927849
6095,none,0.014308389293917105
6096,none,0.03251638814876473
6097,none,0.038012878937211086
6098,none,0.012938946789177704
6099,unrelated,0.5322946115193309
6100,none,0.00028924372219364176
6101,none,0.049476297632497675
6102,none,0.056388382189251865
6103,none,0.030106839710154785
6104,none,0.03393147199910163
6105,none,0.0005311466950458927
6106,none,0.0011342321581667935
6107,unrelated,0.3723591642549479
6108,unrelated,0.4850634863981827
6109,none,0.09329546680578492
6110,none,0.08172759456331237
6111,none,0.00023416656924219473
6112,none,0.12759142495486048
6113,none,0.3030498845406493
6114,unrelated,0.7756227593537536
6115,none,0.04770668131972139
6116,none,0.2682945153374451
6117,none,0.24229344549489107
6118,none,0.004278068262173799
6119,none,0.0005550911081272485
6120,none,0.02140339605824951
6121,none,0.0251733281213037
6122,none,0.2640026039992772
6123,none,0.0010174648769581307
6124,none,0.001104623102184513
6125,none,0.1727958741092191
6126,none,0.009004485828042775
6127,none,0.02189814416357496
6128,none,0.007755410334748585
6129,none,0.010073121908684066
6130,unrelated,0.4329373885363893
6131,unrelated,0.3917183377836996
6132,none,0.038044443727940365
6133,unrelated,0.7120169801971841
6134,none,0.002262230812177303
6135,none,0.35163108768644535
6136,unrelated,0.7689662373696688
6137,none,0.01228952250069793
6138,none,0.1323264859277721
6139,none,0.027939938124690613
6140,none,0.020400826386532588
6141,none,0.005418323938703703
6142,none,0.001701285199643608
6143,none,0.0014226876895929363
6144,none,0.041445186232254835
6145,none,0.012749374840044993
6146,none,0.0001614456558200834
6147,none,0.0016929226346777185
6148,unrelated,0.6303433416174588
6149,none,0.00011595597232206303
6150,none,0.00020570961776889856
6151,none,0.00020895329623330503
6152,none,0.0037566333806593427
6153,none,0.033646400062135845
6154,none,0.007626834605546278
6155,unrelated,0.622015810307718
6156,none,0.009496234016103878
6157,none,0.01611997181818183
6158,none,0.00017815359647296804
6159,none,0.02034430278003647
6160,none,1.1544011544011544e-05
6161,none,0.20905229109923187
6162,none,0.002547780539923005
6163,none,0.019008266720170988
6164,none,0.013098647105992407
6165,unrelated,0.3560654089456742
6166,none,0.003188753449404347
6167,none,0.048105764551198124
6168,none,0.007074760719999429
6169,none,0.1284344272480962
6170,none,0.027090457127671583
6171,none,0.001484855858899737
6172,none,0.0701463521093308
6173,none,0.001200121898626949
6174,none,0.00021851412753572414
6175,none,0.020733348694895494
6176,none,0.00043131213825903724
6177,none,0.05042183161436655
6178,none,0.0002253300646620727
6179,none,0.3412742037674007
6180,none,0.00023155163689199266
6181,unrelated,0.6108053053976099
6182,none,0.11562937764577509
6183,none,0.07880705090325624
6184,none,0.16278725357061594
6185,none,0.04685007440267826
6186,none,0.12377146254110274
6187,none,0.007097983158107891
6188,none,0.005296549187947229
6189,none,0.0019000215425352901
6190,none,0.0005589667876945777
6191,unrelated,0.7025358590224591
6192,unrelated,0.7370686229342263
6193,none,0.10925745597799078
6194,none,0.00013560363669698925
6195,none,0.0002268682432664387
6196,none,0.00018871038125354797
6197,none,0.2494819037195505
6198,none,0.018096221205227168
6199,none,0.014686886253014415
6200,unrelated,0.7467079809388538
6201,none,0.09065434215673955
6202,none,0.0019659749925086925
6203,none,0.06557350961091095
6204,none,0.03371598085431353
6205,none,0.009492042880450758
6206,none,0.0017081928677584672
6207,none,0.026077386287927
6208,none,0.10395431999859099
6209,none,0.4693383137588761
6210,none,0.00014103173686193154
6211,none,0.014342855863709883
6212,none,0.019653006038834332
6213,none,0.26108228116464727
6214,unrelated,0.4572061530793533
6215,none,0.004536518844231218
6216,none,0.0006130135133521975
6217,none,0.015239848324934753
6218,none,0.11969874664068916
6219,none,0.006912768530965709
6220,none,7.931540394370266e-05
6221,none,0.05972003523115827
6222,none,0.002135881215867601
6223,unrelated,0.5117355503252855
6224,none,0.008452864812061917
6225,none,0.013945051676780854
6226,none,0.11708132241277427
6227,none,0.012510424852362504
6228,none,0.11402456679285576
6229,none,0.00017003889840497825
6230,none,0.024710053045065825
6231,none,0.2313990964916455
6232,none,0.31972043606746675
6233,none,0.025962482354765143
6234,none,0.0015107249198300376
6235,none,0.0008824961669590671
6236,none,0.027703294377601603
6237,none,0.01290030329906039
6238,none,0.03178171586139905
6239,none,0.3517160197065135
6240,none,0.048426585542351734
6241,none,0.031909965444175035
6242,none,0.0004529820104452718
6243,none,0.01859915694616976
6244,none,0.02773302202813937
6245,none,0.018002033334321682
6246,none,0.0002083308281467221
6247,none,0.45515199998874806
6248,none,0.1314166129583468
6249,none,0.0418297541233864
6250,none,0.0013471889852789975
6251,none,0.00018941594118260677
6252,none,0.0005218209131413496
6253,none,0.0074819195283300135
6254,none,0.0017023206068100144
6255,none,0.09154392133661564
6256,none,0.08488400390620171
6257,unrelated,0.4999437708414552
6258,none,0.019931127862343943
6259,none,0.01813908545709354
6260,none,0.012499156965117384
6261,none,7.931540394370266e-05
6262,none,0.6086737587773187
6263,none,0.00015584655167674634
6264,none,0.012139210517839248
6265,none,0.024643920061949567
6266,unrelated,0.6923598845252436
6267,none,0.010825879440655965
6268,none,0.073903246852405
6269,none,0.052318837791642335
6270,none,0.005042360604973468
6271,none,0.00053415281738655
6272,none,0.05552499782685169
6273,none,0.00023551336405107473
6274,unrelated,0.3996485251324618
6275,none,0.06431027085342551
6276,none,0.08635697049732222
6277,none,0.024723834221060677
6278,none,0.028262128785799333
6279,none,0.01808068452912779
6280,unrelated,0.6788232880202766
6281,none,0.09810069073294002
6282,unrelated,0.575560243849052
6283,none,0.00010882973662439876
6284,none,0.004585088272583676
6285,none,0.00010114115750724822
6286,none,0.0030982260556114746
6287,none,0.057981941907859824
6288,none,0.08835481296540375
6289,none,0.015820633734296714
6290,none,0.0008729675132405248
6291,unrelated,0.6424832485145849
6292,unrelated,0.2813500854766529
6293,none,0.18980132035524241
6294,none,0.0002711375165730325
6295,unrelated,0.4916203570769848
6296,none,0.024744622085222153
6297,none,0.02623034857542312
6298,none,0.012448694924590761
6299,none,0.04908279771198781
6300,none,0.016984412043573385
6301,none,0.5050585177973067
6302,none,0.01262356575645557
6303,none,0.07170313241264306
6304,none,0.03175002572529449
6305,none,0.04866727020920987
6306,none,0.02162072567621214
6307,none,0.0008682142309632987
6308,none,0.015436485993613004
6309,none,0.021400668061834174
6310,none,0.0153258190203363
6311,none,0.016339842919780717
6312,none,0.031900660948899484
6313,unrelated,0.6973664973362668
6314,none,0.001039495034127278
6315,none,0.00012078882188217444
6316,unrelated,0.7899115131507766
6317,none,0.2218941639734901
6318,unrelated,0.6715059989760479
6319,none,0.0006450583319619702
6320,none,0.00010887233216103858
6321,none,0.13408501163957892
6322,none,0.011811069322472865
6323,none,0.09459122455143533
6324,none,0.00039319279027028703
6325,none,0.015548579336894046
6326,none,0.655224152150734
6327,none,0.0026254257033672874
6328,none,0.033642901296837335
6329,none,0.025464652488677214
6330,none,0.003405665731238052
6331,none,0.0009868264973467717
6332,none,0.04613056440018046
6333,none,0.0003708035506496912
6334,none,0.0205349081882495
6335,none,0.00017389556643873313
6336,none,0.0053325998176705315
6337,unrelated,0.7175443477738103
6338,none,0.012165975418663943
6339,none,0.00019446212160544485
6340,none,0.028010556976407423
6341,none,0.036089740112249365
6342,none,0.01400592654415551
6343,none,0.03415507875092803
6344,none,0.0014031357604640028
6345,none,0.0013948630107124143
6346,none,0.002078484654511263
6347,none,0.0005738048186909139
6348,none,0.0937407370623437
6349,none,0.0006382891540564841
6350,unrelated,0.35212715690961294
6351,none,0.0953560091341444
6352,none,0.02308670912863995
6353,none,0.08306355750492816
6354,none,0.00022294220905834622
6355,none,0.08974653695498351
6356,none,0.3182102144206186
6357,none,0.02496588879870179
6358,none,0.07329198265310306
6359,none,0.00017785596176436477
6360,none,0.00848307842860848
6361,none,0.17562909516812486
6362,none,0.001098493572882216
6363,none,0.0005070053502160782
6364,none,0.00026450160779656877
6365,none,0.013113223311543213
6366,none,0.013179168111017063
6367,none,0.05153956789217814
6368,none,0.0005925631146628327
6369,none,0.0168845392682593
6370,none,0.02044521423139122
6371,none,0.057809422611750066
6372,none,0.016854617891733467
6373,none,0.0008682142309632987
6374,unrelated,0.5118815161857063
6375,none,0.0197857989744116
6376,none,0.04234067210030419
6377,none,0.017294913164107095
6378,unrelated,0.7720562727521948
6379,none,0.00039953560960346733
6380,none,0.00243678031052942
6381,none,0.24696808340482604
6382,none,0.005289112916614562
6383,none,0.0012479281603333372
6384,none,0.010053767584550188
6385,none,0.09868977466003605
6386,none,0.019646043826192054
6387,none,0.01810350209775945
6388,none,6.660892363874713e-05
6389,none,0.00043111599505031117
6390,unrelated,0.42683462303933906
6391,none,0.031875636237761296
6392,none,0.09475342249605401
6393,none,0.0003299362464675061
6394,none,0.019153787914324635
6395,none,0.023471610291643706
6396,none,0.0003068682432664387
6397,none,0.00015399536247305638
6398,none,0.05540344050337993
6399,none,0.03841935399462619
6400,none,0.34402610537667416
6401,none,0.024241118261016797
6402,none,0.0005470712209529245
6403,none,0.011367267604339273
6404,none,0.00011636617129920032
6405,none,0.00012168518211451811
6406,none,0.037989704085986606
6407,none,0.00018941594118260677
6408,none,0.004670262505450641
6409,none,0.028863179098751454
6410,none,0.022747580158207593
6411,none,0.019818103166724096
6412,none,0.1373845960059857
6413,none,0.0003212443593770901
6414,none,0.0002416693703138935
6415,none,0.0036982179689618398
6416,none,0.2161974865655917
6417,none,0.10688285688267117
6418,none,0.0008298189108281545
6419,none,0.0012330062365533854
6420,none,0.011392831114000352
6421,none,0.013005472219925143
6422,none,0.061876195837063566
6423,none,0.3171368433745346
6424,none,0.05137608727791648
6425,unrelated,0.20290385992863347
6426,none,0.06711122019721877
6427,none,0.010916387008387499
6428,none,8.29765844671565e-05
6429,none,0.1664031544501821
6430,none,0.021945417070423454
6431,none,0.0018796053225579063
6432,none,0.009892633048127531
6433,none,0.0031445447629126957
6434,none,0.39578061429828865
6435,none,0.4890109288154108
6436,none,0.0283461463391704
6437,none,0.06948201716171942
6438,none,0.0027284399781596137
6439,none,0.00014103173686193154
6440,none,0.009273069965405716
6441,none,0.00016760608449141456
6442,unrelated,0.4553342632974268
6443,none,0.027502504337045174
6444,none,0.42254261452790653
6445,none,0.20880137447102398
6446,none,0.4517398995686209
6447,none,0.00019468001802319806
6448,none,0.00016090063634704318
6449,none,0.0013377519027489612
6450,none,0.022717003444876947
6451,none,0.05178864351045362
6452,unrelated,0.5095904445644073
6453,none,0.0006844247438228009
6454,none,0.02445224671015805
6455,none,0.08544858908308602
6456,unrelated,0.519661024642189
6457,none,0.07701123854451077
6458,none,0.02473590698383705
6459,none,0.00037281976165006966
6460,none,0.0005902456455882002
6461,none,0.03956955981444921
6462,none,0.0001690627168786217
6463,none,0.06185751502492583
6464,none,0.10696051779101523
6465,none,0.005868141205263394
6466,none,0.14089018112320598
6467,none,0.025132096645446182
6468,none,0.00014598207061036934
6469,none,0.027997398911757
6470,none,0.1225383778189601
6471,none,0.016915239581709193
6472,none,0.049245268899542956
6473,none,0.008108040132962156
6474,none,0.00016390448788866229
6475,none,0.000669931150464915
6476,none,0.014231157016115296
6477,none,0.020410526617828353
6478,none,0.002051565726046799
6479,none,0.00012364455143921358
6480,none,1.1544011544011544e-05
6481,none,0.08396371949274122
6482,none,0.09246549189093102
6483,unrelated,0.6187883344779707
6484,none,0.3170784511859839
6485,none,9.025496460716975e-05
6486,none,0.0018648423790968366
6487,unrelated,0.6457240868135109
6488,none,0.05203764804249678
6489,none,0.0030353336058216917
6490,none,0.0008457127054681764
6491,unrelated,0.7509948597639806
6492,none,0.18496696028175008
6493,none,0.019682984633877
6494,none,0.07696187208791766
6495,none,0.10007531419081442
6496,none,0.0036123474509651915
6497,none,0.3259290898903013
6498,none,0.06036355384995871
6499,none,0.017856473429756558
6500,none,0.0001261200111799883
6501,none,0.3368424425267623
6502,none,0.000926243610049422
6503,none,0.019026420578303418
6504,none,0.026327042035439088
6505,none,0.025811682575067493
6506,none,0.014632934735291678
6507,none,0.00046009089792038515
6508,none,0.015094611932762174
6509,none,0.02187422025328832
6510,none,0.0007910779373134636
6511,none,0.0013842864219247328
6512,none,0.0012719840952886323
6513,none,0.10108844637075284
6514,none,0.00048214358881160997
6515,none,0.02570366073317796
6516,none,0.0009025764882442076
6517,none,0.00018251781017335783
6518,none,0.026933465923908814
6519,none,0.0001220581775713224
6520,none,0.011804377848227623
6521,none,0.013921830010390499
6522,none,0.01186815880543459
6523,unrelated,0.7650325037495348
6524,unrelated,0.7613254058826552
6525,unrelated,0.6636488031758462
6526,none,0.023418013494904626
6527,unrelated,0.638855906278139
6528,unrelated,0.6732525784959945
6529,none,9.025496460716975e-05
6530,none,0.011603962473904656
6531,unrelated,0.6231377614949903
6532,none,0.013786706124550612
6533,none,0.09409829767980941
6534,none,0.09046570478713517
6535,none,0.25719334115519765
6536,none,4.8997149678310455e-05
6537,none,9.779139928197131e-05
6538,none,0.08650805940042412
6539,none,0.015423440797888084
6540,none,0.0018458477486218772
6541,none,0.4607649592720168
6542,unrelated,0.4696313675203659
6543,unrelated,0.3528138481038543
6544,unrelated,0.7706664938644721
6545,none,0.008222281920660797
6546,none,0.015578109663723248
6547,none,0.05501318181150906
6548,none,0.001664709520737766
6549,none,0.0004203698904584761
6550,none,0.000243388557941294
6551,unrelated,0.5544799305029893
6552,none,0.0088194614550101
6553,none,0.02127149835884533
6554,unrelated,0.38840219175440127
6555,none,0.01966356514906936
6556,none,0.00013560363669698925
6557,none,0.00035980359084425694
6558,none,0.43070463757336513
6559,none,0.027044942029854354
6560,none,0.03781305648682437
6561,none,0.17516216509708704
6562,none,0.014209260372968546
6563,none,0.0008050798271254125
6564,none,0.1799591142330297
6565,unrelated,0.47160943213943496
6566,none,0.001774096964758609
6567,none,0.013740238824747997
6568,none,0.020605450442354827
6569,none,0.10569015829925972
6570,none,0.00011595597232206303
6571,unrelated,0.16173596987242633
6572,unrelated,0.5516945092960728
6573,none,0.005498696956720935
6574,none,0.0013770020857211684
6575,none,0.1755653140299285
6576,none,0.016050736351443044
6577,none,0.03510829382223188
6578,none,0.0010799297733252214
6579,none,0.012439156744527568
6580,none,0.00015089814383852999
6581,unrelated,0.562541218227407
6582,none,0.15876086730403471
6583,none,0.00256068546137911
6584,none,0.0021595070502648532
6585,none,0.026562252559584193
6586,none,0.024816903746033864
6587,none,6.660892363874713e-05
6588,none,0.0018451998120498213
6589,none,0.3699683482484031
6590,none,0.00029601149959841363
6591,none,0.04295534402841546
6592,none,0.000605978665025246
6593,none,0.00014128888216810085
6594,none,6.660892363874713e-05
6595,none,0.033683462748015376
6596,none,0.00020016316577816398
6597,none,0.0009845131663072748
6598,none,0.061030471537187304
6599,none,0.0001581466978007072
6600,none,0.08845668654665273
6601,unrelated,0.39228819688032696
6602,none,0.012197380403615505
6603,none,0.03630434374392156
6604,none,0.011480536083673958
6605,unrelated,0.3994829218290954
6606,none,0.029289864727754904
6607,unrelated,0.606348925036049
6608,none,0.06323987932484963
6609,none,0.0002162496993569375
6610,none,0.08217550698009844
6611,none,0.044491112153206246
6612,none,0.09152384777316724
6613,none,0.0012368982537270883
6614,none,0.014263237359546814
6615,none,0.00029375082973609793
6616,none,0.006011839633123369
6617,none,0.007143916285329638
6618,unrelated,0.49324862714432754
6619,none,0.3521415386522822
6620,none,0.011680073460023508
6621,none,0.0012411877478746452
6622,none,0.12755566621898973
6623,none,0.17650609476960916
6624,none,0.012469771305535192
6625,none,0.005979623924761451
6626,unrelated,0.13368997119877155
6627,none,0.10391205440672036
6628,none,0.016661113239583997
6629,none,0.03519391129525357
6630,none,0.011942883946163475
6631,none,0.019592018012264904
6632,none,0.011239446607315701
6633,none,0.3652625119898682
6634,none,0.10577816276952069
6635,none,0.00020991333505055075
6636,none,0.0005808545285271257
6637,none,0.001560002021082757
6638,none,0.03842391751199654
6639,none,0.06278744429804343
6640,none,0.011554436144297815
6641,none,0.0033069917469096934
6642,none,0.022870256986696917
6643,none,0.29636499906008545
6644,none,0.00017815359647296804
6645,none,0.2915495039391318
6646,none,0.08407593400632411
6647,none,0.017132226275666892
6648,none,0.0006650757120877545
6649,unrelated,0.5830273366067066
6650,none,0.0028964984207944825
6651,none,0.02043971828506753
6652,none,0.0009804173100242705
6653,none,0.00022831031979268833
6654,none,0.01590021024783306
6655,none,0.0771098674044362
6656,none,0.0627192804100057
6657,unrelated,0.2708659136232093
6658,none,0.00015424790206380691
6659,none,0.06667277434824989
6660,none,0.5349039611734365
6661,none,0.0038778456823658617
6662,none,0.0010622682460458036
6663,none,0.5687063661481667
6664,none,0.05680701156845868
6665,none,0.024460866017739745
6666,none,0.12587812540020557
6667,none,0.005255406520874377
6668,none,0.021611471653805205
6669,none,0.00011236146105067486
6670,none,0.09324879691156818
6671,unrelated,0.6434683625970563
6672,none,8.441397875360138e-05
6673,none,0.03068659686802209
6674,none,0.15545074030730374
6675,none,0.0970326786578471
6676,none,0.010568027991449737
6677,none,0.026649711181467497
6678,none,0.3173136344664992
6679,none,0.10032859802643433
6680,none,0.014523662986974878
6681,none,0.000965441179872931
6682,none,0.013553609157684934
6683,none,0.1557604169130385
6684,none,0.012838348842633455
6685,none,0.0003089563824526366
6686,none,0.0006570112002112564
6687,none,0.010553529962401047
6688,none,0.248950538201972
6689,none,0.2621508458746639
6690,none,0.004479502344666792
6691,none,0.0010539095659738843
6692,none,0.05236639836624289
6693,unrelated,0.3939008019816459
6694,none,0.026416365025491304
6695,none,9.025496460716975e-05
6696,none,0.0007272377388603862
6697,unrelated,0.369696103104165
6698,none,0.041501818082508996
6699,none,0.24420328299951316
6700,none,0.00013065522885877292
6701,none,0.03044467136198383
6702,none,0.09879658294039141
6703,none,0.011355385866249696
6704,none,0.061680516424551406
6705,unrelated,0.5340253227754992
6706,none,0.00019739026732976442
6707,none,0.00013507780909095864
6708,none,0.24677200565407123
6709,none,7.754848430221423e-05
6710,none,0.013616549873576456
6711,none,0.019286346799452243
6712,none,0.11096895838712272
6713,none,0.0004981245079749693
6714,none,0.013996907321853784
6715,none,0.0015444823268339766
6716,none,0.002235880701087278
6717,none,0.16986073986233868
6718,none,0.08215770740391468
6719,none,0.0010893830685726037
6720,none,0.017325252446804305
6721,none,0.0673998454876356
6722,unrelated,0.5156302662684644
6723,none,0.011955320980221007
6724,none,0.037161065262105865
6725,none,0.3349793617781876
6726,none,0.04260490812775394
6727,none,0.1583663478271154
6728,none,0.006116315063796506
6729,none,0.0003522056484172929
6730,none,0.015762255605576255
6731,none,0.02577823360044678
6732,none,0.11438815504862532
6733,none,0.29793383736664547
6734,none,0.0006787461448275306
6735,none,0.013856254718441818
6736,none,4.6861075432504004e-05
6737,none,0.011352778212371914
6738,none,0.28458241241381343
6739,none,0.01653686227530092
6740,none,0.016201970466081926
6741,none,0.0005988603741774035
6742,none,0.02003124047006196
6743,none,0.03550934032684634
6744,none,0.012277552741161204
6745,none,0.00243812620776594
6746,none,0.22040716307903715
6747,none,0.01700618978709356
6748,none,0.018540448152197405
6749,none,0.0003306374340894548
6750,none,0.01113453580531209
6751,none,0.015987124569585204
6752,none,0.007447328609665975
6753,none,0.0002550812071319881
6754,none,0.19351940083459696
6755,none,0.05133564913761309
6756,none,0.0007320403987013756
6757,none,0.019754772632907015
6758,none,0.0004906113298014652
6759,none,0.0020395044042733983
6760,none,0.18965598238824366
6761,none,0.012493621782610454
6762,none,0.015735289910691338
6763,none,0.024119017938021257
6764,unrelated,0.5024221432455522
6765,none,0.011196173425415725
6766,none,0.03341336629603855
6767,none,0.015742212450355463
6768,none,6.940177374959984e-05
6769,none,0.00019413848141849023
6770,none,0.00015076894907052366
6771,none,0.00012168518211451811
6772,none,0.014267049675456465
6773,none,0.011445937858556911
6774,none,0.030730001870840865
6775,none,0.00010114115750724822
6776,none,0.017008918184016723
6777,none,0.019599361884835406
6778,none,0.15324860059569217
6779,none,0.331686917001667
6780,none,0.1614992259142428
6781,none,0.015619769719433836
6782,unrelated,0.6416215922318943
6783,none,0.0006279094874543353
6784,none,0.18181469063732272
6785,none,0.02152149087413316
6786,none,0.005475726144550386
6787,none,0.0003372242836039567
6788,unrelated,0.6444438495051587
6789,none,0.3592382610762492
6790,none,0.0007876016778909506
6791,none,0.0007841710569503326
6792,none,2.6358826358826355e-05
6793,none,0.0004570930301332364
6794,none,0.04613290436355974
6795,none,0.2817001561224966
6796,none,0.002177087555184575
6797,none,0.0008279000502233384
6798,none,0.00013056527882844272
6799,none,0.008331164825647558
6800,none,0.08422829625810441
6801,none,0.03795579065282964
6802,none,0.00013560363669698925
6803,none,0.04254544303441413
6804,none,0.1307782855494828
6805,unrelated,0.6841797475505367
6806,none,0.009132322074182807
6807,none,0.0015698378916581468
6808,none,0.0022703995364836936
6809,none,0.10164668429018475
6810,none,0.01958196974511904
6811,none,0.02410248401178826
6812,none,0.05394508805177864
6813,none,0.0002997490175785048
6814,none,0.0004833839933857251
6815,none,0.032601030222410204
6816,none,0.3683401796579162
6817,none,0.017623467337076964
6818,none,0.0005585472807319584
6819,none,0.027816903872332776
6820,unrelated,0.5218912924474798
6821,unrelated,0.44014791231570244
6822,none,0.0084205971558842
6823,none,6.660892363874713e-05
6824,none,0.014521477938645343
6825,none,0.018700555044414525
6826,none,0.015728641580512813
6827,none,0.017204321493960915
6828,none,0.04113504546535103
6829,none,0.02369534807936327
6830,none,0.028533877351500356
6831,none,0.00011595597232206303
6832,none,0.034228898444653315
6833,unrelated,0.24251459068678205
6834,none,0.3247380912335005
6835,none,0.010599252915365344
6836,none,0.0007767524546336448
6837,none,0.0009682945522484393
6838,none,0.07906713641529298
6839,none,9.025496460716975e-05
6840,none,0.0009302189765365629
6841,none,0.032596254522914314
6842,none,0.03846238407284874
6843,none,0.0009112317991429751
6844,none,0.0033631491530298923
6845,none,0.021844069472001154
6846,none,0.11344656594250438
6847,none,0.00019356424101125795
6848,none,0.16558130831027518
6849,none,0.05291090813017303
6850,unrelated,0.5742173203847998
6851,unrelated,0.705470317383153
6852,unrelated,0.7105932965218329
6853,none,0.01625320625505512
6854,none,0.32970893948177293
6855,none,0.09421475114610267
6856,none,0.017999078474529025
6857,none,0.14362754398492983
6858,none,0.10208569290333934
6859,none,0.07774630527313234
6860,none,0.01384673832378737
6861,none,0.0031117215931469318
6862,none,0.029260061437212846
6863,none,0.14508618205917367
6864,none,0.07863128925538318
6865,none,0.0003229701833220236
6866,none,0.0489288427091107
6867,none,0.013838800871651062
6868,none,0.0033700639681695983
6869,none,0.00020467522386068978
6870,none,0.0002416693703138935
6871,none,0.012771526691606772
6872,none,0.0004947310292388661
6873,none,0.21314382861513947
6874,unrelated,0.3324476876940298
6875,none,0.023760370985258766
6876,none,0.4657778192429158
6877,none,0.01615031495376944
6878,none,0.002028005802562969
6879,none,0.00021463854170441658
6880,none,0.0
6881,none,0.025427025033843743
6882,none,0.3427817426705082
6883,none,0.006084224486001658
6884,none,0.1765475253344841
6885,none,0.025866739355929487
6886,none,0.44612255681416946
6887,none,0.013984853247548175
6888,none,0.05747878495401693
6889,none,0.1432582201544426
6890,none,0.020689284080493385
6891,none,0.022642342348278537
6892,none,0.0004835289833996058
6893,unrelated,0.45822661546427346
6894,none,0.050213926219320346
6895,none,0.0966591160473536
6896,none,0.018391523152784073
6897,unrelated,0.11695560196171845
6898,none,0.01754553964867455
6899,none,0.08475262411119504
6900,none,0.06755920047849315
6901,none,0.0030410204055560885
6902,none,0.07811339600550399
6903,none,0.016910623513149373
6904,unrelated,0.5707728603894364
6905,none,0.00016193648118095747
6906,none,0.045450361014491084
6907,none,0.013231851473241263
6908,none,0.014068540284213248
6909,unrelated,0.6794562604117828
6910,none,0.0076995677294032375
6911,none,0.2493010054091082
6912,none,0.008465752863538468
6913,none,0.042586645990513816
6914,none,0.0024818244937529588
6915,none,0.0008913638519999676
6916,none,0.00014336170916372844
6917,none,0.0027700920600277953
6918,none,0.06672039316629848
6919,none,0.021343005073611625
6920,none,0.04536863749865442
6921,unrelated,0.6723947501617136
6922,unrelated,0.290826356127426
6923,none,0.07450899679078005
6924,none,0.0002499433626680598
6925,none,7.544014979235495e-05
6926,none,0.016442846597836968
6927,none,0.00022097555040340505
6928,none,0.02359700726057621
6929,none,0.01773174038668546
6930,none,0.014983925092873399
6931,none,0.013558721493840388
6932,none,0.01062038914788632
6933,none,0.0025714005127514495
6934,none,6.660892363874713e-05
6935,none,6.660892363874713e-05
6936,none,0.03307307384536624
6937,none,0.0011923331912147995
6938,none,0.00017360492562319026
6939,none,0.0005485123477197821
6940,none,0.0006754423254587646
6941,none,7.931540394370266e-05
6942,none,0.20931307584414566
6943,none,0.02871265454865245
6944,none,0.02731369554253712
6945,none,0.029215479367357685
6946,none,0.05608711687993183
6947,unrelated,0.6148597783764661
6948,unrelated,0.5836964111678706
6949,unrelated,0.6570679537544948
6950,none,0.00499865088682248
6951,none,0.00044389967573099686
6952,none,0.19694008402379953
6953,none,0.0012970275886471175
6954,none,0.0005333268684335781
6955,none,0.0003818201968837545
6956,unrelated,0.48404330448796573
6957,none,0.00012078882188217444
6958,none,0.09200752212059209
6959,none,0.00238550482784104
6960,none,0.12106147277573377
6961,none,0.0004941997985762832
6962,unrelated,0.7233007796091687
6963,none,0.22986051450643374
6964,none,0.005440189905313997
6965,none,0.0663386427315906
6966,none,0.0006387596570062342
6967,none,0.0006362919650550466
6968,none,0.03222881099646536
6969,unrelated,0.2971757967363183
6970,none,0.22210294034894293
6971,none,0.018114580181771676
6972,none,0.1431070008766401
6973,none,0.013462142734107065
6974,unrelated,0.28457446002802866
6975,none,0.0002406576582876046
6976,none,0.002364070605675467
6977,unrelated,0.5518915384009282
6978,none,0.044153544735588544
6979,none,0.000205497812527636
6980,none,0.00887153218065046
6981,none,0.010283001741112869
6982,unrelated,0.6012364734118335
6983,none,0.00019651577787471334
6984,none,0.00016191199623568416
6985,none,0.0062396426910326305
6986,none,0.021568522132405357
6987,none,0.04367264739906235
6988,none,0.0032258728665700343
6989,none,0.04060879697274746
6990,none,0.024421002117189148
6991,none,0.0001466308410052686
6992,none,0.17697269516219585
6993,none,0.154169817504084
6994,none,0.00027905927730521434
6995,none,0.00020016316577816398
6996,none,0.20407393648494385
6997,none,0.028783630700634836
6998,none,0.18324033852241153
6999,none,0.0006063048086571173
7000,none,0.01186822604192548
7001,none,0.03938475204241965
7002,none,0.004558689865520008
7003,none,0.3810688416279143
7004,none,0.0004760052516471518
7005,none,0.004525952527383136
7006,none,0.0007258858945989484
7007,none,0.0007756248419838306
7008,none,0.061145132145473145
7009,none,0.007154596639583293
7010,none,0.0015042209098376663
7011,none,0.0037989716604412958
7012,none,0.017003868917096484
7013,none,0.023609226423816507
7014,none,0.03811322949309176
7015,none,0.022255744019551396
7016,none,0.06768827464450858
7017,none,0.03459258036947134
7018,none,0.023488911958335933
7019,none,0.08893051159836123
7020,none,0.0014769485844910893
7021,unrelated,0.3403766418122125
7022,none,0.023823850203716107
7023,none,0.10194863935815675
7024,none,0.011621034543611146
7025,none,0.00014901170450528506
7026,none,0.005678636008220597
7027,none,0.0007199444669580935
7028,none,0.026870780817873533
7029,none,0.00012078882188217444
7030,none,0.0028219203166538133
7031,none,0.018617971010572932
7032,none,0.02470249118770932
7033,none,0.01642305467454992
7034,none,0.05531461760443438
7035,none,0.01884983960502111
7036,none,0.026129068051489655
7037,none,0.01741759057380714
7038,none,0.022917403450872186
7039,none,0.012143797836506307
7040,none,0.01029310092129612
7041,unrelated,0.44764922268178475
7042,none,0.00011245272460344893
7043,none,0.0009209324787443678
7044,none,0.0004415385651254792
7045,none,0.0002642444624903995
7046,none,0.3292324523033713
7047,none,0.003922997639383491
7048,none,0.04746628285832938
7049,none,0.0019807888149595667
7050,none,0.022185412607720348
7051,none,0.00021219498446278903
7052,none,0.09192432413022672
7053,none,0.11912598008410931
7054,none,0.00151977467600322
7055,none,0.2836077500463843
7056,none,6.531678641410843e-06
7057,none,0.017572692230332507
7058,none,0.0008959970746909875
7059,none,0.056374430485612595
7060,none,0.0749102824283531
7061,none,0.001439978123481855
7062,none,0.00014336170916372844
7063,unrelated,0.6281764720160062
7064,none,0.013673419678104516
7065,none,0.0005813834813984024
7066,none,0.06748682524180905
7067,none,0.030964569304910494
7068,none,0.058840259211822864
7069,none,0.08771235768200185
7070,unrelated,0.24053094790995938
7071,none,0.09263559528727613
7072,none,0.3095528805269885
7073,none,0.0009641891483271003
7074,none,0.027256830493305902
7075,none,0.21511165027704876
7076,none,0.29352880105226076
7077,none,0.015623633018387597
7078,none,0.01780698240894752
7079,none,0.00491931717707511
7080,none,0.01488671985297745
7081,none,0.05269615860305825
7082,none,0.019016416375503088
7083,none,0.0022775896358653938
7084,none,0.00020570961776889856
7085,none,0.02697564277883302
7086,none,0.0002367032914532579
7087,none,0.0002039149383647585
7088,none,0.007983210904490416
7089,none,0.07647273475254185
7090,none,0.1961826580115026
7091,none,0.11520315026919395
7092,none,0.0014624752766296191
7093,none,0.02483207389544255
7094,none,0.01648602156874743
7095,none,0.0065499045522631975
7096,none,0.009914746502660981
7097,none,0.53867156782799
7098,none,0.00018941594118260677
7099,none,0.040862973513736627
7100,none,0.03467926889350617
7101,unrelated,0.7514237210034348
7102,none,0.014835033558591977
7103,none,0.003284589498304055
7104,none,0.009491108716000944
7105,none,0.011558182837893075
7106,none,0.012119379938581648
7107,none,0.012002597382425676
7108,unrelated,0.6297075866198358
7109,none,0.12907195113789785
7110,none,0.0015307570653055958
7111,none,0.015002858948186594
7112,none,0.03836593016411659
7113,none,0.041659700051703885
7114,none,0.03148893730649418
7115,none,0.012525779221681122
7116,none,0.00018871038125354797
7117,none,0.023832077319923504
7118,none,0.037916728045110884
7119,none,0.027015528852781225
7120,none,0.0001324137497725693
7121,none,0.021489266798356645
7122,none,0.02554492499778999
7123,none,0.01121331928791891
7124,none,0.0196225264456304
7125,unrelated,0.6819289941663789
7126,unrelated,0.5877440739108828
7127,none,0.01385510991809663
7128,none,0.016693079702441292
7129,none,0.00017100648712250251
7130,none,0.0007251215807188337
7131,none,0.08391205702898583
7132,none,0.00012078882188217444
7133,unrelated,0.649816441331618
7134,unrelated,0.6132975992226425
7135,none,0.04515770602692707
7136,none,0.09170870464140009
7137,none,0.03614688760882722
7138,none,0.00015076894907052366
7139,none,0.4673886215939485
7140,none,0.000995528873804354
7141,none,0.01471504231631754
7142,none,0.0001802221977939803
7143,none,0.01003100918599204
7144,none,0.021182280013211267
7145,none,7.754848430221423e-05
7146,none,0.005039408794578243
7147,none,0.08635441179503762
7148,none,0.031022994548154173
7149,none,0.0002480578990769492
7150,none,0.11194897292197747
7151,none,0.019447467691656506
7152,unrelated,0.7770840805643168
7153,none,0.03819107807497287
7154,none,0.018290085010656716
7155,none,0.000803791994004044
7156,none,0.06032606506861691
7157,none,0.02275849907169406
7158,unrelated,0.6138198804198655
7159,none,0.03298117091218299
7160,none,1.1544011544011544e-05
7161,none,0.012383403226877912
7162,none,0.0004203698904584761
7163,unrelated,0.5251423527346692
7164,none,0.354832869354426
7165,none,6.660892363874713e-05
7166,none,0.0006248462281585775
7167,none,0.008902907409083768
7168,none,0.0001695751569022804
7169,unrelated,0.7321386103387808
7170,none,6.660892363874713e-05
7171,none,0.05533198364543797
7172,none,0.00019999473086799657
7173,none,0.02039274311385743
7174,none,0.013099563403192903
7175,none,0.014108797588238015
7176,none,5.458695893478503e-05
7177,none,0.1759340709823717
7178,none,0.0005431769080023357
7179,none,0.0008085051028842561
7180,none,0.0023680020306706823
7181,none,0.20967896831281127
7182,none,0.07679256444010954
7183,none,0.011433410920838834
7184,unrelated,0.7532580426172256
7185,none,0.0008824961669590671
7186,none,0.30774004781916753
7187,none,0.020888702253421865
7188,none,0.0017046514658671892
7189,none,0.00015737777225573096
7190,none,0.018087152461648215
7191,none,0.018684770284534927
7192,unrelated,0.6843567021190593
7193,none,0.040475851829446456
7194,none,0.00017634661196267275
7195,none,0.254786982416725
7196,none,0.01703465396425161
7197,none,0.0006552022684960955
7198,none,0.00023345526131314387
7199,none,0.0018560720867170893
7200,none,0.020009746598066633
7201,none,0.021381633853891545
7202,unrelated,0.3921602671155189
7203,unrelated,0.6536754609772616
7204,none,0.0007190402339929982
7205,none,0.000825423099021004
7206,unrelated,0.12340104562971495
7207,none,0.001034758508189263
7208,none,0.012193767865819289
7209,unrelated,0.6141201960221626
7210,none,0.00016540738297916545
7211,none,0.00018941594118260677
7212,none,0.1523188366481908
7213,none,0.019286970858671884
7214,none,0.17560822797940584
7215,none,0.002648617826615879
7216,none,1.1544011544011544e-05
7217,none,0.0009794056633595503
7218,none,0.02334056213236154
7219,none,0.022429868195322063
7220,none,0.00276074548302318
7221,none,6.660892363874713e-05
7222,none,0.00011595597232206303
7223,none,0.001676627628025383
7224,none,0.015287012481616135
7225,none,0.024054671540710726
7226,none,0.018368440766640248
7227,none,0.002034293306875145
7228,none,0.000874974380973029
7229,none,0.050855407982316185
7230,none,0.0003776678980985535
7231,none,0.02106903751136055
7232,none,0.006782466192492969
7233,none,6.660892363874713e-05
7234,none,0.405801436473871
7235,unrelated,0.5130054234294598
7236,none,0.0005793391006325055
7237,none,0.32544999609363034
7238,none,0.00012168518211451811
7239,none,0.03362133762721679
7240,unrelated,0.6066552211268509
7241,none,0.45364535673443496
7242,none,0.0026019546367308834
7243,unrelated,0.6463856188231927
7244,none,0.3448567639310793
7245,none,0.026534175663070356
7246,none,0.020913265991051984
7247,none,0.010773593674401647
7248,none,8.400777965995358e-05
7249,none,0.010250328178865887
7250,none,0.019866072938938467
7251,none,0.010643404599923021
7252,unrelated,0.4969808951989082
7253,none,0.018978127513692745
7254,none,0.03375577104194083
7255,none,0.01777000629522121
7256,none,0.012210671323420828
7257,none,0.006361358490572006
7258,none,0.00021851412753572414
7259,none,0.00027408229495996377
7260,none,0.28309541938670174
7261,none,0.10854720902783362
7262,none,0.27148743659293684
7263,none,0.04226550205805939
7264,unrelated,0.7143512603503959
7265,none,6.660892363874713e-05
7266,none,0.027221057409636592
7267,none,0.018029565023487074
7268,unrelated,0.38526585911335254
7269,none,0.0012943410665131078
7270,none,0.0002526859659099223
7271,none,0.5521475299470573
7272,none,0.08548907435338553
7273,none,0.016737756893989084
7274,none,0.0225183856712383
7275,none,0.0004862740227552538
7276,none,0.07546452145747637
7277,none,0.037947631823639555
7278,none,6.660892363874713e-05
7279,none,6.660892363874713e-05
7280,unrelated,0.6731173603085117
7281,none,0.11821021493129896
7282,none,0.00115080074796472
7283,none,0.021692866211800572
7284,none,6.660892363874713e-05
7285,unrelated,0.7217287113004329
7286,none,0.02215195022499986
7287,none,0.00014128888216810085
7288,none,0.00025709758821673787
7289,none,6.660892363874713e-05
7290,none,0.05631349521664795
7291,none,0.000738419215667376
7292,none,0.0002262096780548249
7293,none,0.08536945227860918
7294,none,0.004720770734631449
7295,none,0.00012941106561679914
7296,none,7.613084258019742e-05
7297,none,0.0011694718006117384
7298,none,0.24000536705118358
7299,none,0.00214760196566966
7300,none,0.00035414197313122587
7301,none,0.017095384255262677
7302,none,0.00023126034102952675
7303,none,0.05663603322889552
7304,none,0.0007852958413698384
7305,none,0.15787176883744436
7306,none,0.05714613573563757
7307,none,0.00021220508214457923
7308,none,0.22371038532524568
7309,none,0.033691735513396
7310,none,0.028353986199917136
7311,none,0.025052874586768737
7312,none,0.05553593999166598
7313,none,0.013146052495970128
7314,none,0.006558961740407063
7315,none,0.014911035975036534
7316,none,0.0011524208109540115
7317,unrelated,0.678197538680129
7318,none,0.00042219802275462526
7319,unrelated,0.64490280576862
7320,none,0.010051079767271058
7321,none,0.027505735687244223
7322,none,0.0004170451016182604
7323,none,0.22512304036148628
7324,none,0.021330116783449024
7325,none,0.012613703081736498
7326,none,0.02569866436535316
7327,none,0.03225783777767361
7328,none,0.06175281182404374
7329,none,0.0001902928881573766
7330,none,0.0531064379774674
7331,none,0.0035955428297284875
7332,none,0.004108035779977403
7333,none,0.0005914204483881913
7334,none,0.002205565332863497
7335,none,0.011306912430180702
7336,none,0.1269336169894784
7337,none,0.015788000384397604
7338,none,0.01884593222653283
7339,none,0.09728713085348956
7340,none,0.00019573990611987155
7341,none,0.06154182970211403
7342,none,0.026634637159736557
7343,none,0.06198064359678665
7344,none,0.016067751866541764
7345,none,0.0011112556793128248
7346,none,0.26562316075328274
7347,none,0.026552367155826113
7348,none,0.07901689190613079
7349,none,0.31646267246361026
7350,none,0.0003372242836039567
7351,none,0.018267619608509766
7352,none,0.0516797754274827
7353,none,0.017387789385093257
7354,none,0.36967118441197067
7355,none,0.06519241586232508
7356,none,0.07799873796206881
7357,none,0.01808418197103622
7358,none,0.0010473404357560414
7359,none,0.05204746330377459
7360,none,0.10293905200031357
7361,none,0.191987909206943
7362,none,0.05119717809678725
7363,unrelated,0.4042524248954129
7364,none,0.056549826482160614
7365,none,0.00012233587841963884
7366,none,0.01956718901573388
7367,unrelated,0.17341514933968724
7368,none,0.06637372438895514
7369,none,0.002786582586565693
7370,none,0.03172978340786246
7371,none,0.0005366357279561646
7372,none,0.22910987280508016
7373,none,0.017243098934214614
7374,none,0.07052048467028338
7375,none,0.013457336115205512
7376,none,0.014937738837339202
7377,unrelated,0.45965769188242367
7378,unrelated,0.6900856701353901
7379,none,0.041315710135018946
7380,none,0.4275120235646219
7381,none,0.03541727018656357
7382,none,0.08689548432457968
7383,none,0.0012177554247988632
7384,none,1.1544011544011544e-05
7385,none,0.009685445107130057
7386,none,0.00027045772196387826
7387,none,0.00019413848141849023
7388,none,0.22140043108513893
7389,none,0.298885821746189
7390,none,0.41792939278822927
7391,none,0.0004126510018160414
7392,none,0.012901769982379168
7393,none,0.0015867690355780802
7394,none,0.01643368362877058
7395,none,0.0786131883119645
7396,none,0.004802561883294881
7397,unrelated,0.6556071896796197
7398,none,0.0018662553480896507
7399,none,0.0020104838188397204
7400,none,0.00229667168992496
7401,none,0.010571570715947005
7402,none,0.011535731425227923
7403,none,0.06552675683426173
7404,none,0.02379983864430222
7405,none,0.012142271040540734
7406,none,0.03358904038313132
7407,none,0.0007640838711201697
7408,none,0.0144585244922277
7409,none,0.0014215622645443174
7410,none,0.014521519205276622
7411,none,0.011957367178626421
7412,none,0.00032550222307271295
7413,none,0.3577328478564879
7414,none,0.016725239282436532
7415,none,0.035225931388167805
7416,none,0.022343852066824016
7417,none,0.0948408069692347
7418,none,0.6646456919464633
7419,none,0.00025500235410014124
7420,none,0.00012698317663034238
7421,none,0.011213523123101936
7422,none,6.660892363874713e-05
7423,none,0.04306510305428345
7424,none,0.0039142824486633285
7425,none,0.11749056194055746
7426,none,0.019955211184425337
7427,none,0.002385086195405892
7428,none,0.2612055974102636
7429,none,0.0018066708439570026
7430,none,0.07394985822014441
7431,none,0.008803407758231227
7432,none,0.04806414594498806
7433,none,9.025496460716975e-05
7434,none,0.014693040596343195
7435,none,0.013808449188062679
7436,none,0.00018251781017335783
7437,none,0.030104554621084363
7438,none,0.00043736503055696803
7439,none,0.0015615853701891576
7440,none,4.246547103689961e-05
7441,none,0.20680858313686767
7442,none,0.013376810696690859
7443,none,0.030790966833795612
7444,none,0.023913295046099303
7445,none,0.00010114115750724822
7446,unrelated,0.7400573137943958
7447,none,0.054777008476762375
7448,none,0.00027680793153398223
7449,unrelated,0.36844923872061486
7450,none,0.6422601456179362
7451,none,0.27623739921838747
7452,none,0.18377629549003502
7453,none,0.00019115160030149338
7454,unrelated,0.2524257094252371
7455,none,0.10242749005708676
7456,none,0.2720147025206971
7457,none,0.07434896390324934
7458,none,0.017513590090133146
7459,none,0.029286990811059285
7460,none,0.037535729268685716
7461,none,0.0005124456191169788
7462,none,0.01880494086339992
7463,none,0.019484100176954143
7464,none,0.010810351602565313
7465,none,0.05100228448705378
7466,none,0.07966910753055259
7467,none,0.054987714467179594
7468,none,0.033928297898362464
7469,none,0.014665955952230697
7470,none,0.02707370446510953
7471,none,0.0052199703777790615
7472,unrelated,0.6624081511904588
7473,none,0.00031260864759282954
7474,none,0.07732680613788352
7475,unrelated,0.6965942259178555
7476,none,0.00517870741476629
7477,none,0.02373979589692088
7478,unrelated,0.2925990768496801
7479,none,0.03989325077579975
7480,none,0.0
7481,none,0.0003347917731111447
7482,none,0.00026786084453908024
7483,none,0.1953547569667442
7484,none,0.00024128748669892286
7485,none,0.053157923758770556
7486,none,0.04532080338058982
7487,none,0.01714889561832272
7488,none,0.025296722045639132
7489,none,9.025496460716975e-05
7490,none,0.021839519016847622
7491,none,0.0001032494920171075
7492,none,0.01807444545848282
7493,none,0.0018002135621659051
7494,none,0.024791175299868504
7495,none,0.011723338967635413
7496,none,0.0362695344544139
7497,none,0.0012029181148643158
7498,none,0.001564646580333797
7499,none,0.18027601120084863
7500,unrelated,0.5982611839997806
7501,none,0.0020125439987622737
7502,none,0.0007544121590939698
7503,none,0.001629105956970255
7504,unrelated,0.7936369324947993
7505,none,0.017752003564888784
7506,none,0.0002886201086076334
7507,unrelated,0.5473222507218609
7508,none,0.04650906085660221
7509,none,6.660892363874713e-05
7510,unrelated,0.6990197457069178
7511,none,0.0411714048735357
7512,none,0.07801369491693405
7513,unrelated,0.68745338228045
7514,none,0.025926685166885698
7515,unrelated,0.6531133441953365
7516,none,0.03583642741651297
7517,none,0.047533895394153175
7518,none,6.660892363874713e-05
7519,none,0.0009450942210369295
7520,none,0.03625836063205338
7521,none,0.01502556143232748
7522,none,0.0006467066932748566
7523,unrelated,0.43776671172338466
7524,none,0.02087984461029195
7525,unrelated,0.6518159593626831
7526,none,0.00018941594118260677
7527,none,0.30202890528492154
7528,none,0.0
7529,none,0.0002557562790308318
7530,none,0.29354569349841364
7531,none,0.512826045989351
7532,none,0.018755238911492788
7533,none,0.0013701769611038771
7534,none,0.029314416373595734
7535,none,0.0004433182519682011
7536,none,6.531678641410843e-06
7537,none,0.006673153413895008
7538,none,0.011802731761993068
7539,none,0.00406093600248945
7540,unrelated,0.27509031429663944
7541,none,0.022953915301152893
7542,unrelated,0.12199737901708364
7543,none,0.05007742939954467
7544,none,0.0013963955060365158
7545,none,0.005758252184191777
7546,unrelated,0.6057819456485248
7547,unrelated,0.3970606378934037
7548,none,0.015965518047372743
7549,none,0.014597995151737984
7550,none,0.012967104555216482
7551,none,0.03712317094050297
7552,none,0.0007374931051140072
7553,none,0.022633636122627154
7554,none,0.04350805269485087
7555,unrelated,0.5655498662534397
7556,none,0.10075398518096679
7557,none,0.000745788090806152
7558,none,0.014167291799149419
7559,unrelated,0.7091940862949596
7560,none,0.011749958686403543
7561,none,0.015166225168381746
7562,none,0.0001928579406738455
7563,none,0.02988420540822424
7564,none,0.017671897353739488
7565,none,8.193561416803568e-05
7566,none,0.003581313958398443
7567,none,0.024408170632081526
7568,unrelated,0.8210128261475214
7569,none,0.03079786067407976
7570,none,0.0002150351745424409
7571,none,0.41395263449547826
7572,unrelated,0.15854130854717707
7573,none,0.1871162127594114
7574,none,0.0002416693703138935
7575,none,0.017242363365030745
7576,unrelated,0.8058138617266514
7577,none,0.00014989262390577345
7578,none,0.009314052954260039
7579,none,0.02602814445640488
7580,none,0.002106855735274106
7581,none,0.09212963174170705
7582,none,0.13379052113847156
7583,unrelated,0.6421495452058895
7584,none,0.01689162317838131
7585,unrelated,0.6324233923179825
7586,none,0.17545903450635478
7587,none,0.34350775380636206
7588,none,0.0011536525497970857
7589,none,0.00018941594118260677
7590,none,0.009669434057581866
7591,none,0.011519825754302432
7592,none,0.009079520231171458
7593,unrelated,0.7317486002491077
7594,none,0.019144730325136805
7595,none,0.00030226353747894367
7596,none,0.39279800135788095
7597,none,0.0002486432167732395
7598,none,0.02442626695391021
7599,none,0.030107247470477022
7600,unrelated,0.5977465368492092
7601,none,0.015084179095759405
7602,unrelated,0.7524306108232611
7603,none,0.016837501444499695
7604,none,0.28773152143510083
7605,none,0.00014336170916372844
7606,unrelated,0.2928066928797061
7607,none,0.17781772730514764
7608,none,6.959916393878659e-05
7609,none,0.23026168780070733
7610,none,0.053574193773123474
7611,none,0.0002316377782197672
7612,none,0.07477976180678311
7613,none,0.21569732183542403
7614,unrelated,0.5924609391613822
7615,none,0.10845017760518275
7616,none,0.03444671791339878
7617,unrelated,0.7341081080054233
7618,none,0.08145329735029566
7619,none,0.024916194850216625
7620,none,0.003950956806171263
7621,none,0.0013916957401957461
7622,none,0.013709148618892364
7623,none,0.0361777480302015
7624,none,0.01807725747258455
7625,none,0.3088919483954789
7626,none,0.0015819888352235582
7627,none,0.012090718927300908
7628,none,0.01110968640400026
7629,none,0.007290790550731741
7630,none,0.01280321652004927
7631,none,0.025230074870250904
7632,none,0.00026229636512131006
7633,none,0.38170797430816333
7634,none,0.03519563571589552
7635,none,0.0006209304302247337
7636,unrelated,0.20823328687248346
7637,none,0.37019723391778614
7638,none,0.0005839710436981136
7639,unrelated,0.19353928536432843
7640,none,0.01990347944191738
7641,none,0.0018405829646109411
7642,none,0.012639505877277225
7643,none,0.22840459535502577
7644,none,0.2111695281881519
7645,none,0.15306394075667742
7646,none,0.012630249537323598
7647,none,6.660892363874713e-05
7648,unrelated,0.5908140536317861
7649,none,0.061824965460419296
7650,none,7.633651002469862e-05
7651,none,0.10356688684524856
7652,none,0.01037776323323383
7653,none,0.16981035130355004
7654,none,0.020430490997127362
7655,unrelated,0.22557935536250354
7656,none,0.0
7657,unrelated,0.47906203743032905
7658,none,0.0006234549785704363
7659,none,0.0007684960265473684
7660,none,0.024924305139634572
7661,none,0.049219712729929165
7662,unrelated,0.3540451343298481
7663,none,0.11966798708801239
7664,none,0.00034255700070082504
7665,none,0.045478392487797795
7666,none,7.754848430221423e-05
7667,none,0.04821014930397494
7668,none,6.660892363874713e-05
7669,none,0.0037997438015896267
7670,none,0.06874886385874453
7671,none,0.007383790508494744
7672,none,0.004384056647277088
7673,none,0.05758061611118615
7674,none,0.013386701355991595
7675,none,0.00683203852982563
7676,none,0.0656078884985549
7677,none,0.00035990343191072714
7678,none,0.001398587571982044
7679,unrelated,0.6293521966273368
7680,none,6.940177374959984e-05
7681,none,0.0007446929714535966
7682,none,0.013627795409885705
7683,none,0.008418428013458963
7684,none,0.018921519251140682
7685,none,0.012172775379329832
7686,none,0.0034783875243365385
7687,none,0.22791039697472118
7688,none,0.002317997050674604
7689,none,0.00025357185733029607
7690,none,0.07573603168275245
7691,none,0.05304491042740369
7692,none,0.022422786177893835
7693,none,0.5508498789291597
7694,none,0.01061259141467761
7695,none,0.08849555823888268
7696,none,0.010735310096347251
7697,none,0.0001708007084274913
7698,none,0.0191562711824857
7699,none,0.008218309651821758
7700,none,0.03273404704829065
7701,none,0.0024853147807840322
7702,none,0.003873375808691856
7703,unrelated,0.41163303815147545
7704,none,0.011349656217557206
7705,none,0.0009503436444856739
7706,none,0.004667568936778399
7707,none,0.016028859822108794
7708,unrelated,0.26027036276437093
7709,none,0.001258479289713127
7710,none,0.00023551336405107473
7711,none,0.015763657834877022
7712,none,0.04244705009742772
7713,unrelated,0.6446223897510294
7714,none,0.04552284314279765
7715,none,6.660892363874713e-05
7716,none,0.01467494257591013
7717,none,0.12729380196500845
7718,none,0.02502342674002724
7719,none,0.1364310516974473
7720,none,0.0071356745765837025
7721,none,0.02612174082457121
7722,none,0.039808206348558375
7723,none,0.0014804442893587536
7724,none,0.24538098178290021
7725,none,0.0008550688779992369
7726,none,0.01782007072820329
7727,none,0.00024329850137252008
7728,unrelated,0.7758643565388433
7729,none,0.0015723921369357463
7730,none,7.754848430221423e-05
7731,unrelated,0.5309329816981057
7732,none,0.012073996683425356
7733,none,0.015937152982838487
7734,none,0.26324327226708205
7735,unrelated,0.6609798714762257
7736,unrelated,0.7476902144144829
7737,none,0.00282145932154695
7738,unrelated,0.4573167723619129
7739,none,0.0005667066932748565
7740,none,0.44187332245862954
7741,none,0.0003395313570767955
7742,none,0.015526130070853541
7743,none,0.06692395105921084
7744,none,0.020920015083388158
7745,none,0.01416976742223639
7746,none,0.2945876457464997
7747,none,0.00022559218034214678
7748,unrelated,0.7318317388190188
7749,none,0.06118314071995565
7750,none,0.0035004685884496745
7751,none,0.019541830821954577
7752,none,0.024623123901745165
7753,none,0.2700198860402246
7754,none,0.016990681825787196
7755,none,0.007512288449606688
7756,unrelated,0.7030794532110164
7757,none,0.03425023533822672
7758,unrelated,0.5250529812484965
7759,unrelated,0.4472993414568569
7760,none,0.2034207977825568
7761,none,0.019097564224002887
7762,none,0.004323823023896998
7763,unrelated,0.709824802253556
7764,none,0.00030145917927040604
7765,none,0.0003015147533749113
7766,none,0.015596964693252193
7767,none,0.023159761578024365
7768,none,0.17379375674640035
7769,none,0.0005667066932748565
7770,none,0.0007740951306907056
7771,none,0.05759587129879213
7772,none,0.00022777304781463652
7773,unrelated,0.5029211584628166
7774,none,0.00018941594118260677
7775,none,0.00018941594118260677
7776,none,0.00103709662436125
7777,none,0.00022559218034214678
7778,none,6.660892363874713e-05
7779,none,0.0564074153264623
7780,none,0.5377687126434245
7781,none,0.0002572242836039567
7782,none,0.015539197559298907
7783,none,0.0016493095617923605
7784,none,5.899185821725191e-05
7785,unrelated,0.5140165902648682
7786,none,0.0010058511185713679
7787,unrelated,0.7401746899238089
7788,none,0.0001157504640136279
7789,none,0.0005077226114368934
7790,unrelated,0.4433394180038799
7791,none,0.020269773081104368
7792,unrelated,0.7366989618640463
7793,none,0.31604067514272965
7794,none,0.334049390915453
7795,none,0.001042279034709918
7796,none,0.017640928769248373
7797,none,0.017119442614632763
7798,none,0.03659408590753928
7799,unrelated,0.43925770555524485
7800,none,0.014083799993403543
7801,none,0.022322606970643765
7802,none,0.0020899063595299604
7803,none,0.03930049924416504
7804,none,0.25118021517788364
7805,none,0.0007596891494152074
7806,none,0.020173507768174094
7807,none,0.016111661937459328
7808,none,0.030737123512604124
7809,none,0.00044106219403643106
7810,none,0.03559023204077252
7811,none,0.45355749587197286
7812,none,6.660892363874713e-05
7813,none,0.00022091417488010904
7814,unrelated,0.09492265675125551
7815,none,0.01113069858056022
7816,none,0.12131537835226051
7817,none,0.034835016923636664
7818,none,7.754848430221423e-05
7819,unrelated,0.6680605026890575
7820,unrelated,0.47280632212000107
7821,none,0.05751206727747538
7822,none,0.01211772530943595
7823,none,0.037296103830792605
7824,none,0.0
7825,none,0.0005104320276271516
7826,none,0.015867344420691296
7827,none,0.04877793930989175
7828,none,7.931540394370266e-05
7829,none,0.0009828043880387473
7830,none,0.09907171920901997
7831,none,0.0007665326280243431
7832,none,0.08718434104006872
7833,none,6.660892363874713e-05
7834,none,0.0001599941110970439
7835,none,0.05045424448537368
7836,unrelated,0.12901166690613292
7837,none,0.00044295698039771916
7838,none,0.00017003889840497825
7839,none,0.017274143251980942
7840,none,0.31566867466220877
7841,none,0.21987657043723272
7842,none,0.053747311908549
7843,unrelated,0.11353649982126444
7844,none,0.22716218805004057
7845,none,0.3483060195843278
7846,none,0.012117461659596455
7847,none,0.29398046941916006
7848,none,0.045712334421764284
7849,none,0.20080790896139925
7850,none,0.002153952700585224
7851,none,0.007025116690196806
7852,none,0.5420948925568121
7853,none,0.01018851209465348
7854,none,0.2236585470756495
7855,none,0.009478358709582153
7856,none,6.287938999505149e-05
7857,none,0.05462060139813949
7858,none,0.0391357708278342
7859,none,0.029022150569635984
7860,none,0.025500403148705567
7861,none,0.003540126720288387
7862,none,0.02968903817633336
7863,none,0.013503851554706769
7864,none,0.00940532304297347
7865,none,0.020650781299676443
7866,none,0.000846906518305531
7867,none,0.07862922098417986
7868,none,0.005100985843893823
7869,none,0.01522128086596797
7870,none,7.931540394370266e-05
7871,none,0.006184623249202168
7872,none,3.28905050002372e-05
7873,none,0.0011024399819712818
7874,none,0.00036168909490655646
7875,unrelated,0.10976098930576575
7876,none,0.10057458427482556
7877,unrelated,0.3518974204632611
7878,none,0.0022617438258938556
7879,none,0.0618295317898075
7880,none,0.0
7881,none,0.0054714601185801735
7882,none,0.010234964139770195
7883,none,0.00021628623268442812
7884,none,0.001280818367985946
7885,none,0.0005221557865861179
7886,none,0.1191086895238665
7887,none,0.03664876656567377
7888,none,0.06059939302754382
7889,none,0.0022874599528589674
7890,none,0.009215055892156154
7891,none,0.01392880156254746
7892,none,0.01630964173091038
7893,none,0.005841276093806564
7894,none,0.004507887217440099
7895,none,0.08444637846257785
7896,none,0.01839819643841443
7897,unrelated,0.6222392569897714
7898,none,0.0014377160733101291
7899,none,0.012934153536737278
7900,none,0.004800201890396095
7901,none,0.00020016316577816398
7902,none,0.020098600017245154
7903,none,0.0003563019850643169
7904,none,0.010273900843686871
7905,none,0.0683857564286395
7906,unrelated,0.7819783354688434
7907,none,6.660892363874713e-05
7908,none,0.0013342023037552484
7909,none,0.0007028646456385953
7910,none,0.04370595264565282
7911,none,0.0012040840259326497
7912,none,0.001414254126802263
7913,unrelated,0.5055233816797496
7914,none,0.000489149797546124
7915,none,0.24461478663998604
7916,none,0.0005686770010934469
7917,none,0.21759076878214517
7918,unrelated,0.23992045104223883
7919,none,0.01860120049023095
7920,none,0.0053352813702725885
7921,none,0.00014336170916372844
7922,none,0.0024925176811662814
7923,none,0.0007603448158891526
7924,none,0.002270756547806664
7925,none,0.0119532457177224
7926,none,0.0018367804579582398
7927,none,0.0009820345889694174
7928,none,0.11188785564887181
7929,unrelated,0.6693586678877961
7930,none,0.08463333060398956
7931,none,0.028786153979838743
7932,none,0.0003333510104943337
7933,none,0.10345551654645885
7934,none,0.0027409848086100406
7935,none,0.0011870293291773013
7936,none,0.06116663291074369
7937,none,0.013380875388959665
7938,none,0.016090395428274576
7939,none,0.018927588241805415
7940,none,0.2140761510398686
7941,none,0.0007221162742084984
7942,none,0.01424944412100807
7943,none,0.00026102265480328556
7944,none,0.014276530410692767
7945,none,9.025496460716975e-05
7946,none,7.931540394370266e-05
7947,none,0.013161090538745212
7948,none,0.02744490477578355
7949,none,0.02540546529784273
7950,unrelated,0.624939465970094
7951,none,0.010756402000598086
7952,none,0.04276297058205803
7953,none,0.013405709727067481
7954,none,0.010494304285005793
7955,none,0.06447421836600306
7956,none,0.5644170227542756
7957,none,0.000696827744708971
7958,none,0.040282672281012684
7959,none,0.13489694001415237
7960,none,0.0410405943383794
7961,none,0.04379619777212964
7962,none,0.6113277691205057
7963,none,0.031511862018516384
7964,unrelated,0.2839475636824373
7965,none,0.0182651701988917
7966,none,0.02797754358382947
7967,none,0.00778545024250967
7968,none,0.10334524248952405
7969,none,0.06389256190964518
7970,none,0.0016727727494213341
7971,unrelated,0.3520235497294128
7972,none,0.07258524592672236
7973,none,0.00018941594118260677
7974,none,0.012858482525805072
7975,none,0.04615717896125928
7976,none,0.045179916053916074
7977,none,0.022713486814516903
7978,none,0.0008299877438485881
7979,none,0.00018941594118260677
7980,none,0.00019065952842520697
7981,none,0.06987911494159241
7982,unrelated,0.37355543424620385
7983,none,0.01900107630500535
7984,none,0.012151172501487109
7985,none,6.660892363874713e-05
7986,none,0.0003275865163235494
7987,none,0.03404011384545682
7988,unrelated,0.3939123292151768
7989,none,0.18162464345238466
7990,none,0.020675507802418783
7991,none,0.2224189344734852
7992,none,2.6358826358826355e-05
7993,none,0.08012572790979965
7994,none,0.0005325355488577474
7995,none,0.07728451862451773
7996,none,0.03937645279563369
7997,none,0.010240943999186515
7998,none,0.0003727065070877185
7999,none,0.023012812437602517
8000,unrelated,0.8246949763485882
8001,none,0.00030742766893668137
8002,none,0.03473133525081613
8003,none,0.0002416693703138935
8004,none,0.0004404069218097206
8005,none,0.05780599903765461
8006,none,0.09169508906205845
8007,none,0.0001552240835901634
8008,none,0.012430249106928654
8009,none,0.0078244658048046
8010,none,0.010204837080524142
8011,none,0.06367776201179505
8012,none,0.06671197960131524
8013,none,0.0030980036321049936
8014,none,0.0013923907178433556
8015,none,0.00246572123644445
8016,none,0.0162708083428726
8017,none,0.015582027477018416
8018,none,0.018283337068850766
8019,none,0.0007540599111132052
8020,none,0.002090738698852315
8021,unrelated,0.524533963952266
8022,none,0.0009254516961934718
8023,none,0.22899512570315067
8024,none,0.039438089255025253
8025,none,0.025845280895102053
8026,unrelated,0.5919925733366971
8027,none,0.024543472800141575
8028,none,0.014742647884932862
8029,unrelated,0.39012410446171947
8030,none,0.0013962706368712482
8031,none,0.0001008174495066633
8032,none,0.06163072515769381
8033,unrelated,0.4015098618766089
8034,none,0.002276488084163591
8035,none,0.10408189546694509
8036,none,0.0013836541915737688
8037,none,0.01717529436951963
8038,none,0.21900360316509027
8039,none,0.0026717846923980785
8040,unrelated,0.35960896048094965
8041,none,7.544014979235495e-05
8042,none,0.0012338140676626556
8043,none,0.005791237511950792
8044,none,0.0017633092589560972
8045,none,0.014121691576845232
8046,none,0.0016216338103142206
8047,none,0.06979053486533653
8048,none,0.021416480065274874
8049,none,0.11103374993973482
8050,none,0.026426548201821075
8051,none,0.013110031991635624
8052,none,0.03048095679646296
8053,unrelated,0.28235735919374105
8054,none,0.012489598981824699
8055,none,0.15690492263336586
8056,none,0.009647117637760879
8057,none,0.14447904951493573
8058,none,0.017363828561173224
8059,none,0.02558229513553688
8060,none,0.00027905927730521434
8061,none,0.018785746035294898
8062,none,0.0001908948029540837
8063,none,0.0010113932485878107
8064,none,0.028682400241258833
8065,none,0.07675211307951683
8066,none,0.001802507691709501
8067,none,0.03264041998922222
8068,none,8.938796691892935e-05
8069,none,0.00015984700620714397
8070,unrelated,0.46688325987851764
8071,none,7.754848430221423e-05
8072,none,0.013573521073096027
8073,none,0.10450742397604505
8074,none,0.00018941594118260677
8075,none,0.029014929868098723
8076,none,0.18646582674440482
8077,none,0.0007043435808829257
8078,none,0.033649938623625746
8079,none,0.0010350412809759357
8080,none,0.028896228858958917
8081,none,0.38003918280882715
8082,none,0.016740753933335913
8083,none,0.10758479696305416
8084,unrelated,0.3342444495787745
8085,none,0.24604592535379144
8086,none,0.002970189430791629
8087,none,0.10828979547067256
8088,none,0.05100728117257874
8089,none,0.0002353735730827382
8090,none,0.0010633490608014254
8091,none,0.0021228903795474673
8092,none,0.10959615770558358
8093,none,0.01826060745066966
8094,none,0.2072046522657409
8095,none,0.2887665181698502
8096,none,0.05571416873680734
8097,none,0.00037160227526331557
8098,none,0.011552439862191703
8099,none,0.00011595597232206303
8100,none,0.0013292590116754574
8101,none,0.00015399536247305638
8102,none,0.02095962790809693
8103,none,7.754848430221423e-05
8104,none,0.018025778538452376
8105,none,0.0032772314387573835
8106,none,0.14384600552967794
8107,unrelated,0.3785668503491144
8108,none,0.026373061596778612
8109,none,0.08684414852076769
8110,none,0.031344847660317525
8111,none,0.00019496627518370482
8112,none,0.01376520046958104
8113,unrelated,0.5523133399633255
8114,none,0.004123783244629154
8115,none,0.005628907810878717
8116,none,0.000557458843998104
8117,none,0.0058572758121670145
8118,none,0.015322067398983261
8119,none,0.06529141188055995
8120,none,0.009793176560802157
8121,none,0.05940506315698975
8122,unrelated,0.4166782970427553
8123,none,0.024623838347288842
8124,none,0.14676071836986743
8125,none,0.00012941106561679914
8126,none,0.001408313167365723
8127,none,0.017710826041022875
8128,none,8.172994672353448e-05
8129,none,0.003382460297025495
8130,none,0.013344512870046222
8131,none,0.0003559010072915427
8132,none,0.07983760589528986
8133,none,0.043224940667139736
8134,none,0.03574324853688381
8135,none,0.0042907051030220645
8136,none,9.440868729254285e-05
8137,none,0.023770302452517777
8138,none,0.028910472018758147
8139,none,0.0031027550530532346
8140,none,0.5324650451103442
8141,none,0.00018941594118260677
8142,none,0.01537823310668145
8143,none,0.19219312527791776
8144,none,3.28905050002372e-05
8145,none,0.005224915620102462
8146,none,7.754848430221423e-05
8147,none,0.17927539564129255
8148,none,0.09108037120588378
8149,none,0.013573328107576594
8150,none,0.011914240432253176
8151,none,0.010605836528985852
8152,none,0.02586602241366281
8153,none,0.0006935609596423455
8154,none,0.0005267087134546313
8155,none,0.15217159245100606
8156,none,0.01891912247059066
8157,none,0.0011638807156656161
8158,none,0.0008001584825749283
8159,none,0.006318020530764483
8160,none,0.026348226661549304
8161,none,0.015896570072984735
8162,none,0.00017903885718007458
8163,none,0.1768153746881887
8164,none,0.2187883780131818
8165,none,0.011204072659310307
8166,none,0.00011845404912831803
8167,none,0.0008643424865025298
8168,none,0.0004175526565882273
8169,none,0.11239376038814651
8170,none,0.05593789610742205
8171,none,0.018375904726951674
8172,unrelated,0.6381338680683184
8173,none,0.04316278633050134
8174,none,0.10080229309988327
8175,unrelated,0.13337571809643048
8176,none,0.1585852030357092
8177,none,0.07082239605175904
8178,none,0.17451195515481757
8179,none,0.01608335133036432
8180,none,0.005932668700183383
8181,none,0.027709462275629253
8182,none,0.001338328609170817
8183,none,0.015559668783872329
8184,none,0.013778816301539596
8185,none,0.04567727433846592
8186,none,0.011139364206814257
8187,none,0.00021851412753572414
8188,none,0.021811871303112892
8189,none,0.00013560363669698925
8190,none,0.0068222848868377435
8191,unrelated,0.6573388670381145
8192,none,7.959387247772804e-05
8193,none,0.001978681472813648
8194,none,0.24676184979812235
8195,unrelated,0.5266450123929658
8196,none,0.024477268200043124
8197,none,0.000630529628980753
8198,unrelated,0.7096717793706526
8199,none,0.5781205781798228
8200,none,0.0009458857394608883
8201,none,0.0003929313079948656
8202,none,0.29335091369335575
8203,none,0.06653220607880844
8204,none,0.029852680720512562
8205,none,0.013625313253208031
8206,none,0.015000711116115886
8207,none,0.01251227271314339
8208,none,0.05768622035475112
8209,unrelated,0.31457978261675534
8210,none,0.003072968024174295
8211,none,0.02935142069452933
8212,none,0.021103272209872424
8213,none,0.0005267087134546313
8214,none,0.3132298409201278
8215,unrelated,0.7510200468686746
8216,unrelated,0.6796761712529328
8217,unrelated,0.33412950459556723
8218,none,0.04530120568524441
8219,none,0.011535817100161544
8220,none,0.00456216788676293
8221,none,0.2859108640915677
8222,none,0.0018292406919043255
8223,none,0.019911582157864597
8224,none,0.021169118629548348
8225,unrelated,0.37270626124297174
8226,none,0.020662098669445156
8227,none,0.013731008992483404
8228,none,0.07104750466742561
8229,unrelated,0.3929242619381393
8230,none,0.023319223697954642
8231,none,0.13456071968119093
8232,none,0.06071990279548615
8233,none,0.034872119858085304
8234,none,0.022720240430208944
8235,none,0.020040886685041896
8236,none,0.00043188971408498935
8237,unrelated,0.570988096516308
8238,none,0.006349025730609467
8239,none,0.012847447576349353
8240,none,0.00946132038460124
8241,none,0.019718697582515824
8242,unrelated,0.45795415788877736
8243,none,0.07694454252823434
8244,none,0.020139311795850285
8245,none,0.506993053609117
8246,none,0.014366480878197483
8247,unrelated,0.16913900425389594
8248,none,0.07758791958607311
8249,none,0.020232982509685436
8250,none,0.007563005960860391
8251,none,0.00018871038125354797
8252,none,0.033282261955781184
8253,unrelated,0.6150712498219003
8254,none,0.00030742766893668137
8255,none,0.0005087312324943689
8256,none,0.0002544930342872672
8257,none,0.0006158635510715825
8258,none,0.3036077059431837
8259,none,0.1766824155952883
8260,none,0.12583514006997307
8261,none,0.0001908948029540837
8262,none,0.030184804868352434
8263,none,0.0004143571374590919
8264,none,1.8075690185422386e-05
8265,none,0.015526326939621932
8266,none,0.027883218766893272
8267,none,0.07261228995012961
8268,none,0.039961605239426365
8269,none,0.0007882832351325574
8270,none,0.09110905154553761
8271,none,0.0349672872723344
8272,none,0.036089238067495685
8273,none,0.037944648918900856
8274,none,7.754848430221423e-05
8275,none,0.027699972825413175
8276,none,0.0006198370116394296
8277,none,0.02047527508244001
8278,none,0.0004433182519682011
8279,none,0.014592164658071593
8280,none,0.0006189188727259078
8281,unrelated,0.6299078839020655
8282,none,0.03148191852331175
8283,none,0.02142819734744226
8284,none,0.024207820052571986
8285,none,0.0004722589263978021
8286,none,0.012712033089265013
8287,none,0.0020122542335574657
8288,none,0.10742427171543902
8289,none,0.015638886738012357
8290,none,0.015034336190681043
8291,none,0.03222360479718143
8292,none,0.0002823009655346983
8293,none,0.0110523801591061
8294,none,0.0128101551533513
8295,none,0.031699614485533496
8296,none,0.19089318832521102
8297,none,0.5498045161172148
8298,none,0.022736895894299513
8299,none,0.024140743475204906
8300,none,0.012895017681095664
8301,none,0.07324040959863751
8302,none,0.016380856946778856
8303,none,0.020563593678585602
8304,none,2.277904328018223e-05
8305,none,0.00013649999692933292
8306,unrelated,0.32707505401139947
8307,none,0.012319664882822554
8308,none,0.005267755536197099
8309,none,0.014961524804702205
8310,none,0.006659614038184164
8311,unrelated,0.4495346013994284
8312,none,0.0
8313,unrelated,0.5878453216089387
8314,none,0.00027839582038293863
8315,none,0.010123308447166959
8316,none,0.0009687342642094721
8317,none,6.273366948739942e-05
8318,none,0.012271471882694078
8319,none,0.10869967229234913
8320,none,0.008136719312560534
8321,none,0.05007219309272956
8322,none,0.028794627129250187
8323,none,0.0014765626101603962
8324,none,0.1725655195507877
8325,none,0.00018941594118260677
8326,none,0.012100465837714987
8327,none,0.0001261200111799883
8328,none,6.167589024731881e-05
8329,none,0.004738199566691776
8330,none,0.0006125298171318962
8331,none,0.0036162933112922247
8332,unrelated,0.6956741626507507
8333,none,0.0008560380992301958
8334,none,0.0001508081938081998
8335,none,0.186708319518512
8336,none,0.010897850742932447
8337,none,0.015238605893635208
8338,none,0.023079753808803217
8339,none,0.0004909234788710489
8340,none,0.08762934141467767
8341,none,0.4566060551288815
8342,none,0.05104231711995074
8343,none,0.38675229434746333
8344,none,0.009598431842374513
8345,none,0.0001552240835901634
8346,none,0.009362476896004822
8347,none,0.06614087391287513
8348,unrelated,0.22779064172352675
8349,none,0.00016645582939235127
8350,none,0.4446074235156667
8351,none,0.0001158404140439581
8352,none,0.20980262905143388
8353,none,0.0001234924069968646
8354,none,0.09677123965995658
8355,none,0.09512802318257901
8356,none,0.0014226562778942278
8357,none,0.16165832119628537
8358,none,0.024670630331523787
8359,none,6.660892363874713e-05
8360,none,0.001298557734905421
8361,none,0.00027457315210411453
8362,none,0.009737428508930978
8363,none,0.0003301948114543141
8364,none,0.011317677571592076
8365,none,0.20666076196855546
8366,none,0.08774478151558344
8367,none,0.00037938899237073846
8368,none,0.011618805197704987
8369,none,0.0005667066932748565
8370,none,0.0447293282920896
8371,none,0.01710434728310136
8372,none,0.0005929030757396155
8373,none,0.00042781657111153217
8374,none,0.052856341214175755
8375,none,0.01503359464847738
8376,none,8.441397875360138e-05
8377,unrelated,0.6797871406866594
8378,none,0.001663488307967379
8379,none,6.660892363874713e-05
8380,none,0.0023410325467010003
8381,unrelated,0.6560858150396087
8382,none,0.01108736378859109
8383,unrelated,0.7001380160551391
8384,none,0.043917592712175255
8385,none,0.08155961983620391
8386,none,6.660892363874713e-05
8387,none,0.019079586626340492
8388,none,0.007275954114436902
8389,none,0.01458259098023822
8390,none,0.014946389567568098
8391,unrelated,0.3691485053760866
8392,none,0.0005076475364143415
8393,none,0.06628117874977335
8394,none,0.04365999812204174
8395,none,0.015481482050968167
8396,none,0.023316080891084705
8397,none,0.012877222991187345
8398,unrelated,0.5352367904230984
8399,none,0.012437901478782322
8400,none,0.0007313701709609556
8401,none,0.009978772036731311
8402,none,0.03298668158837366
8403,none,0.07527275948943213
8404,none,0.10599481889165768
8405,none,0.13754095745577494
8406,none,6.660892363874713e-05
8407,none,0.021314585553916722
8408,none,0.15101221290508987
8409,unrelated,0.7279979195527888
8410,none,0.000693142424164198
8411,none,0.021140005091325104
8412,none,0.26863110830942766
8413,none,0.028414281041879996
8414,none,0.2120305682922115
8415,none,0.10065969544495773
8416,none,0.00018473316452739745
8417,none,0.0227671025723239
8418,none,0.0003457492266022058
8419,none,0.0426874323422187
8420,none,0.001198254569044972
8421,none,0.02279864386179641
8422,unrelated,0.3953569216109825
8423,none,0.04792079463192663
8424,unrelated,0.7103776270386066
8425,none,0.017607872560616782
8426,none,0.0001891001235499437
8427,none,0.01682194616660055
8428,unrelated,0.6020714766520278
8429,none,0.0008893145628927435
8430,none,0.15025873826370495
8431,none,0.0950238498847952
8432,none,0.07489481487320084
8433,none,0.0248069191119577
8434,none,0.07968071333508636
8435,none,0.0002416693703138935
8436,unrelated,0.747303570251868
8437,none,0.0006234549785704363
8438,none,0.0008085124894808061
8439,none,0.0861942576585176
8440,none,0.22414344089198118
8441,none,0.024145370341433728
8442,none,6.660892363874713e-05
8443,none,0.0013387039667275584
8444,none,0.014470492786220712
8445,none,0.01383329856649061
8446,none,0.01281100673550025
8447,none,0.06817833821359448
8448,none,0.005811870010718709
8449,none,0.0671659975674807
8450,none,0.10243197952725444
8451,none,0.012434333961051593
8452,none,0.06479889050122377
8453,none,9.835214555676184e-05
8454,none,0.0004391055042985189
8455,none,0.001066367750991882
8456,none,0.006592994225354361
8457,none,0.006891340194541201
8458,none,0.09005483151254676
8459,unrelated,0.7272952355447324
8460,none,0.016001502287508382
8461,none,0.00946138280617869
8462,none,0.05124367184995753
8463,none,0.005204221974861073
8464,none,0.026718429929513197
8465,none,0.0013799608065997162
8466,none,0.073972523662519
8467,unrelated,0.3823050197749873
8468,none,0.0015593169674702567
8469,none,0.00046884994145355153
8470,none,0.0021127383663795624
8471,unrelated,0.7270333368140143
8472,none,0.0001695751569022804
8473,none,0.02406441139673757
8474,none,0.0019304943974890155
8475,none,0.01022951468669943
8476,unrelated,0.7357524795044361
8477,none,0.04480456075722179
8478,none,0.004980970533049205
8479,none,0.03756221502291654
8480,none,0.0005929445629903002
8481,none,0.0363139665977074
8482,none,0.33736863066480993
8483,none,0.000565550763505146
8484,none,0.2926007687346666
8485,none,0.019257868529580936
8486,none,0.012277285380891007
8487,none,0.0018450981796535354
8488,none,0.12618752905736252
8489,none,0.0491321271688078
8490,none,0.6153564486921012
8491,none,0.00041938992778625423
8492,none,0.3980110609605629
8493,none,0.03176555667999363
8494,none,0.00019354542142738378
8495,none,0.33004394274188664
8496,none,0.051431209441975836
8497,none,0.0008646408875324804
8498,none,0.00021790664083803804
8499,none,0.030062262401894083
8500,none,0.27720629220550486
8501,none,0.013161334934304068
8502,none,0.018916043165106703
8503,none,0.028961319601295523
8504,none,4.6861075432504004e-05
8505,none,0.07977347555368931
8506,none,0.0002503281788658895
8507,none,0.02202632807301356
8508,none,0.019314277742086394
8509,unrelated,0.3799544395165207
8510,none,0.01687990178673143
8511,none,0.0007106839275478595
8512,none,5.7280285851714424e-05
8513,none,0.00014676924428002968
8514,none,0.011213721166174554
8515,unrelated,0.2641837473640084
8516,none,0.005775032810858593
8517,none,0.0003968177185408648
8518,unrelated,0.19834692371085116
8519,none,0.0239009323389536
8520,none,0.06154229899809404
8521,none,0.00032093195354503665
8522,none,0.0006086401637556214
8523,none,0.21151497407109676
8524,none,0.09923218387135245
8525,none,0.03850981537460689
8526,none,0.0006445580422956064
8527,none,0.020066509030815215
8528,none,0.014011325582693811
8529,none,0.00012078882188217444
8530,none,0.07729374283686762
8531,none,0.013582572588261375
8532,none,0.00018941594118260677
8533,none,0.5886441805615233
8534,none,0.02749521872736887
8535,none,0.021282462866727702
8536,none,6.940177374959984e-05
8537,none,0.031958512285259574
8538,none,0.0010624281227029238
8539,none,0.0009271842700058222
8540,none,0.0006678048874364414
8541,none,0.01425103667610824
8542,none,0.13268257771653172
8543,none,0.2117115199196991
8544,none,0.012598406567491687
8545,none,0.0285426981082637
8546,none,0.0005887417553629396
8547,none,0.048073561816984425
8548,unrelated,0.6556556053787242
8549,none,0.01985769656055773
8550,none,0.07637849356798837
8551,none,0.0002787549180869261
8552,unrelated,0.6746465128810426
8553,none,0.0003680122369916675
8554,none,0.0015873525065430633
8555,none,0.091965475964389
8556,none,0.00012078882188217444
8557,unrelated,0.3841432423590645
8558,none,6.273366948739942e-05
8559,none,0.30964778306938945
8560,unrelated,0.6397080691775392
8561,unrelated,0.5784071103569426
8562,none,0.011986915795456488
8563,none,0.01599697316696803
8564,none,0.05981185743955436
8565,none,0.00011595597232206303
8566,none,0.485913923552762
8567,unrelated,0.2048640167752061
8568,none,0.01616364979893256
8569,unrelated,0.33868256563853505
8570,none,0.009138132093798212
8571,none,0.06807259506918151
8572,unrelated,0.3317043874549573
8573,none,0.00036125039290253323
8574,unrelated,0.2814330895244165
8575,none,0.13635451088451414
8576,none,0.027568685990323
8577,unrelated,0.7661324829503359
8578,none,0.00026393433920900974
8579,none,0.0015685917215319
8580,none,0.0268052208471393
8581,none,7.931540394370266e-05
8582,none,0.19084635718682535
8583,none,0.0001032494920171075
8584,none,0.06204136936848902
8585,none,0.16546069293140903
8586,unrelated,0.12444323504797002
8587,unrelated,0.26510951083122847
8588,none,0.0003229701833220236
8589,none,0.1038558746445881
8590,none,0.003954094630914654
8591,unrelated,0.6561718368928964
8592,none,0.03666156123809075
8593,none,0.052907687354175365
8594,unrelated,0.5627915174560761
8595,none,0.1274037720921588
8596,none,0.01661770490468816
8597,none,0.07931143083585508
8598,none,0.0014115767641241508
8599,none,0.09480433757453696
8600,none,4.246547103689961e-05
8601,none,0.012787177592228603
8602,none,0.012139882062329627
8603,none,0.0011326781653692845
8604,none,0.0020752289838287486
8605,unrelated,0.12922085821553764
8606,none,0.018380771056180488
8607,none,0.14141667682157968
8608,none,0.0
8609,none,0.018148284269854723
8610,none,0.02911316339700138
8611,none,0.0018958313656809265
8612,none,0.05803170716528312
8613,none,0.018297515984248423
8614,none,0.013234100227443061
8615,none,0.004704132450564929
8616,none,0.07288557215345823
8617,none,0.0024318975355494114
8618,unrelated,0.5727705354038677
8619,none,0.08022866985558653
8620,none,6.660892363874713e-05
8621,none,0.06288583875453238
8622,none,0.022674930747058765
8623,none,0.00031512143165269126
8624,none,0.0013416076192337032
8625,none,0.08289299305595152
8626,none,7.544014979235495e-05
8627,none,0.046884101572348416
8628,none,0.00017752034780681167
8629,none,0.012260216356221522
8630,none,0.0017616677400466366
8631,none,0.004567984114223198
8632,none,0.009879438614179578
8633,none,0.03488080391399217
8634,none,0.00014128888216810085
8635,none,0.5334800311261865
8636,none,0.010189415941182606
8637,none,0.024869587336362294
8638,none,0.026797804045848247
8639,none,0.03040973168300008
8640,none,0.010625764668749017
8641,none,0.05410861560918355
8642,none,0.0005218209131413496
8643,none,0.010501179251408114
8644,none,0.04315048403758249
8645,none,0.0006064891694373232
8646,none,0.028486220213035384
8647,none,0.0001552240835901634
8648,none,5.246017957584107e-05
8649,none,0.023196436502281058
8650,none,0.2248851725807792
8651,none,0.032677744123955216
8652,none,0.04482409806540473
8653,none,0.000724177815247084
8654,none,0.0171223876502231
8655,none,6.660892363874713e-05
8656,none,0.12730779228986622
8657,none,0.7015474900842922
8658,none,0.11605543254369188
8659,none,0.027888212447494957
8660,none,0.01873430512248576
8661,none,0.01352317509542178
8662,none,0.0001341459984922507
8663,none,0.04991477731068488
8664,none,0.006449263052074604
8665,none,0.0927015492170598
8666,none,0.0003229701833220236
8667,none,0.3041216703418491
8668,none,0.07107827599939946
8669,none,0.11083243217610031
8670,none,0.3933331236532826
8671,none,0.00048455431816810194
8672,none,0.027517717437287162
8673,none,0.05527760433188649
8674,none,0.017581287149711702
8675,none,0.24600923350915824
8676,unrelated,0.5236633592504809
8677,none,0.014996194555636827
8678,none,0.18865729791546268
8679,none,0.02434413708870355
8680,none,0.012406475914407798
8681,none,0.07378861403852542
8682,none,0.15012230435489918
8683,none,0.0005253779470641227
8684,none,0.011930138374384208
8685,none,0.00020016316577816398
8686,none,0.006956404962697643
8687,none,0.42859638878873185
8688,none,0.010628291754457337
8689,none,0.06585009163894413
8690,none,0.003533422177670454
8691,none,0.013572113832148645
8692,none,0.05803925086104043
8693,none,0.22131268138609259
8694,unrelated,0.6300396117430767
8695,none,0.00012078882188217444
8696,none,0.021219357131993296
8697,none,0.0472147694144329
8698,none,0.005133944293453854
8699,none,0.01772271944898898
8700,none,0.014739821190028137
8701,none,0.0005532485062029562
8702,none,0.10753304487614912
8703,none,0.00044124157005685435
8704,unrelated,0.6381371488646552
8705,none,0.04218809750477097
8706,none,0.013735919243543584
8707,none,0.000575798080713687
8708,none,0.0025683286182903455
8709,none,0.027926748746275463
8710,none,0.14847313719028038
8711,unrelated,0.8105058693565499
8712,none,0.022322975049966325
8713,none,7.754848430221423e-05
8714,none,0.037465511216692414
8715,none,0.07925398688076139
8716,none,0.019770059468680146
8717,none,0.06253802805993869
8718,none,0.011518436133681595
8719,unrelated,0.5385080898004155
8720,unrelated,0.5651704688857717
8721,none,0.001685177444248841
8722,none,0.021209867728488638
8723,none,0.005973216706668371
8724,unrelated,0.4806945351532128
8725,none,0.010694937987569885
8726,none,0.0013882874575536566
8727,unrelated,0.5131107151797333
8728,none,0.021076514783842967
8729,none,0.45910233210356793
8730,none,0.09799552784141972
8731,none,0.001792849908322487
8732,none,0.002939135135537406
8733,none,0.0009037016554683211
8734,none,0.022873211855250753
8735,none,0.2997168242917943
8736,none,0.027581580667585662
8737,none,0.00018941594118260677
8738,none,0.19467212920245763
8739,none,0.02697969477299647
8740,none,9.678664324858061e-05
8741,none,0.0011729398963810115
8742,none,0.00038048595526995565
8743,none,0.0016723721691542332
8744,none,0.034543514809988414
8745,none,0.00594716271888926
8746,none,0.06803840967579579
8747,none,6.273366948739942e-05
8748,none,0.002916766547442064
8749,none,0.00024250266652092026
8750,unrelated,0.5732574906424508
8751,unrelated,0.33364520759195704
8752,none,0.000492669961754041
8753,none,0.00230566696360846
8754,none,0.00014587160261017798
8755,none,0.018542399636674454
8756,none,6.273366948739942e-05
8757,none,0.053627762941847165
8758,none,0.01790469506513013
8759,none,0.0009258511185713679
8760,none,0.014036279812148415
8761,unrelated,0.587060382253734
8762,none,0.03931968500962115
8763,none,0.004636907299760584
8764,none,0.0017074870893989899
8765,unrelated,0.5593420753897418
8766,none,0.017425557024116824
8767,none,0.11002202107141894
8768,none,0.00023341943361031395
8769,none,0.02015696161330744
8770,none,0.002256307226196047
8771,none,0.06292572674655336
8772,none,0.0012832404047390228
8773,none,0.024110556660212935
8774,none,0.010152626330288897
8775,unrelated,0.4780177645577984
8776,none,6.029547794253676e-05
8777,none,0.00029325162403344624
8778,none,0.01395777242159676
8779,none,0.6224957824341291
8780,none,0.0001552240835901634
8781,none,0.0025165117208168133
8782,none,0.1909478898770751
8783,none,0.1359763732006305
8784,none,0.0
8785,none,0.0025836126503816378
8786,none,0.0009512090477849306
8787,none,0.01658189501508986
8788,none,0.07510035722083458
8789,none,0.0015860467313477994
8790,none,0.00018941594118260677
8791,none,0.01954686873315835
8792,none,0.023152563867462436
8793,none,0.02099794064157519
8794,none,0.00015042081429842615
8795,none,0.00012854689434891364
8796,none,0.04218699703461338
8797,unrelated,0.34412521776205324
8798,none,0.0008848786058850188
8799,none,0.2677153985661683
8800,none,0.0005145777670156332
8801,none,0.08385309267268681
8802,none,0.33678678184263616
8803,unrelated,0.5580802293854886
8804,none,0.0014199339335112
8805,none,0.0002006171989545795
8806,none,0.00018251781017335783
8807,unrelated,0.061062615432975774
8808,none,0.010219660032667024
8809,none,0.040876214817835786
8810,unrelated,0.5044014157693881
8811,none,0.028197144227429027
8812,none,0.002534557239686311
8813,unrelated,0.5237461075275222
8814,none,0.03482833897852538
8815,none,0.027095031559437238
8816,none,6.68271565839476e-05
8817,none,0.015989758787789604
8818,none,0.00022857374312647922
8819,none,0.02119977514638659
8820,none,0.04276798750226345
8821,none,0.07319151046123389
8822,none,0.4563572295508933
8823,none,0.0010349762994066307
8824,none,0.04212161077253332
8825,none,0.26654138682818757
8826,none,0.05826780854707128
8827,none,0.09075539877157796
8828,none,0.009466560853389334
8829,none,0.025061359368035763
8830,none,0.018074267189686785
8831,none,0.14305719480406343
8832,none,0.0
8833,unrelated,0.7578160896957441
8834,none,0.015659142973912285
8835,none,0.00018941594118260677
8836,none,0.0247560167341891
8837,none,0.018279263706786057
8838,none,0.02018301217703119
8839,none,0.033054459800426914
8840,none,0.058670855976828105
8841,none,0.00311552351481924
8842,none,0.5150467184361703
8843,none,0.013097308851749225
8844,none,0.019983691890401997
8845,none,0.004275406267009811
8846,none,0.028011863877697475
8847,none,0.018158477041329713
8848,none,0.0006887571448038646
8849,none,0.11328508761889916
8850,none,0.013384354469788817
8851,none,0.00048098352596780093
8852,none,0.0009222866520272832
8853,none,0.0001552240835901634
8854,none,0.031514675450334206
8855,none,0.00018941594118260677
8856,none,0.03925143894309578
8857,none,0.0002858282002094116
8858,none,0.07704035583265831
8859,none,0.01135825221348971
8860,none,0.001383463547758567
8861,none,0.13851439486258008
8862,none,0.0005685797156654772
8863,none,0.02568349026783997
8864,unrelated,0.39936520631633526
8865,none,0.03361833272920872
8866,none,0.00036238975585538795
8867,none,0.010391820281668416
8868,none,0.0061821081638331506
8869,none,0.11329142499743261
8870,none,0.010502111981496889
8871,unrelated,0.7138247228883624
8872,none,0.1970344462908077
8873,none,0.0983663710906206
8874,none,0.0002416693703138935
8875,none,0.0009619725067628068
8876,none,0.0003452108759689188
8877,none,0.014363223200770452
8878,none,0.015498015789153823
8879,none,0.00021172603546412705
8880,none,0.012186120230086955
8881,none,0.0004687367318104848
8882,none,0.001329172619844891
8883,none,0.02230311959531638
8884,none,0.00023110418730992084
8885,none,0.0001842123273356575
8886,unrelated,0.3243418799065244
8887,none,0.13147070583246565
8888,none,0.06874085467279493
8889,none,8.84346772022927e-05
8890,none,0.09195243984782314
8891,none,0.0009544650130730981
8892,unrelated,0.5126412073502423
8893,none,0.03994489278206223
8894,none,0.003634441294920199
8895,none,0.0005338447798588124
8896,none,2.6358826358826355e-05
8897,none,0.019285429223886888
8898,none,0.004131550257636139
8899,none,0.002670969555597706
8900,none,0.0003306329415263777
8901,none,0.24141394333363103
8902,none,0.03515147940177017
8903,none,0.0010109140970146662
8904,none,0.016475402959692492
8905,none,0.00018941594118260677
8906,none,0.032077047864862006
8907,none,0.09487013631044175
8908,none,0.024934986166156053
8909,none,0.00012098370478529953
8910,none,0.0010071031198521875
8911,none,0.0007028646456385953
8912,none,0.0033932511493196347
8913,none,0.016405033356755253
8914,unrelated,0.7583911448574415
8915,none,0.004648183821016703
8916,none,0.009061785033783482
8917,none,0.017341527158618933
8918,none,0.05491124774445441
8919,none,0.01604666912716937
8920,none,0.00015211773946545272
8921,none,0.00038657241027052937
8922,none,0.0002467155507367316
8923,none,0.013594166476154372
8924,none,0.021892232883923123
8925,none,0.01566741873044568
8926,none,0.09262874547953093
8927,none,0.01726706365621198
8928,none,0.021702196172642622
8929,none,0.0007835490790242869
8930,none,0.018359868583374933
8931,none,0.1437335646102649
8932,none,0.10198344320228042
8933,none,0.021966692205326602
8934,none,0.331289798089316
8935,none,0.015445209883764745
8936,none,0.006981719789792078
8937,none,0.003933409143608464
8938,unrelated,0.5559928963022351
8939,none,0.01788277890532478
8940,none,0.004361379344628042
8941,none,0.07495711262668144
8942,none,0.06549323676358858
8943,none,0.026604852666527807
8944,none,4.6861075432504004e-05
8945,none,0.0015965617731363215
8946,none,0.021804123364555658
8947,none,0.018645043875869228
8948,none,0.006733251392916828
8949,none,0.312371505251518
8950,none,0.028886299711609106
8951,none,0.036401436211849936
8952,none,0.018134947286377854
8953,none,0.0021750280458542916
8954,none,0.012651017883517308
8955,none,0.0015495760574224216
8956,none,0.012883451177509846
8957,none,0.011551452854650228
8958,unrelated,0.2172275120209164
8959,none,0.09465724927530089
8960,none,0.0014597360031097595
8961,none,0.342710448447392
8962,none,0.013237668254148616
8963,unrelated,0.3762003920331454
8964,none,0.020589623374535834
8965,none,0.007356060267821794
8966,none,0.00021851412753572414
8967,none,0.006706236105757029
8968,none,4.8997149678310455e-05
8969,none,0.0237794388815599
8970,none,0.0030051620750313783
8971,none,0.025671390652411127
8972,none,0.01819829205465684
8973,none,0.003022303504325694
8974,none,0.0013074016710038754
8975,none,0.03794602571095887
8976,none,0.0006550126272664169
8977,none,0.03219290170945173
8978,none,0.06276886492442589
8979,none,0.006504309201020937
8980,none,0.0010202353113930181
8981,none,0.00045782797568471255
8982,none,0.06733947265996446
8983,none,0.01185591375367427
8984,none,1.1544011544011544e-05
8985,none,0.044143832048647226
8986,none,0.015666688024296598
8987,none,0.02357280438700518
8988,none,0.05490588589434868
8989,none,0.10782204748809124
8990,none,0.572852890247143
8991,none,0.00013806246876556813
8992,none,0.015866971624773286
8993,none,0.011092531316275706
8994,none,0.0011844769558459272
8995,none,0.0003297830619201618
8996,none,0.0268765322011498
8997,none,0.1300112898316167
8998,none,0.03254972194030482
8999,none,7.754848430221423e-05
9000,none,0.016737262282029895
9001,none,0.0926188148338316
9002,none,0.0006387596570062342
9003,none,0.028065244228128103
9004,none,0.01674270701540995
9005,none,0.5682953818944166
9006,none,0.032072014309535456
9007,none,0.05021297469112573
9008,unrelated,0.7049384970260404
9009,none,0.004085458430463743
9010,none,0.02078324452364985
9011,none,0.00011508897463382264
9012,unrelated,0.13473176232470072
9013,none,0.00045365345893294345
9014,none,0.0939325769236275
9015,none,0.034324212084389155
9016,none,0.02213735564562167
9017,none,0.11978811281623018
9018,none,0.2598785132416572
9019,none,0.022601426849048895
9020,none,0.01661051593077773
9021,none,0.004128723049530667
9022,none,0.02521030359038325
9023,none,0.017257775485398218
9024,none,0.13964181996955213
9025,none,0.10264492964975737
9026,none,0.0016623757434506548
9027,none,0.0007214624446180182
9028,none,0.38991153401776724
9029,none,0.4061931312221869
9030,none,0.00024330346623486349
9031,none,0.048396486798357945
9032,none,0.056623417376127146
9033,none,0.024392884278181787
9034,none,0.0008663320517814426
9035,none,0.01663925766486802
9036,none,0.012575057402640024
9037,unrelated,0.640176742789399
9038,none,0.16386708003308584
9039,none,0.0823528731984807
9040,none,0.000322376364477452
9041,none,0.14087546745045518
9042,none,0.002941189754200334
9043,unrelated,0.479371086558466
9044,unrelated,0.6541469288275554
9045,none,0.00018941594118260677
9046,none,0.23366219787047907
9047,none,0.03271981845973751
9048,none,0.13112137056691894
9049,none,0.00016099149319720183
9050,none,0.00010083873833168469
9051,none,0.017562568608048456
9052,none,0.0001632825198849008
9053,none,0.010216013820989071
9054,none,0.0001032494920171075
9055,none,0.3102748493853193
9056,none,0.11636212366308672
9057,none,0.00018941594118260677
9058,none,0.004846248555823909
9059,none,0.12736289154402555
9060,none,0.519304682299028
9061,none,0.03355070780043633
9062,none,0.0001943956267246595
9063,none,0.006061713003292763
9064,none,0.08352499620150378
9065,unrelated,0.6062448111710441
9066,none,0.030732656124706284
9067,none,0.008527144118736873
9068,none,0.011334905952168668
9069,none,0.010452368435836539
9070,none,0.020084562602794696
9071,none,0.17157250311065553
9072,none,2.277904328018223e-05
9073,none,0.004863413847420411
9074,none,0.00018941594118260677
9075,none,0.19504694410308246
9076,none,0.0011742653271949125
9077,none,0.003994545374845972
9078,none,0.29149878946117225
9079,none,0.02765873964643769
9080,none,0.0088654273057309
9081,none,0.024629751919168674
9082,none,7.931540394370266e-05
9083,none,0.00012854689434891364
9084,none,0.060249350006273225
9085,none,0.02011088895135929
9086,none,0.1288382602557445
9087,none,0.11993662047716473
9088,none,0.0017065325801260925
9089,unrelated,0.7505406029679033
9090,none,0.00022945335651923144
9091,none,0.0009348398070119358
9092,none,0.03245569462815315
9093,none,0.0058999311806090735
9094,none,0.0001365274793483561
9095,none,0.0001552240835901634
9096,none,0.03312284277241764
9097,none,0.018783236035095765
9098,unrelated,0.5299586254461179
9099,none,0.00015145889011332052
9100,none,0.45911481996026565
9101,none,0.00027752619696981903
9102,none,0.14350871085305736
9103,none,0.0006009232638864287
9104,none,0.011577491634540804
9105,none,0.2521394275494806
9106,none,0.04843889766215465
9107,none,0.00020485187515343885
9108,none,0.012546135954810092
9109,none,0.00997620521562815
9110,none,0.050555718253659926
9111,none,0.01213293845861052
9112,none,0.03903975789276628
9113,none,0.0017794083125986957
9114,none,0.03572903729528451
9115,none,0.0905361954067056
9116,unrelated,0.6658292993433546
9117,none,0.01744169110343319
9118,none,0.009285782342244576
9119,none,0.01517650654785362
9120,none,0.014505845671564552
9121,none,0.01722398433267122
9122,none,0.017832707437525935
9123,none,0.00022856746509885767
9124,none,0.42902857821300244
9125,none,0.012762750399182142
9126,none,0.010789283736842726
9127,none,0.016243646181282625
9128,none,0.0010770571967921973
9129,none,0.003156684164196588
9130,none,0.06539685841184989
9131,none,0.0024095079313193367
9132,none,0.05845385511601446
9133,none,0.09451065460945557
9134,none,0.00013560363669698925
9135,none,0.015577394814723906
9136,unrelated,0.8470983966971939
9137,none,0.018154482368606784
9138,none,0.0011605686398160093
9139,none,0.01497182194687066
9140,unrelated,0.520661048171593
9141,none,0.01552549584030562
9142,none,0.0036287552149079755
9143,none,0.049481858825417245
9144,none,0.00026229636512131006
9145,none,0.0011542392224813353
9146,none,0.030245816261018313
9147,none,0.0008686770981817302
9148,none,0.028975139415453825
9149,none,0.06076667872454771
9150,none,0.030574509203489843
9151,none,0.4704729572347046
9152,none,0.021151838299145957
9153,none,0.0004526496762365902
9154,none,0.015187068033468391
9155,none,0.000489149797546124
9156,none,0.021138230057552908
9157,none,0.008332984745387658
9158,none,0.0014932024016331813
9159,none,0.0008578561065828864
9160,none,6.018606307812209e-05
9161,unrelated,0.15528181637998548
9162,none,0.0002387570425154812
9163,none,0.13787718118506873
9164,none,0.041453116537685755
9165,none,0.000755971390195154
9166,none,0.008830218835637449
9167,none,0.005428756791944378
9168,none,0.00010543719519398622
9169,none,0.0010039624026748626
9170,none,0.2869000551423559
9171,unrelated,0.21131210478683957
9172,none,0.0003726927299843607
9173,none,0.013584323809382926
9174,none,0.00019122027469999748
9175,none,0.0007841641924053103
9176,none,6.959916393878659e-05
9177,unrelated,0.29122738468167014
9178,none,0.024060066278644404
9179,none,0.021246498710602656
9180,none,0.31086092014646954
9181,none,0.24657259361646053
9182,none,0.016602557873853167
9183,unrelated,0.5948662323365285
9184,unrelated,0.7333138671752362
9185,none,0.06586932709617471
9186,none,0.00023337215195797358
9187,none,0.0007360376605548291
9188,none,0.0008354897487160736
9189,none,0.000755971390195154
9190,none,0.17036695126344764
9191,none,0.0289978010077646
9192,none,6.531678641410843e-06
9193,unrelated,0.6340930428942698
9194,none,0.10201641096432917
9195,unrelated,0.6530104076144696
9196,unrelated,0.4235397198669761
9197,none,0.04618754827998075
9198,none,0.18631623370935724
9199,none,0.000557458843998104
9200,none,0.0002750126856333272
9201,none,0.018687614943719632
9202,none,0.0006829661481683015
9203,none,0.021717492330204334
9204,none,0.000372955110267628
9205,none,0.02809530826369293
9206,none,0.011329219140041098
9207,none,0.01278657202496072
9208,none,0.00038727041732255704
9209,none,0.045358807398394305
9210,none,0.00015680659049399206
9211,none,0.00045836021538479517
9212,none,0.00011352392981161884
9213,none,0.0013026179871705335
9214,none,0.020279122873152065
9215,none,0.001918342742248535
9216,none,0.009226206746630267
9217,none,0.024545610622447988
9218,none,0.010605148276430006
9219,none,0.007910666920011886
9220,none,0.00013065522885877292
9221,none,0.0004851254447269843
9222,none,0.006362929185626345
9223,none,0.016130615147265968
9224,none,0.009427562137887185
9225,none,0.015249660031800534
9226,none,0.018396567926044934
9227,none,0.026662934291304632
9228,none,0.014186635402008908
9229,none,0.03374266887224215
9230,none,0.04648992050756956
9231,none,0.029177714629198145
9232,none,8.016032064128256e-05
9233,unrelated,0.34731542168335844
9234,none,0.016637510231619704
9235,unrelated,0.5052565250390482
9236,unrelated,0.4838641329494506
9237,unrelated,0.46386096792758946
9238,none,0.031588592469698654
9239,none,0.028999931694755295
9240,none,0.0773968224159075
9241,none,0.0002897529459586795
9242,none,0.0009017025956363514
9243,none,0.052906942833004365
9244,none,0.0020228793098740947
9245,none,0.03767063922323959
9246,none,0.021676101068045673
9247,none,0.01551178493073908
9248,none,2.2471294581026783e-05
9249,none,0.03489392468288885
9250,none,0.015078609459580188
9251,none,0.33210420016339454
9252,none,0.03389262492474184
9253,none,6.660892363874713e-05
9254,none,0.012668644471012317
9255,unrelated,0.6249308553694377
9256,none,0.0175889207890462
9257,unrelated,0.7314632256650928
9258,none,0.5842535047979969
9259,none,0.6088380455350118
9260,none,0.03764079544122517
9261,none,0.0005105607725378676
9262,none,0.05071381175287808
9263,none,0.003295273346327621
9264,none,0.0009533534745468357
9265,none,0.07710241479032284
9266,none,0.14880855584810407
9267,none,0.013689658451416281
9268,none,0.0038115869213141214
9269,none,8.84346772022927e-05
9270,none,0.10135564379634397
9271,none,0.051476629447786894
9272,none,0.042109839984216586
9273,none,0.013722209890853109
9274,none,0.004180056016118954
9275,none,0.017719763740562913
9276,unrelated,0.5025074781324785
9277,none,0.0017260832657050615
9278,none,0.02028163654895226
9279,none,0.0004977327139443584
9280,none,0.006783992061309434
9281,none,0.017331571513112858
9282,none,0.02128693841865271
9283,none,0.019695887307706984
9284,unrelated,0.735439364907469
9285,none,0.0006778981256711083
9286,none,0.2851311533690721
9287,none,0.010055935587693167
9288,none,0.00018827029295494195
9289,none,0.001537177725227488
9290,none,0.00017389556643873313
9291,none,0.2383078175231149
9292,none,0.031111810450481142
9293,none,0.029471488473357975
9294,none,7.931540394370266e-05
9295,none,0.3598398573909728
9296,none,0.07933999937669567
9297,none,0.01793237009129231
9298,none,0.015275384794627145
9299,none,0.0002021224214875623
9300,unrelated,0.7832371985822655
9301,none,0.01609033037195248
9302,none,0.00023063913416175252
9303,none,0.004811429582559357
9304,none,0.09174250917757014
9305,unrelated,0.7242320654837112
9306,none,0.015928224677090472
9307,none,0.0002595326911542914
9308,unrelated,0.26073290076646605
9309,unrelated,0.5442636658715754
9310,none,0.4716033014391081
9311,none,0.016031126242832306
9312,none,0.3947697068945488
9313,none,0.017635979159602976
9314,none,0.0019674855977937556
9315,none,0.0010996657569848217
9316,none,0.0008497546028848287
9317,unrelated,0.3734808154579428
9318,none,0.0004927843061061421
9319,none,0.0008409361031222666
9320,none,0.0006977119132560088
9321,none,0.0001157504640136279
9322,none,0.01416691544645013
9323,unrelated,0.5746906291736691
9324,none,0.05852959143501092
9325,none,0.002700395350198482
9326,none,0.013651141624201583
9327,unrelated,0.2918244807428864
9328,none,0.007646149291421136
9329,unrelated,0.6848231741606685
9330,none,0.0019177635355895689
9331,none,0.0003229701833220236
9332,none,0.0015731263094156767
9333,none,0.0323322375657716
9334,none,0.0020623518041028954
9335,none,0.07099752072521416
9336,none,0.002565605286830836
9337,none,0.00020016316577816398
9338,none,0.018623832663493625
9339,none,0.02352215202477324
9340,none,0.05615225909845273
9341,none,0.02121928596361652
9342,none,6.660892363874713e-05
9343,none,0.00021219498446278903
9344,none,0.0001310758975252524
9345,none,0.02429033097836716
9346,none,0.024504421345085566
9347,none,0.6071343725842675
9348,unrelated,0.7220106919666901
9349,none,0.038401725595599914
9350,none,0.036993185690278915
9351,unrelated,0.057847289738911505
9352,none,5.225342913128674e-05
9353,unrelated,0.35786925887939797
9354,none,0.019041768728263738
9355,none,0.002560363128066094
9356,none,0.00018941594118260677
9357,none,0.13846442167480602
9358,none,0.012107533503512876
9359,none,0.0001627187327231118
9360,unrelated,0.7557951165330011
9361,none,0.21447955302643254
9362,none,0.00011093807113425804
9363,none,0.019992777278837276
9364,none,0.13886661644021187
9365,none,0.057329251246401584
9366,none,0.1595044848100699
9367,none,0.024124773190204764
9368,none,0.0001695751569022804
9369,none,0.07489552642962996
9370,none,0.013288366353376477
9371,none,0.01879048253337264
9372,none,0.04344367159883274
9373,none,0.27529779716352226
9374,unrelated,0.549583448579541
9375,none,0.01350258854041706
9376,none,0.00123769253679812
9377,none,0.03958389991991893
9378,none,0.0248403299436824
9379,none,0.058861886859548546
9380,none,0.06075734404738761
9381,none,0.00027495785622534815
9382,none,0.03469566341091144
9383,none,0.0002793164226113836
9384,none,0.01596848909388808
9385,none,0.0049492974176262375
9386,none,0.07505410304650958
9387,none,0.011202843066206952
9388,none,0.00031769680609313247
9389,none,0.024578512278866618
9390,none,0.09433669184587354
9391,none,0.045479178628778864
9392,none,8.757049301977921e-05
9393,unrelated,0.7332038847040323
9394,none,0.0008315027875391512
9395,none,0.09256625644045974
9396,none,0.06356959176570846
9397,none,0.04626116145857518
9398,none,0.0003973801696479742
9399,none,0.16395724756982905
9400,none,0.006238567155401039
9401,none,0.0006129501601157323
9402,none,0.00014128888216810085
9403,none,0.14869929223966694
9404,none,0.01379962677842664
9405,none,0.06881675346589143
9406,none,0.003530134143429233
9407,none,0.1433257562499159
9408,none,0.016460596002970868
9409,none,0.06994076349185735
9410,none,0.20739909325069378
9411,none,0.0021291899488798875
9412,none,0.00013560363669698925
9413,none,0.0783315830753476
9414,none,0.001117940386298238
9415,unrelated,0.3716311856525141
9416,none,0.009318025092614405
9417,none,0.0008804378340082453
9418,none,0.022284729003807593
9419,none,0.02682954883160346
9420,none,0.31501817671216187
9421,none,0.06684510544689026
9422,none,0.00018941594118260677
9423,none,0.06930438184793832
9424,none,0.12097671808525767
9425,none,0.0002262096780548249
9426,none,0.009205313484190633
9427,none,0.07555957312885031
9428,none,0.004544732743905716
9429,none,0.00017389556643873313
9430,none,0.013779058630222812
9431,unrelated,0.546353596001577
9432,none,0.0009533534745468357
9433,none,0.08944034596514618
9434,none,0.11850289958257994
9435,none,0.015048634690078024
9436,unrelated,0.6660743053380499
9437,none,0.23666424342466422
9438,none,0.023258914425205154
9439,none,0.02220683799402409
9440,none,9.890551655257536e-05
9441,none,0.163058692558634
9442,none,0.018627860466117606
9443,none,0.00022314564296153694
9444,none,0.05722558039262715
9445,none,0.00047782215818173326
9446,none,0.001409978081095685
9447,none,0.013963774421072326
9448,none,0.002530892139612949
9449,none,0.061469960014185455
9450,none,6.660892363874713e-05
9451,none,0.015741706187161638
9452,none,0.03812854534239519
9453,none,0.00856088572451695
9454,none,0.013119172008315567
9455,none,0.05688094209200817
9456,none,5.7280285851714424e-05
9457,none,0.02349213747726523
9458,none,0.0008500140281253866
9459,none,0.05848869802950865
9460,none,0.0005147135369797312
9461,unrelated,0.22311470749795365
9462,none,7.931540394370266e-05
9463,unrelated,0.2227028189126672
9464,none,0.018138253547970534
9465,none,0.3845220315917251
9466,none,0.0016931375742118065
9467,none,0.0017013779330057282
9468,none,0.018669419805639128
9469,none,0.06217031442486505
9470,none,0.3577222004344191
9471,none,0.010959782065922597
9472,none,0.0008659327106326117
9473,none,0.00012237132878600311
9474,none,0.05309832029111738
9475,none,0.00018941594118260677
9476,none,0.024023469901692
9477,none,0.056608785308103184
9478,none,0.07579202166163596
9479,none,0.002770944046715014
9480,none,0.016279504117994923
9481,unrelated,0.7481340392701938
9482,none,0.0007986912504545456
9483,none,0.15112672083875164
9484,none,0.36122764494206805
9485,none,0.06709461746508778
9486,none,0.06588389356463382
9487,none,0.07263796028100043
9488,none,0.0002422160438361695
9489,none,0.0119475416779245
9490,none,0.0040959518204271425
9491,none,0.008539220986050535
9492,none,0.016498617502055696
9493,none,0.010659206882937432
9494,none,0.044812063301337135
9495,none,0.0007601490290541175
9496,none,0.04936881672040818
9497,none,0.008901149690840392
9498,none,0.007494357921127694
9499,unrelated,0.40004314613556025
9500,none,0.0009106764561299962
9501,none,0.21778698389683757
9502,none,0.013672335029133658
9503,none,0.008399860886497983
9504,none,0.24631112722166063
9505,unrelated,0.5831229492481314
9506,none,0.002056277328566069
9507,none,0.002740040995529146
9508,none,0.04772463028111321
9509,none,0.07133166027141846
9510,none,0.031102262877398822
9511,none,0.015204732778120173
9512,none,0.011403943474996625
9513,none,0.06518568454586063
9514,none,0.031955967429193294
9515,none,0.0032370929863303494
9516,none,0.008302682683296491
9517,none,0.002866284810972916
9518,none,0.01785861912201854
9519,none,0.07139364710283042
9520,none,0.00016333520926545736
9521,none,0.00012078882188217444
9522,none,0.002147604552512346
9523,unrelated,0.46690531318076844
9524,none,0.012835729839773937
9525,none,0.18852903168652696
9526,none,0.082898993244732
9527,none,0.01934463321104185
9528,none,0.015366327855004653
9529,none,7.544014979235495e-05
9530,unrelated,0.7313359627536977
9531,none,0.16564233155259117
9532,none,0.01610963818053371
9533,none,0.45654701124030844
9534,none,0.060913379937754863
9535,none,0.037327843740026394
9536,none,5.7280285851714424e-05
9537,none,0.09550034331887577
9538,none,0.005166990432236784
9539,none,0.06271923340425689
9540,none,0.001265365892692486
9541,none,0.0011840037046475093
9542,none,0.0012691329493010617
9543,none,0.026804668688490706
9544,none,0.0
9545,none,0.049896530014692415
9546,none,0.233543237674124
9547,none,0.0060861997870636396
9548,none,0.015281374951571811
9549,none,0.0157369881544656
9550,none,0.19553062710426317
9551,none,0.5090061664199608
9552,none,0.0014169672442835813
9553,none,0.06734140871114058
9554,none,0.020253391734089986
9555,unrelated,0.6904239146986177
9556,none,0.09166943455490931
9557,none,0.0013019153031412635
9558,none,0.013273008918276064
9559,none,0.0011448664092967408
9560,none,0.038882073125205266
9561,none,0.02149429543876494
9562,none,0.01728203839563287
9563,none,0.3422394214869003
9564,none,0.08255454545623386
9565,none,0.46086275726239295
9566,none,0.01789595987368956
9567,none,0.0012930974262900749
9568,none,5.7280285851714424e-05
9569,none,0.0392193199798612
9570,none,0.1503340717282586
9571,none,0.001925646546797562
9572,unrelated,0.5839889618686699
9573,none,0.01180977272047819
9574,none,0.036080771283632435
9575,unrelated,0.3020271426104679
9576,none,0.02029752912545886
9577,none,0.002008760403528783
9578,none,0.029894985047375058
9579,none,0.0005233683887259167
9580,none,0.04162801446969617
9581,none,0.0006546494705348801
9582,none,0.03857607113742354
9583,unrelated,0.5584705973143475
9584,none,0.23348354346212616
9585,none,0.0006465427074649101
9586,none,0.028619001664582734
9587,none,0.0012940865236399832
9588,unrelated,0.607837986107978
9589,none,0.03428966143917596
9590,none,0.22395206681924182
9591,none,0.02510341625477505
9592,none,9.001308289693847e-05
9593,none,0.34467312117320403
9594,none,0.07439208431189132
9595,unrelated,0.1962335927891753
9596,none,0.2384003400032883
9597,none,0.0006935609596423455
9598,none,0.02211643765994839
9599,none,0.29146930723572134
9600,none,0.0007052460308344058
9601,none,0.0017431082140382727
9602,none,0.010077172796691928
9603,none,0.056599014734833586
9604,unrelated,0.4452080474751676
9605,none,0.030765971504113896
9606,none,0.4676199673483346
9607,none,0.011287701953193043
9608,unrelated,0.8413206753248638
9609,none,0.0009944268279070381
9610,none,0.019054192839012066
9611,none,0.0322668953049129
9612,none,0.0017833895802412377
9613,none,0.025423898292674264
9614,unrelated,0.1650783604341798
9615,none,0.01151766976631133
9616,none,0.04224546195084835
9617,none,7.754848430221423e-05
9618,none,0.028796454203961645
9619,unrelated,0.14806802221767415
9620,none,0.0003023153560299684
9621,none,0.022847455827982737
9622,unrelated,0.5261365097590659
9623,none,0.012686007660560517
9624,none,0.011756051750918118
9625,none,0.017442816081633904
9626,none,0.016555016941176465
9627,none,0.05448768326746532
9628,none,0.0003916517913706803
9629,none,0.016066714254631517
9630,none,0.0004531624018861253
9631,none,0.010221548742203395
9632,unrelated,0.7533835525183109
9633,none,0.03392853256780333
9634,none,0.002929072760451602
9635,none,0.016046264180818434
9636,none,0.20129718655560172
9637,none,0.02470468414227583
9638,none,0.028072446142432237
9639,none,0.001745120329333206
9640,unrelated,0.757777271175633
9641,none,0.2341107190621443
9642,none,0.0003646263821477408
9643,none,0.00018941594118260677
9644,none,0.013797587635667121
9645,none,0.03118322477620794
9646,none,0.024666584617913573
9647,none,0.00020016316577816398
9648,none,0.002539538685779348
9649,unrelated,0.5444838162159674
9650,none,0.014426058736167844
9651,none,0.03153316007210106
9652,none,0.03844800599841457
9653,none,0.17416424550272422
9654,none,0.0003225374262517082
9655,none,0.2088179851571706
9656,unrelated,0.5822545548563237
9657,none,0.08359522390619704
9658,none,0.03795671197828254
9659,none,6.660892363874713e-05
9660,none,0.019766026762031833
9661,none,0.018225382605902896
9662,none,0.032126729042585137
9663,none,0.020294930473189535
9664,none,3.28905050002372e-05
9665,none,0.00020609936006529426
9666,none,0.00045782797568471255
9667,none,0.019466919377272705
9668,none,0.09306580005158695
9669,unrelated,0.11591012364708336
9670,none,0.012258781985136087
9671,none,0.015629109259872966
9672,none,0.04834177723866396
9673,none,0.019265708111708555
9674,none,0.002009198435732136
9675,none,0.02620498742677422
9676,none,0.049424728214137376
9677,none,0.0027676291859338774
9678,none,0.06113119073310764
9679,none,0.0072992246703631365
9680,none,0.009202180720070108
9681,none,0.030797936282777386
9682,none,0.002568153092251293
9683,none,0.0013979854658642452
9684,none,0.002430520030814691
9685,unrelated,0.7221774225813837
9686,none,0.00036987624108216177
9687,none,0.002576400816604223
9688,none,4.246547103689961e-05
9689,none,0.0012616717047404368
9690,none,0.12177312931065686
9691,none,0.0005081327408555155
9692,none,0.0009567098061845377
9693,none,0.0004404389484080873
9694,none,0.3686385142975466
9695,none,0.020024242033840078
9696,none,0.02285890201926369
9697,none,0.02199108099977272
9698,none,0.011121370624473605
9699,none,0.013965965411968689
9700,none,0.00023332894235053895
9701,none,0.045537989017661706
9702,unrelated,0.5080825185279172
9703,none,0.0009503371531954479
9704,none,0.009002511610699662
9705,none,0.0007808946379244615
9706,none,0.3359650112601512
9707,none,0.0010325644479656675
9708,none,0.05162630182838854
9709,unrelated,0.652807923370964
9710,none,0.00024589666960624036
9711,none,0.07532005516063456
9712,none,0.01220732905528004
9713,none,0.0007679678964812231
9714,none,0.01762839864245706
9715,none,0.009779073074500582
9716,unrelated,0.4594199937911078
9717,none,0.029586391122372505
9718,none,0.0002367032914532579
9719,none,0.04394184391860197
9720,none,2.6358826358826355e-05
9721,none,0.01361312083168032
9722,none,0.4323982155635732
9723,none,0.01176746141008454
9724,none,0.0008824961669590671
9725,unrelated,0.42726472768933843
9726,none,0.002491547095352308
9727,none,0.0005004687097834245
9728,none,0.013634744743250778
9729,none,0.0018934422838259642
9730,none,0.04244213710723412
9731,none,0.11261469229898932
9732,none,0.02381722485921928
9733,none,0.0655291805556682
9734,none,0.0002898100360098166
9735,none,0.08234190100142044
9736,none,0.005706615633945002
9737,none,0.27358203309058376
9738,none,0.12454534525694867
9739,unrelated,0.45861260525203235
9740,none,0.1856075298571581
9741,none,0.00773838143878505
9742,none,0.00013560363669698925
9743,none,0.015432424417400921
9744,none,4.6861075432504004e-05
9745,none,0.00027886165112945573
9746,none,0.07368465538569499
9747,none,0.00020432178080749221
9748,none,0.0011973414044504586
9749,none,0.028325818571949067
9750,none,0.004197588830141532
9751,none,0.018325181344132344
9752,unrelated,0.805944309448677
9753,none,0.34359425855048575
9754,none,0.0002959251502964375
9755,none,0.00032735435857931134
9756,none,0.0009412690921801153
9757,none,0.04337994732375842
9758,none,0.04124320617464904
9759,none,0.012791456462373132
9760,none,0.008484327078309314
9761,unrelated,0.3029960151562125
9762,none,0.001822261417699891
9763,none,0.26286894259292753
9764,none,0.012538120028272703
9765,none,0.12336038770273362
9766,none,0.007485971052818865
9767,none,0.00023294996736826005
9768,none,0.18421337882852318
9769,none,0.07227145184774543
9770,none,0.01525534283020337
9771,none,0.003989972153804335
9772,none,0.04986635439075271
9773,none,0.11865501497372366
9774,none,0.02868895709827988
9775,none,0.46923277360759025
9776,none,0.0259077382121274
9777,none,0.00013560363669698925
9778,unrelated,0.6188754730440864
9779,none,0.004585515228781006
9780,unrelated,0.6131766181681971
9781,none,0.04277833466149535
9782,none,0.00013560363669698925
9783,none,0.0007379179208618647
9784,none,0.017545581255306406
9785,none,0.0010186191970174825
9786,none,0.10802097657148947
9787,none,0.016855545186197744
9788,none,9.779139928197131e-05
9789,none,0.040443130645802974
9790,none,0.04377678413039709
9791,none,0.17376927590219626
9792,none,5.459625382164752e-05
9793,none,0.01871286195931473
9794,none,0.0006123952509522358
9795,none,0.32331269490916165
9796,none,0.38958184729077483
9797,none,0.07458555523569144
9798,none,0.06964901941047585
9799,none,0.045462404448708825
9800,none,0.002329219776541842
9801,none,0.019468736367397287
9802,unrelated,0.45235749749380544
9803,none,0.000728743918311614
9804,none,0.3708869456447508
9805,none,0.0008625944493319564
9806,none,0.027586642086287794
9807,none,0.00041818754004843033
9808,none,0.0238548830507299
9809,none,0.016584601761836456
9810,none,0.019397967304506075
9811,none,0.052947918275354805
9812,none,0.03148992392335403
9813,none,0.02477546723853257
9814,none,0.15066779715749842
9815,unrelated,0.7103323954458709
9816,unrelated,0.735597323271449
9817,none,0.006881156675741069
9818,unrelated,0.46633881421830564
9819,unrelated,0.20025970538588123
9820,none,0.0135842027688925
9821,none,0.09668680021781198
9822,none,0.00013560363669698925
9823,unrelated,0.7057337967160968
9824,none,0.08616500851448654
9825,none,0.048429294775442465
9826,none,0.0005841699656958442
9827,none,0.0009576704966650937
9828,none,0.00010114115750724822
9829,none,0.10176479172110774
9830,none,0.004065879314468012
9831,none,0.011001541789362624
9832,none,0.03716422080459572
9833,none,9.025496460716975e-05
9834,none,0.08406215646974555
9835,none,0.011399518869915713
9836,none,0.0007660247277582876
9837,none,0.014036471203421684
9838,none,0.10142257036727337
9839,none,0.043948507484981594
9840,none,0.0964639190712076
9841,none,0.020936181417912335
9842,none,0.007424154409095457
9843,none,0.0258635597615015
9844,none,0.3494811285070512
9845,unrelated,0.7481503757258201
9846,none,0.00033455439466598504
9847,none,0.01638160268475937
9848,none,0.0002160816549981099
9849,none,0.07666757984736489
9850,none,0.04647024462283584
9851,none,0.45297791383868213
9852,unrelated,0.669566841212591
9853,none,0.20630722838493962
9854,none,0.0002488466506764302
9855,none,0.20893163495504644
9856,none,0.010061468277247264
9857,none,0.000429788112204558
9858,none,0.5341951162865165
9859,none,0.06238890971810214
9860,none,0.04304854378758256
9861,none,0.00028633108301653334
9862,none,0.0002613553831741689
9863,none,0.00018941594118260677
9864,none,0.1361845035753589
9865,none,0.01445089711282939
9866,none,0.01892259600957251
9867,none,0.0007048462281585774
9868,none,0.01690792571179981
9869,none,0.012513810682228111
9870,none,0.021647569631903632
9871,none,0.1678773293259052
9872,none,0.01902727738312772
9873,none,0.0002526859659099223
9874,none,0.01428976646140215
9875,none,0.28608456458653203
9876,none,0.00013560363669698925
9877,none,0.0034289357544539326
9878,none,0.2133540031701078
9879,none,0.11887070373191351
9880,none,0.05180629644322488
9881,none,0.0023951428141899996
9882,none,0.017265440261312187
9883,unrelated,0.0688128890232083
9884,none,0.01859307640499922
9885,none,0.12427224480096073
9886,none,0.01634008844129596
9887,none,0.020038003095829197
9888,none,0.08231504027098563
9889,unrelated,0.7755040708053639
9890,none,0.0012142206774539623
9891,none,0.01780135237061659
9892,none,0.01274751835236228
9893,none,0.0492661183651109
9894,none,0.003323400198558345
9895,none,0.009007855219911707
9896,unrelated,0.5991444770941375
9897,none,0.00014336170916372844
9898,none,0.0305817343253957
9899,none,0.04394617935754723
9900,none,0.03011101565514113
9901,none,0.28173596593525574
9902,none,0.00021219498446278903
9903,none,0.041751474208099444
9904,unrelated,0.8389090334047877
9905,none,0.00016881017728787118
9906,unrelated,0.4598562179377305
9907,none,0.038849444745963295
9908,unrelated,0.34893255983383836
9909,none,0.015495170986123756
9910,none,0.21909561857429732
9911,none,0.00014923000087600194
9912,none,0.01771848961471946
9913,none,0.17626897999288305
9914,none,0.00015610369698291566
9915,none,0.039847124935586536
9916,none,0.0005296643708135888
9917,none,0.06906749290437102
9918,unrelated,0.791769846023208
9919,none,0.00045995886992051746
9920,none,0.0003042277461235078
9921,none,0.00018977426771810038
9922,none,0.012562605744165496
9923,none,0.06810162412181121
9924,none,0.023346410852503583
9925,none,0.09979006290049978
9926,none,0.0329307845291121
9927,none,0.004248105141250779
9928,none,0.14587551508431298
9929,none,0.3737198629014768
9930,none,0.00030173207239056075
9931,none,0.08042328032441574
9932,none,0.13541499232956122
9933,none,0.013027084697246307
9934,none,0.0002150351745424409
9935,none,0.0022609788829712203
9936,none,0.18600501194549485
9937,none,0.025799866508555945
9938,none,0.021170575354365825
9939,none,0.00018941594118260677
9940,none,0.0473236740604139
9941,unrelated,0.5782204242163115
9942,none,6.660892363874713e-05
9943,none,0.011922454827534344
9944,unrelated,0.6780441000103048
9945,none,0.025848427446542886
9946,none,0.028778969956060857
9947,unrelated,0.2621453527821706
9948,none,0.008884595490349968
9949,none,0.33904393198074645
9950,none,0.000630529628980753
9951,none,0.02509888651831044
9952,unrelated,0.800520977488334
9953,none,0.00022615577947170449
9954,unrelated,0.5215706725673954
9955,none,0.021439383676841728
9956,none,0.023389325458357826
9957,none,0.010789452064704321
9958,none,0.20041906003683485
9959,none,0.00014336170916372844
9960,none,0.007773578458282487
9961,none,0.05315381978123399
9962,none,0.01761701410391469
9963,none,0.0013742247583278158
9964,none,0.0002503092610683369
9965,none,0.3254060845739787
9966,none,0.021326307990927017
9967,none,0.06874005551691022
9968,none,0.01689932465767043
9969,none,0.00018417516357476334
9970,unrelated,0.7132013149578909
9971,unrelated,0.5063287040981233
9972,none,0.0064696840685718356
9973,none,0.029568745738256817
9974,none,0.00012078882188217444
9975,none,0.015298070049537671
9976,none,0.03270725212665143
9977,none,0.017349815207139522
9978,none,6.660892363874713e-05
9979,none,0.0015190189511438306
9980,unrelated,0.5757204378639739
9981,none,0.33426412739687533
9982,none,0.10992393894840444
9983,unrelated,0.8058230224575871
9984,none,6.959916393878659e-05
9985,none,0.02314582765372724
9986,none,0.10360243586521882
9987,none,0.01120502790070483
9988,none,0.00016888162402823787
9989,unrelated,0.5633262897508919
9990,none,0.03636428386013033
9991,unrelated,0.25704796664337537
9992,none,0.03102961766237653
9993,none,0.28762627671684765
9994,none,0.0001552240835901634
9995,none,0.01175019724055327
9996,none,0.0002468865908422599
9997,none,0.23377680719504798
9998,none,0.0005541328133602752
9999,none,0.03055121084608067
10000,none,0.09317576761624015
10001,none,0.0010375767316763926
10002,none,0.2096016706661349
10003,unrelated,0.6835612363266677
10004,none,0.021479788803236675
10005,none,0.0006941462398485
10006,none,0.04221200161683047
10007,none,0.0008839537177367945
10008,none,1.8075690185422386e-05
10009,none,0.5229049289302268
10010,none,0.0003030342533288282
10011,none,0.24443745911418951
10012,none,0.012297460020209958
10013,none,0.024629626750805184
10014,none,0.0008372294694542259
10015,none,0.09953239660953545
10016,unrelated,0.6883739513561931
10017,none,0.10871159123198439
10018,none,0.00011049787958692685
10019,none,0.020321541125210764
10020,none,7.544014979235495e-05
10021,none,0.0009719332124820326
10022,none,0.021258322859218817
10023,none,0.002764249734011282
10024,none,0.0002363420561777245
10025,none,0.40583834953727177
10026,none,0.00015584655167674634
10027,none,0.024231490067792013
10028,none,0.028692787597238086
10029,none,0.00019885220763798391
10030,none,0.004362570589270002
10031,none,0.00017003889840497825
10032,none,0.0002378204394405651
10033,none,0.06365537604686886
10034,none,0.0005793066335329707
10035,none,0.031595535146566024
10036,none,0.013097623501226936
10037,none,0.000771967794000112
10038,none,0.0594570787561677
10039,none,0.003428264745536714
10040,none,0.010933281542821825
10041,none,0.019493242098757545
10042,unrelated,0.06722432862903038
10043,none,0.0003430505046071642
10044,none,0.00017100648712250251
10045,none,0.3058196984388878
10046,none,0.00018024350825232728
10047,none,0.016065438535241946
10048,none,0.018371656047313802
10049,none,0.019923384688721197
10050,none,0.00031713584338426777
10051,none,0.00013504235872459437
10052,none,0.022632136054779282
10053,none,0.020502913858459454
10054,none,0.28263839901335097
10055,none,0.002691650474205974
10056,none,0.0023771820739741712
10057,none,0.00022615577947170449
10058,none,0.0015945303023712353
10059,unrelated,0.7610398305297039
10060,none,0.007953674970214092
10061,none,0.0002650251903104652
10062,none,0.024756529282011188
10063,none,0.472233552753069
10064,none,0.0057767822866044635
10065,none,0.00031959976253115974
10066,unrelated,0.7097336489152474
10067,none,0.29875630145434257
10068,unrelated,0.5833860060307078
10069,none,0.016468798507706616
10070,none,0.02352779429971159
10071,none,0.5342367374939971
10072,none,0.15716855882295414
10073,none,0.025932501857093858
10074,unrelated,0.7755056245772666
10075,none,0.00022614239125165193
10076,none,0.00011508897463382264
10077,unrelated,0.44616479285336863
10078,none,0.004248186573035716
10079,none,0.03490442325048264
10080,none,0.0
10081,none,0.017949160113321375
10082,none,0.00017979643755369388
10083,none,0.6540782170862053
10084,none,0.0350650480750622
10085,unrelated,0.1227255534862752
10086,none,0.0004160678360354366
10087,none,0.05459283900339763
10088,none,0.21915207299811024
10089,none,0.06730413958288348
10090,unrelated,0.198982145258579
10091,none,0.00013560363669698925
10092,none,0.018368024822217756
10093,none,0.00028924372219364176
10094,none,0.052829398516745105
10095,none,0.027355831049431064
10096,none,0.0007852175620307296
10097,none,0.00013507780909095864
10098,none,0.09871094109980147
10099,none,0.004049009541498142
10100,none,0.028760301658064032
10101,none,0.35653141665346416
10102,unrelated,0.7268264620687941
10103,none,0.0134725706198731
10104,none,0.0002422160438361695
10105,none,0.06428426789380211
10106,none,0.012774934273567472
10107,none,0.08052232986719915
10108,unrelated,0.08214202830033707
10109,none,0.0033717840286503903
10110,none,0.37168554033184686
10111,none,0.025538759230756672
10112,unrelated,0.2397024286555637
10113,none,0.0015069690254187846
10114,none,0.020439607389586893
10115,none,0.26351294829835925
10116,none,0.019188784042957787
10117,none,0.018901411977291
10118,none,0.05342265542603617
10119,none,0.014729484127221894
10120,none,0.3379127155007618
10121,none,0.026706459064193576
10122,none,0.0018146703867345933
10123,none,0.00017479192667107683
10124,none,0.025322031705814044
10125,none,0.019423397720422276
10126,none,0.013339895982307462
10127,none,0.0038751744675717776
10128,none,0.00018473316452739745
10129,none,0.0013616287896333682
10130,none,0.01664331961299931
10131,none,0.00018941594118260677
10132,unrelated,0.662810691868081
10133,none,0.021177446801776342
10134,none,0.016503714037859746
10135,none,0.00036125039290253323
10136,none,0.012680293819121476
10137,none,0.00019413848141849023
10138,none,0.0011745882977100693
10139,unrelated,0.4667162395772516
10140,none,0.0011186606843246905
10141,none,0.001488921439107991
10142,none,0.0003229701833220236
10143,none,0.07597686780724588
10144,none,0.36137923895727153
10145,none,0.01435806582902591
10146,none,0.016638903275732232
10147,none,6.660892363874713e-05
10148,none,0.01652793267938075
10149,none,0.0006935609596423455
10150,none,0.015247699193520143
10151,none,0.002149669125606233
10152,none,0.0007270417223100705
10153,none,0.001369851939798136
10154,none,0.012892436610275981
10155,none,0.05128749223041492
10156,unrelated,0.1923008059821454
10157,none,0.0001842123273356575
10158,none,0.002665807226699949
10159,none,7.931540394370266e-05
10160,none,0.01867464330867895
10161,none,0.020403474231087602
10162,none,0.025484255681673312
10163,none,0.009608727860086385
10164,none,0.0009794056633595503
10165,none,0.0011992080768474806
10166,none,0.02285174884482545
10167,none,0.014299207087230655
10168,none,0.1089931821786251
10169,none,0.0380257287610024
10170,none,0.012583472876305613
10171,none,0.3202770874180068
10172,none,0.0002886201086076334
10173,none,0.04643458063510526
10174,none,0.5666208926192153
10175,none,0.013832119460569097
10176,none,0.00021895578874181823
10177,none,0.00017003889840497825
10178,none,0.019962712367963008
10179,none,0.002916871739924308
10180,none,0.016642271040722502
10181,none,0.10312581559048216
10182,none,0.01855144073529529
10183,none,0.007081382588717813
10184,none,0.026532432463718596
10185,none,0.15967520530356374
10186,none,0.03671544018860479
10187,none,0.27534893337202343
10188,none,0.021379363826210793
10189,none,0.6770497627584882
10190,none,0.00018941594118260677
10191,none,0.12699430076899085
10192,none,5.7280285851714424e-05
10193,none,0.00574694937825147
10194,none,0.0012720381643119014
10195,none,0.12643050163615452
10196,none,0.017026801913238715
10197,none,0.03409715058033304
10198,none,0.011795627293808458
10199,none,0.012609027574434844
10200,none,0.020123969779403166
10201,none,0.017025757924065084
10202,none,0.00765866266995482
10203,none,0.0005016707034666062
10204,none,0.07042445960298072
10205,none,0.04602390570139279
10206,none,0.06981877847028355
10207,none,0.0002028016206551153
10208,none,0.039060308326676355
10209,none,0.07775716103256493
10210,none,0.0675278013599932
10211,none,0.4238579979433941
10212,none,0.0009414988298594594
10213,none,0.04947206639516938
10214,none,0.018798165582798565
10215,none,0.0024796622604097056
10216,none,0.00036498199517590426
10217,none,0.0005667066932748565
10218,none,0.220266565477981
10219,none,0.04046015493587207
10220,none,0.022350110390341137
10221,none,0.010842387184646831
10222,none,0.013208494774111366
10223,none,8.84346772022927e-05
10224,none,0.0230012002363636
10225,none,0.02680866039280879
10226,none,0.024526873034646637
10227,unrelated,0.5712056336362406
10228,none,0.017685993269027492
10229,none,0.00023126034102952675
10230,none,0.07051995718500366
10231,unrelated,0.3321622493375436
10232,none,0.0
10233,none,0.08477642853822218
10234,none,0.639206102055326
10235,none,0.02098547370886684
10236,none,0.015222296577174155
10237,unrelated,0.6473299919594727
10238,none,0.019254973402018313
10239,unrelated,0.27852649456231177
10240,none,0.0007022960360591923
10241,none,0.00773742232081163
10242,none,0.052687798153862965
10243,none,0.0004890356009964819
10244,unrelated,0.6353155486043384
10245,none,0.34448079780082763
10246,none,0.17856604932727
10247,none,0.001698730004788011
10248,unrelated,0.5983477116121265
10249,none,0.01531013685834386
10250,none,0.00029325162403344624
10251,none,0.24646915155524504
10252,none,0.031181765971274134
10253,none,0.00018833689586197008
10254,none,0.003953340262950418
10255,unrelated,0.7500736831820397
10256,none,0.18452974548309126
10257,none,0.00036093624782502424
10258,none,0.01884126419302793
10259,unrelated,0.6963375185338326
10260,none,0.01679744711935649
10261,none,0.0001552240835901634
10262,unrelated,0.4456686158119366
10263,none,0.034126195220197615
10264,none,0.024377608542975448
10265,none,0.004534246819840376
10266,unrelated,0.673536341147976
10267,none,0.003736546405605701
10268,none,0.00015537616977100556
10269,none,0.01651109065837736
10270,none,0.015090656159193076
10271,none,0.043926147788597644
10272,none,0.010048997149678312
10273,none,0.0459775631037173
10274,none,0.021592652270675413
10275,none,0.039892805586657226
10276,none,0.0005667066932748565
10277,none,0.034396563804293845
10278,none,0.15989384299589587
10279,none,0.00019065952842520697
10280,none,0.0030184394147746356
10281,none,7.544014979235495e-05
10282,none,0.010478357501955133
10283,none,0.022359102162946853
10284,none,0.02396372006914034
10285,none,0.004264938421166856
10286,none,0.22045551276653647
10287,none,0.030794314759319454
10288,none,0.0
10289,none,0.00018941594118260677
10290,none,0.03313104492544867
10291,none,0.011839040002060977
10292,none,0.00012168518211451811
10293,none,0.0006865534365698755
10294,none,0.18574123740100057
10295,none,0.36534986233799827
10296,none,0.054163964884375276
10297,none,0.00022314564296153694
10298,none,0.00019446212160544485
10299,none,0.060791014575202945
10300,none,0.0004453444437955678
10301,none,0.02928146433813288
10302,unrelated,0.6882347501817199
10303,none,0.0012895729024727102
10304,none,0.011392834442391175
10305,none,0.01760906325188214
10306,none,0.007390219362151293
10307,none,0.029936041416153844
10308,none,0.010609970010693328
10309,unrelated,0.7527118024604341
10310,none,0.0008804087195824323
10311,none,0.014049894411426017
10312,none,0.04907160457264872
10313,unrelated,0.5386224928622273
10314,none,0.017350291448432295
10315,none,0.009575430447093629
10316,none,0.000687469641500787
10317,none,0.07944653525458997
10318,none,0.0018737813933524178
10319,none,0.030122054959015748
10320,none,0.006198235827339879
10321,none,0.07294439415313249
10322,none,0.00013006176192191984
10323,none,0.0015958342917700506
10324,none,0.00019446212160544485
10325,none,0.14331687380417754
10326,unrelated,0.6699677923738584
10327,none,0.00019733262498817267
10328,none,0.0041401938510899974
10329,none,0.05634107307992668
10330,none,0.03190606148887228
10331,none,0.00036573830894514713
10332,none,0.38633829987694684
10333,none,0.031180857744651947
10334,none,0.007337757388244066
10335,none,0.011502162789434793
10336,none,0.0398093126983391
10337,none,6.660892363874713e-05
10338,unrelated,0.37701172561227025
10339,none,0.012537755403328967
10340,unrelated,0.7175154661820897
10341,none,0.000216689648547556
10342,none,0.0006672267265210299
10343,none,0.07542426944289846
10344,unrelated,0.8304975313080314
10345,none,0.00044227834403976596
10346,none,6.660892363874713e-05
10347,none,0.0045879314567697
10348,none,0.014383780821098117
10349,none,0.013055874424069526
10350,none,0.0877561810179662
10351,none,0.02392298338000685
10352,none,0.03188549483201974
10353,none,0.00020896376504527499
10354,none,0.02153475225506342
10355,none,0.00018941594118260677
10356,none,0.00019573990611987155
10357,none,8.406239352697962e-05
10358,unrelated,0.6717631077105172
10359,none,0.021156046944135753
10360,none,0.019009747856773406
10361,none,0.44995427012907485
10362,none,0.3607708160811094
10363,none,0.004635606122440968
10364,none,0.041763909728122946
10365,none,0.03383521489941966
10366,none,0.026362261603269422
10367,none,0.025444949270828913
10368,none,0.0002656177075134692
10369,unrelated,0.47119453251762394
10370,none,0.0001552240835901634
10371,none,0.13397336412213232
10372,none,0.07831008486222969
10373,unrelated,0.699660836650171
10374,none,0.34090940171120465
10375,none,0.0006765617231269949
10376,none,0.3328123714526406
10377,none,0.02696528856681789
10378,none,0.026583142921032844
10379,none,0.01652039981046057
10380,none,0.0002886201086076334
10381,none,0.011318699335225254
10382,none,0.17261972163078768
10383,unrelated,0.4430057234236081
10384,none,0.031228297347909564
10385,unrelated,0.4335609275006733
10386,none,0.00011595597232206303
10387,none,0.017004548719446476
10388,none,0.09367520789745308
10389,unrelated,0.45463803099072053
10390,none,0.0002416693703138935
10391,none,0.0013650453449973504
10392,none,0.011731946516125183
10393,none,0.0008136846201158535
10394,none,0.0423499454288969
10395,none,0.01277265467433985
10396,none,0.00014336170916372844
10397,none,0.02787146534306911
10398,none,0.03093138400503518
10399,none,0.0010564234431399311
10400,unrelated,0.7652645139258845
10401,unrelated,0.12728751070308159
10402,unrelated,0.6206585667640961
10403,none,0.0007400681712403097
10404,none,6.660892363874713e-05
10405,none,0.02120784720841086
10406,none,0.00010867759218204978
10407,none,0.015305508692523902
10408,unrelated,0.6128216419097222
10409,none,0.012523569579917378
10410,none,0.0003236778384022054
10411,none,0.04554419354655594
10412,none,0.07529482933628047
10413,none,0.022662923109998054
10414,none,0.41564262406427566
10415,none,0.0183574966587813
10416,none,5.7280285851714424e-05
10417,none,0.0012937917756484128
10418,none,0.020211057397136196
10419,unrelated,0.5891587591247425
10420,none,0.019083493107493205
10421,none,0.397698685532536
10422,none,0.0007623392951399237
10423,unrelated,0.700477273542267
10424,none,0.01313792722450615
10425,unrelated,0.3870075340526483
10426,none,0.020195567336902163
10427,unrelated,0.7392699998742752
10428,none,0.0014856971787684812
10429,none,0.00030544206683137806
10430,none,0.022140089952806995
10431,none,0.012398605864365421
10432,unrelated,0.6931409247073154
10433,none,0.0006244777210104658
10434,none,0.015829649343397933
10435,none,0.0012630729178193282
10436,none,0.4256112059356517
10437,none,0.0017932088140237882
10438,none,0.578344220185491
10439,none,0.00020592320550887356
10440,none,0.05825821093197696
10441,none,0.0020623518041028954
10442,none,0.3052635159349012
10443,none,0.016496154920197615
10444,unrelated,0.22008488904521567
10445,none,0.0005612774722274669
10446,none,0.20392145858874927
10447,none,0.03614530211332806
10448,none,0.052921308850745155
10449,unrelated,0.5532995511563974
10450,none,0.047412216573161664
10451,none,0.0001908948029540837
10452,unrelated,0.5802667043455458
10453,none,0.05460681904296929
10454,none,0.0008625310525018553
10455,none,6.660892363874713e-05
10456,none,5.7280285851714424e-05
10457,none,0.006092025748821749
10458,none,0.029033385925690016
10459,none,0.00013065522885877292
10460,none,0.00031448824345383264
10461,none,0.0002416693703138935
10462,none,0.0257247499278198
10463,unrelated,0.7495352538324032
10464,none,0.01172067308814278
10465,none,0.012187179021795004
10466,none,0.38612539393622947
10467,none,0.023272457489947277
10468,none,0.0015136551550826343
10469,none,0.03069472090046923
10470,none,0.014832592772869115
10471,none,0.015126195870448236
10472,none,7.613084258019742e-05
10473,none,0.000519829068552792
10474,none,0.0002598398194938289
10475,none,0.004475396913689484
10476,none,0.04342314917207188
10477,none,0.013195667968648779
10478,none,0.08171295760323481
10479,none,0.002135881215867601
10480,none,0.012503918978183412
10481,none,0.22096765705805266
10482,none,0.32028593374649406
10483,none,0.00018941594118260677
10484,none,0.002761705729674038
10485,none,0.0015391152187147167
10486,none,0.035422382514182955
10487,none,0.011917036521554698
10488,none,6.940177374959984e-05
10489,none,0.16682197217623795
10490,none,0.0014283853119656977
10491,none,6.660892363874713e-05
10492,none,0.0001756380025483153
10493,none,0.0003709558127002017
10494,none,0.0007640838711201697
10495,none,0.08282987841737054
10496,none,0.011431560213209123
10497,none,0.046131585313508465
10498,none,0.04910622034820996
10499,none,0.00020921044153947435
10500,none,0.2960113323312139
10501,none,0.03259883369076718
10502,none,0.0331309059493062
10503,none,0.01190856335940817
10504,none,0.024983302821273926
10505,none,0.0009455244318100392
10506,none,0.013049850887146981
10507,none,0.00046133966773639136
10508,unrelated,0.11070432662920636
10509,none,0.0061747803958961045
10510,none,0.08689444226039564
10511,unrelated,0.6187002546470769
10512,none,0.0
10513,unrelated,0.2923328148268429
10514,none,0.016451967151157428
10515,unrelated,0.51763753174123
10516,none,0.022400799761549486
10517,none,0.0001552240835901634
10518,none,0.0006344821828787157
10519,unrelated,0.6780400012744535
10520,none,0.010897337285631487
10521,none,0.28502718392585874
10522,none,0.0005300329000371513
10523,unrelated,0.48833896624905615
10524,none,0.015340896095206913
10525,none,0.036805595796567954
10526,none,0.0752162333255032
10527,none,0.023565487217409708
10528,unrelated,0.6732187494744797
10529,none,0.011499043034358464
10530,none,0.00016449299486979678
10531,none,0.022156954333800268
10532,none,0.014972706769326709
10533,none,0.00012078882188217444
10534,none,0.014571521300547905
10535,none,0.08287687123812677
10536,none,0.010237479906751761
10537,none,0.10034289941395967
10538,none,0.011082983241245343
10539,none,0.009252782491867144
10540,none,0.011987522351820101
10541,none,0.015635813020968895
10542,none,0.0001552240835901634
10543,none,0.37473987039045065
10544,none,0.02282418273323659
10545,none,0.04956369507573129
10546,none,0.027393086110489087
10547,none,0.0001466308410052686
10548,unrelated,0.42495588949025603
10549,none,0.0033130412387983267
10550,none,0.01651050356506284
10551,none,0.008174772226823784
10552,none,0.006821140488059373
10553,none,0.03312814903110367
10554,none,0.10975593929000166
10555,none,0.0010895326643765363
10556,none,0.099641884372524
10557,none,0.009439808501152922
10558,none,0.16253809041555695
10559,none,0.02427396137875709
10560,none,0.042616503096469256
10561,none,0.024652335724539235
10562,none,0.020175492047677893
10563,none,0.058606766055989
10564,unrelated,0.07838228405122095
10565,none,0.010867201049521453
10566,none,0.00012078882188217444
10567,none,0.06792109992022208
10568,none,0.17314573487780888
10569,none,0.0016502317769665118
10570,none,0.02176187660264299
10571,none,0.07596129375518056
10572,unrelated,0.6878729232615686
10573,none,0.020828057715174632
10574,none,0.01082985364464883
10575,none,0.0002039149383647585
10576,none,0.0006156424051284491
10577,unrelated,0.3291402051428836
10578,none,0.02244787842384802
10579,none,0.2518701958100323
10580,none,0.12874614496494144
10581,none,0.28486111634538425
10582,none,0.00031797935437754985
10583,none,0.02468514268077106
10584,unrelated,0.7623801218379
10585,none,0.01123212789536821
10586,none,0.012072557632931595
10587,none,0.0002837317152258677
10588,none,0.016626280874977247
10589,none,0.0007318240674876686
10590,none,0.00019193323604150249
10591,none,0.06514588184745296
10592,none,0.13503891490065373
10593,none,0.003489643983539749
10594,none,0.015815789406540017
10595,none,0.026064759953494866
10596,none,0.03259925724242397
10597,none,0.0006201798958093208
10598,none,0.023626886447995325
10599,none,0.043730913841989426
10600,none,0.07055896067767492
10601,unrelated,0.6796287812760038
10602,none,0.024474483533635648
10603,none,0.11650972642465734
10604,unrelated,0.15523726152918704
10605,none,6.660892363874713e-05
10606,none,0.010386345454267002
10607,none,0.019263189517434304
10608,none,0.028037940842873955
10609,unrelated,0.7577618833512137
10610,none,0.08062569306409349
10611,none,0.00039381746904208255
10612,none,0.040850365753090395
10613,none,0.020302102740704916
10614,unrelated,0.6724242824034531
10615,none,0.03442076974194261
10616,none,5.225342913128674e-05
10617,none,0.028313092498877753
10618,none,0.04482256679856407
10619,none,0.02794140053408304
10620,none,0.037796222316287285
10621,none,0.0011744952597669222
10622,none,0.016152754606181388
10623,unrelated,0.7069395796121927
10624,none,0.0005780858388055206
10625,none,0.016393471991660115
10626,none,0.11322089226284447
10627,none,0.015770139700714676
10628,none,0.32155506286951097
10629,none,0.015894864993789087
10630,none,0.0016473927571200896
10631,none,0.0003799837531958677
10632,none,0.18653986980687573
10633,none,0.00010774998069245551
10634,none,0.008004543893108817
10635,none,0.04162903520173157
10636,none,0.0009138849548573232
10637,none,0.011825176918444763
10638,none,0.4097413940857001
10639,none,0.021882049631772406
10640,none,0.018929102487964356
10641,none,0.01137289567029051
10642,none,0.007396857422098355
10643,unrelated,0.6867053247173039
10644,none,0.003739949053491613
10645,none,0.013062480080727652
10646,none,0.04182658968926274
10647,none,0.04280382105516188
10648,none,0.012174404172449648
10649,unrelated,0.500745517556125
10650,none,0.009103132905306928
10651,none,0.08694836855080988
10652,none,0.03872666206651435
10653,unrelated,0.6897943236620047
10654,none,0.05031285771021951
10655,none,0.0001158404140439581
10656,none,0.012301671495461337
10657,none,6.660892363874713e-05
10658,none,0.005398337097141644
10659,none,0.003642652682668779
10660,none,0.1954106516351385
10661,none,0.008164189492876063
10662,unrelated,0.2063911057079068
10663,none,0.004921966195797672
10664,none,0.014951772679670683
10665,none,0.002113102172587419
10666,none,0.030411078688147075
10667,none,0.0016636348615831245
10668,none,0.027575226791380275
10669,none,0.09333218271911944
10670,none,0.0332130840831953
10671,none,0.011597074613699996
10672,none,0.010497979836163568
10673,none,0.00380171691787555
10674,none,0.00013186848150352015
10675,none,0.019502608975971746
10676,none,0.00017815359647296804
10677,none,9.025496460716975e-05
10678,none,0.03441239430141889
10679,none,0.04542081867367716
10680,none,0.045713635844387236
10681,none,7.754848430221423e-05
10682,unrelated,0.34305699225321507
10683,unrelated,0.5920460418639564
10684,none,0.09958129978134687
10685,none,6.660892363874713e-05
10686,none,0.03695609523891856
10687,none,0.026091839347766915
10688,none,0.008385328712174784
10689,none,0.06895182834030403
10690,none,0.449850803088067
10691,none,0.000132695639583206
10692,none,0.00017058072688221613
10693,none,0.010715278431331078
10694,none,0.016833190121779328
10695,none,0.013102774695583736
10696,none,0.0003811049327250583
10697,unrelated,0.6827416404284586
10698,none,0.0001943956267246595
10699,none,0.3207624195449422
10700,unrelated,0.704151194598207
10701,none,0.027265610299152695
10702,none,0.0008933765197163884
10703,none,0.00018941594118260677
10704,none,6.381196449312528e-05
10705,none,0.051832528127884796
10706,none,0.029932671163731325
10707,none,0.011194838863858903
10708,none,0.001318817271538616
10709,none,0.03752504967687914
10710,none,0.011993792241373901
10711,none,0.041113777852042066
10712,unrelated,0.6588994802706466
10713,none,0.01836822978934037
10714,none,0.00015610369698291566
10715,unrelated,0.4608351013061442
10716,none,0.001300998469641731
10717,unrelated,0.7404573998068953
10718,none,0.08139506822025835
10719,none,0.11017481397595849
10720,none,0.0001368093541681737
10721,none,0.04592522460167432
10722,none,0.0002662463464637761
10723,none,0.017069043683156628
10724,none,0.13524442162894051
10725,none,0.002244822409995987
10726,none,0.06980088209789603
10727,none,0.03859825742301449
10728,none,0.028423988073593857
10729,none,0.027487177334918525
10730,none,7.544014979235495e-05
10731,none,0.02027552642773274
10732,none,0.00036125039290253323
10733,unrelated,0.6397403197836311
10734,none,0.4761299236553133
10735,none,0.17291149816758883
10736,none,0.0752600506111434
10737,none,0.0001032494920171075
10738,none,0.0001564925115486244
10739,none,0.016032394391551068
10740,none,0.00018941594118260677
10741,none,0.06533492679826326
10742,none,0.032539986008224844
10743,none,0.07834447296020543
10744,none,0.0
10745,unrelated,0.7679981436491111
10746,none,0.012187306326830977
10747,none,0.015439639756903411
10748,none,0.012804448637366087
10749,none,0.23056027828060288
10750,none,0.03970405327453153
10751,unrelated,0.2711567884182514
10752,none,0.03522349415140961
10753,none,0.001909636929451749
10754,none,0.0008298582876024475
10755,none,0.008816606199284848
10756,unrelated,0.507325583909609
10757,none,0.012063654848250558
10758,none,0.015513924275287201
10759,none,0.00042219802275462526
10760,none,6.959916393878659e-05
10761,none,0.024432391355801955
10762,none,0.017868510361112245
10763,none,0.01681963984775646
10764,none,0.1606260280404172
10765,none,0.003154126917238407
10766,none,0.0022826483552178824
10767,unrelated,0.35153839628961664
10768,none,4.246547103689961e-05
10769,none,0.08567541320001204
10770,none,7.931540394370266e-05
10771,none,0.0033425836369655217
10772,none,0.000940635701842788
10773,none,0.1955123207993828
10774,none,0.00025202565100053935
10775,none,0.00015680659049399206
10776,none,0.16263457644653
10777,none,0.0383178588697652
10778,none,0.026007728585890816
10779,none,0.1823967469477125
10780,none,0.00020592320550887356
10781,none,0.0013935469661988651
10782,none,0.015522864322291129
10783,none,0.01695198321616899
10784,none,0.13467481636824993
10785,unrelated,0.5626031556778368
10786,unrelated,0.2967481959178274
10787,none,0.24309205042956847
10788,none,0.18544861960828782
10789,none,0.014778749681371215
10790,unrelated,0.3145693389498556
10791,none,0.09886738388593218
10792,none,0.007284812432202419
10793,none,0.0224820248829445
10794,none,0.0028377660198489496
10795,none,0.04549029851841301
10796,none,0.0005313752887548637
10797,none,0.01612475036774958
10798,none,0.0002128696460831195
10799,none,0.017427825488374533
10800,none,0.0021974893590453147
10801,none,0.020906428951411843
10802,none,0.02074687437836292
10803,unrelated,0.3062134942155595
10804,none,0.04115586925316717
10805,none,0.027852536790423744
10806,none,0.002749052782102723
10807,none,7.754848430221423e-05
10808,none,6.589458208587383e-05
10809,none,0.5407273735064807
10810,none,0.0673087612615735
10811,none,0.016696870183218016
10812,none,0.19519853778996427
10813,none,0.3577477153015686
10814,none,0.013557709707391672
10815,none,0.030580965042116305
10816,none,0.051181058541483776
10817,none,0.006635723165028102
10818,none,0.00027843680921863136
10819,none,0.011223585646213827
10820,none,0.1393031455697877
10821,none,0.013421158543281651
10822,none,0.0012287942525156797
10823,none,0.00020570961776889856
10824,unrelated,0.7441248257961054
10825,none,0.027990627459328028
10826,none,0.0003117366195618048
10827,none,7.754848430221423e-05
10828,none,0.02785869614224506
10829,none,0.01005294133590793
10830,none,0.026713352445919526
10831,none,0.0001552240835901634
10832,none,0.026200379858018416
10833,none,0.0010789454966427339
10834,none,0.024840175404788178
10835,none,0.00018941594118260677
10836,none,0.610584987231734
10837,none,0.018937393268898105
10838,none,0.024216713724175873
10839,none,0.04156544968632143
10840,none,0.01337772874167136
10841,none,0.0009059323081120782
10842,none,0.01560025878399128
10843,none,0.2647878055878221
10844,none,6.660892363874713e-05
10845,none,0.0003229701833220236
10846,none,0.00013560363669698925
10847,none,0.35533242936445025
10848,none,0.0005369890620603579
10849,none,0.5019047171368746
10850,none,0.021562286602933366
10851,none,0.04148423520463316
10852,none,0.04137075300637142
10853,none,0.0007693143954256154
10854,none,0.052120932010545726
10855,none,0.028987744847755955
10856,none,0.3759346737547542
10857,none,0.030197647269374742
10858,none,0.03341678321653277
10859,none,0.0921850725983877
10860,none,0.0008597939588275116
10861,none,0.0003150667152004414
10862,none,0.022211371760863644
10863,none,0.18438176398455244
10864,none,0.0
10865,none,0.053313377406866265
10866,none,0.0143169379809946
10867,none,0.00041075534339758273
10868,none,0.00035444308275873874
10869,unrelated,0.08006442859414639
10870,none,0.3062526990907173
10871,none,0.00029325162403344624
10872,none,0.005495000208243997
10873,none,0.014004897238370435
10874,none,0.029358467452133063
10875,none,0.09891056280102632
10876,none,0.13632718600374527
10877,none,7.754848430221423e-05
10878,none,0.0014075567821560733
10879,none,0.05122989035610348
10880,none,6.381196449312528e-05
10881,none,0.00018941594118260677
10882,unrelated,0.10450320786601054
10883,none,0.0001552240835901634
10884,none,0.00013599337899338498
10885,none,0.00015610369698291566
10886,none,0.001499817095574673
10887,unrelated,0.5979097556710039
10888,none,0.009438881995080327
10889,none,0.14369114102119937
10890,none,0.07242699475503282
10891,none,0.12812438860628064
10892,unrelated,0.5882488422688239
10893,none,0.0007288647061328849
10894,none,0.00018941594118260677
10895,none,9.025496460716975e-05
10896,none,0.015288797792409183
10897,none,0.0017890993055479007
10898,none,0.03497796237833955
10899,none,0.01905377764316957
10900,none,0.021231766801036625
10901,none,6.660892363874713e-05
10902,none,0.012060155887930248
10903,none,0.0001311055827790988
10904,none,0.11316239913343047
10905,none,0.006015975032694306
10906,none,0.0020228621782368544
10907,none,0.0002150351745424409
10908,none,0.0039610622971842264
10909,none,0.023853499877887166
10910,none,0.00014336170916372844
10911,none,0.015210639924910981
10912,none,0.33268671635998087
10913,none,0.001684506769252859
10914,none,0.003934875781311289
10915,none,0.022915755304665317
10916,none,0.1204515702706466
10917,none,0.07145163243137176
10918,none,0.0015442708693055166
10919,none,0.012651491426589436
10920,none,0.00024434223842580307
10921,none,0.04165980001686959
10922,none,0.0011095526217757756
10923,none,0.0002262096780548249
10924,none,0.0038899548309737726
10925,none,0.00012506794135563038
10926,none,0.04056563346661652
10927,none,0.0005666576602287971
10928,none,0.07029969787057695
10929,none,0.0020885558256000278
10930,none,0.00027843680921863136
10931,none,0.5964096758671817
10932,none,0.23401585331370886
10933,none,0.380697997424279
10934,none,0.01318391192941445
10935,none,0.0004909234788710489
10936,none,0.12453752894376457
10937,none,0.04515109955413482
10938,none,0.00022615577947170449
10939,unrelated,0.6872979888681762
10940,none,0.5747704766278207
10941,none,0.09927451238525425
10942,none,0.015119430650808926
10943,none,0.0019885578060491573
10944,none,0.000134538927422783
10945,none,0.03497940628561357
10946,none,7.544014979235495e-05
10947,none,0.055872521880987965
10948,none,0.056077667436996936
10949,none,0.00014128888216810085
10950,none,0.013563696225405035
10951,unrelated,0.3102085275988442
10952,unrelated,0.6010908316234266
10953,none,0.014074374769310706
10954,none,0.031199540420797124
10955,none,0.0015059844762605077
10956,unrelated,0.3819923318955901
10957,none,0.08235837020919906
10958,none,0.012100317146341879
10959,none,0.026765332468565734
10960,none,0.013345361449748478
10961,none,0.0471585356715903
10962,none,6.660892363874713e-05
10963,none,0.0004225654005153856
10964,none,0.00019065952842520697
10965,none,0.02459914367155359
10966,none,0.0017715464965939343
10967,none,0.002946097888812784
10968,none,0.00010543719519398622
10969,none,0.08639121152627775
10970,none,0.0025016806932439597
10971,unrelated,0.6829889964762675
10972,none,0.0015819926186829624
10973,none,0.000529689137272644
10974,none,0.023514976298916034
10975,unrelated,0.35309961206561014
10976,none,0.04004889956168152
10977,unrelated,0.5516468880325376
10978,none,0.0043662394909983
10979,none,0.00016876111389055158
10980,unrelated,0.7227458937681643
10981,none,0.04704710405974273
10982,none,0.2998989825980982
10983,none,0.0002731335365446506
10984,none,0.00045730926211043035
10985,none,0.09189081017002274
10986,none,0.0016635767842721955
10987,none,0.005119821288599489
10988,none,0.021676307162370612
10989,none,0.29045315873185096
10990,none,0.0037838750481788363
10991,none,0.00022410134354496563
10992,none,0.012991227190865257
10993,none,0.010575821168769504
10994,none,0.059038984026068324
10995,none,0.001083930898342242
10996,none,0.0010545039166210968
10997,none,0.003525308831584156
10998,none,0.015448631585023454
10999,none,0.37494157820960905
11000,unrelated,0.5838197847711919
11001,none,0.5421487726767809
11002,none,0.13313719719364814
11003,none,0.0055513708051213905
11004,none,0.05069835876290177
11005,none,0.021799637161277134
11006,none,0.00017003889840497825
11007,none,0.015423053284560045
11008,none,0.0005279247767662756
11009,unrelated,0.20980306432354986
11010,none,0.0020416772734473706
11011,none,0.016554383353511774
11012,none,0.0002083308281467221
11013,none,0.0018621429278036581
11014,none,0.2093562210822627
11015,none,0.09108429273254004
11016,none,0.2925026520393987
11017,none,0.013801249618971919
11018,none,0.03256923272710718
11019,none,0.055808902876165335
11020,none,0.020801912572131424
11021,none,0.16508376901449057
11022,none,0.2721381758603345
11023,none,7.754848430221423e-05
11024,none,4.6861075432504004e-05
11025,none,0.00012078882188217444
11026,unrelated,0.3064205486742813
11027,none,0.00766683955679674
11028,none,0.024872926074135236
11029,none,0.09373629536141637
11030,unrelated,0.18713924276394106
11031,none,0.0046157766856628904
11032,none,0.030499657149376462
11033,none,0.0009418398469727036
11034,none,0.00013560363669698925
11035,none,0.008320989573089032
11036,none,0.13391324837707538
11037,none,0.12669663738581888
11038,none,0.00023197653743518495
11039,none,0.00017663969649497704
11040,none,0.01673464583361696
11041,none,0.010561358032562003
11042,none,0.0013549986426554693
11043,none,0.00017389556643873313
11044,none,0.3508235907780737
11045,none,0.026695908992503847
11046,none,0.15933586417255308
11047,none,0.11085356735281594
11048,none,0.00012444834460492745
11049,none,0.029039596475102788
11050,none,0.33142146216925583
11051,unrelated,0.7123955946007094
11052,none,0.09900064043113531
11053,none,6.660892363874713e-05
11054,unrelated,0.23146886245481738
11055,unrelated,0.6200361601646591
11056,none,0.008678742131109737
11057,none,0.003730716754868543
11058,none,0.04580788680638173
11059,unrelated,0.4861015921852166
11060,none,0.044326557040939456
11061,none,0.06696396947581676
11062,none,0.017067246233902735
11063,unrelated,0.48447763901034885
11064,none,0.00527259715301544
11065,none,0.010774716345231077
11066,none,0.01942627153471109
11067,none,0.17139630138991443
11068,none,0.1058463820778646
11069,none,0.02760008977342803
11070,none,0.0006276797776946987
11071,none,0.0006552416313509722
11072,none,0.015635294241916897
11073,none,0.041101040631340485
11074,none,0.013110280275585836
11075,none,0.0008748241869214826
11076,none,0.3196780971366842
11077,none,0.0004621744397417419
11078,none,0.014522550755164475
11079,none,0.0009684618838631035
11080,none,0.007005958821224042
11081,none,0.0001508081938081998
11082,none,0.00029484282633697884
11083,none,0.0007338888598320695
11084,none,0.018744838763653005
11085,none,0.09389923382978914
11086,unrelated,0.6110435063724038
11087,none,0.09472727626193347
11088,none,1.1544011544011544e-05
11089,unrelated,0.7196008692203439
11090,none,0.0759902402488693
11091,none,0.08964247519062483
11092,none,0.00014336170916372844
11093,none,0.08566190897749638
11094,none,0.018732200040281997
11095,none,0.002517100821074994
11096,none,0.026135631750908554
11097,none,0.01047148264719377
11098,none,0.02243486056608078
11099,none,0.01911633293511662
11100,none,0.008906375248724755
11101,none,0.00039326473950773786
11102,none,0.01995207071045515
11103,none,0.1263587104377008
11104,none,0.00011409697222499296
11105,unrelated,0.679747883650583
11106,none,0.00030018510399759066
11107,none,0.0005140380747520368
11108,none,0.001530713060777391
11109,none,0.024931214347148588
11110,none,0.053542624832203234
11111,unrelated,0.6299619524620599
11112,none,0.0
11113,none,0.0012101669560754251
11114,none,0.00263721949718285
11115,none,0.017415314402257062
11116,none,0.08817480065102458
11117,unrelated,0.7133051637227557
11118,none,0.024542299194112275
11119,none,0.02020661174769268
11120,none,0.007980019617877124
11121,none,0.000833902788640678
11122,none,0.0006863365548963417
11123,none,0.24205608124415598
11124,none,0.011941640208839609
11125,none,0.0010919801996358556
11126,none,0.08825367953230787
11127,none,0.017849608219957496
11128,none,1.1544011544011544e-05
11129,none,0.015656146301140844
11130,none,0.12214052806459379
11131,none,0.015569880862296746
11132,none,0.00018497522606007884
11133,none,0.13171274639792896
11134,none,0.028122421148073826
11135,none,0.018861191046637485
11136,none,0.0003243586364350451
11137,none,0.14783733593063514
11138,none,0.19409820409262296
11139,none,0.027936724030787036
11140,none,0.00012078882188217444
11141,none,0.011040551303836584
11142,none,0.00014422588043161395
11143,none,0.00021139486324001013
11144,none,0.010388551355318949
11145,none,0.024895791258334073
11146,none,0.0009732008632907878
11147,none,0.14685688162830768
11148,none,0.012509731820014112
11149,none,0.02206819854098642
11150,none,0.031190589489326438
11151,none,0.023943690677345867
11152,none,0.06731196085400856
11153,none,0.010554454803246207
11154,none,0.00423653854625846
11155,unrelated,0.5985956670251105
11156,none,0.022168829264935783
11157,none,0.015399447340760241
11158,none,0.015015390402374032
11159,none,0.02142582469689355
11160,none,0.00023658214158983393
11161,none,0.0024032311358519604
11162,none,0.00027457315210411453
11163,none,0.00021851412753572414
11164,none,0.003749930744888238
11165,none,0.058193658333316266
11166,none,0.37435309508389125
11167,none,0.0025063467918467136
11168,none,0.022157251217314756
11169,none,0.00015610369698291566
11170,none,0.014005475492640774
11171,none,0.007520991347676096
11172,none,0.06392550122531089
11173,none,0.00211286484749318
11174,unrelated,0.5659280494524207
11175,none,0.040513891824073535
11176,none,0.0010038775892911187
11177,none,0.017426209309585067
11178,none,0.012895206349222027
11179,unrelated,0.11473298663062677
11180,none,0.0002262096780548249
11181,none,0.02135261173667903
11182,none,0.02702386878645552
11183,none,0.005475348708132409
11184,none,0.009429482513655824
11185,none,0.01691618159599444
11186,none,0.00016153179714785795
11187,none,0.017239848682524844
11188,none,0.0030801186453123584
11189,none,0.0016699761778264288
11190,none,0.0010780449982137929
11191,none,0.0004953969045243465
11192,none,0.09897584110829345
11193,none,0.4297600147171544
11194,none,0.0008427683903799234
11195,none,0.0002083308281467221
11196,unrelated,0.2649949368876891
11197,none,0.00018565029795892252
11198,none,0.00176833354160301
11199,none,0.00974280576711802
11200,none,0.046970637279940004
11201,unrelated,0.6124904308783552
11202,none,0.001167431989665004
11203,none,0.21220347604926673
11204,none,0.022029459864560386
11205,none,0.011546034532603616
11206,none,0.0009930049141233831
11207,none,0.039709550406101794
11208,none,0.002979742895943093
11209,none,0.01804303832528411
11210,none,0.0008161844140171248
11211,none,0.02525560132803853
11212,unrelated,0.18575898515125822
11213,none,0.011353861924076381
11214,none,0.00557046429375911
11215,none,0.004005196821815583
11216,none,0.03637871980667242
11217,none,0.00018647530969872418
11218,unrelated,0.654538036709166
11219,none,0.05195137739916658
11220,none,0.0008619619312158077
11221,none,0.1559538051749778
11222,none,0.018291139928141492
11223,unrelated,0.7125576020330706
11224,none,0.011055664838849072
11225,none,0.029655767434559686
11226,none,0.0003141511595669079
11227,none,0.01612660977358943
11228,none,0.08453583841531867
11229,unrelated,0.7118395547054512
11230,none,0.08170444196523119
11231,none,0.002273377393081777
11232,none,0.0011504499470884172
11233,none,0.00011508897463382264
11234,none,0.011576440320053918
11235,none,0.0035094745374194035
11236,none,0.03589652070201487
11237,none,0.0346178641610765
11238,none,0.0009162368930432934
11239,none,0.004789848263420358
11240,unrelated,0.6298248944988739
11241,none,0.259634301375532
11242,none,0.0010427748204862547
11243,none,0.016740021056427155
11244,unrelated,0.6765673114630113
11245,unrelated,0.7505977921664428
11246,none,0.0008606944579590131
11247,none,0.030575941742995633
11248,none,0.0568493010869347
11249,none,0.0021489036581776293
11250,none,0.013842586462956276
11251,none,0.010522013386849563
11252,unrelated,0.37838981354439627
11253,unrelated,0.5494979065890236
11254,none,0.0001412027408403263
11255,none,0.039497377827655014
11256,unrelated,0.6273224662434584
11257,none,0.01988438844071705
11258,none,0.0006895327029757596
11259,none,0.01583686991710947
11260,none,0.16567715089758372
11261,none,0.031591446797951804
11262,none,0.0002823009655346983
11263,none,0.023102177394534747
11264,none,0.05243095577630626
11265,none,0.12667026437611686
11266,none,0.0008440232606681423
11267,none,0.5271630242055685
11268,none,0.030748209271481874
11269,none,0.005033347809780683
11270,none,0.0001976172562121459
11271,none,0.41294842193658104
11272,none,0.06950307768348911
11273,none,0.17397498425376412
11274,none,0.31501801526667816
11275,none,0.024721056873164948
11276,none,0.026670831946509464
11277,none,0.00023811953502297784
11278,none,0.1861665549606445
11279,none,0.00031112350253959876
11280,none,0.03289239572410457
11281,none,0.00021139486324001013
11282,none,0.019353825988198087
11283,unrelated,0.62466462902604
11284,none,0.016413041235579063
11285,none,0.00025357185733029607
11286,unrelated,0.6335270022859044
11287,none,0.0835389087686746
11288,unrelated,0.7855801456052606
11289,none,0.07961312512142273
11290,none,0.019778592519160976
11291,unrelated,0.4226992284063883
11292,none,0.04626536522885476
11293,none,0.06521208259927859
11294,none,0.0009091030541211152
11295,none,0.030444760395589507
11296,none,0.010300223414377214
11297,none,0.1779237910238675
11298,none,0.0001350101697601362
11299,unrelated,0.41704402524732925
11300,unrelated,0.7310188424463442
11301,none,0.0201090945747764
11302,none,0.008723597987646744
11303,none,0.03077761310765874
11304,none,0.0007319178358789426
11305,none,0.018424195966833277
11306,none,0.009113850639899774
11307,none,0.023891568190637633
11308,none,0.00012078882188217444
11309,none,0.0003229701833220236
11310,none,0.015914500623616643
11311,none,0.01249382821476047
11312,none,0.0
11313,none,0.0002416693703138935
11314,none,0.007636915718698576
11315,none,0.042497117074161136
11316,none,6.660892363874713e-05
11317,none,0.4239571214084761
11318,none,0.0009454804566682054
11319,none,0.03107936159685047
11320,none,0.03522171113199848
11321,none,0.013411961386454228
11322,none,0.014145397587670458
11323,none,0.00013560363669698925
11324,none,0.07841290099265268
11325,none,0.07668183970783546
11326,none,0.4403784530744837
11327,none,0.07360404330411492
11328,none,0.0906236027016106
11329,none,0.013755356702491253
11330,none,0.07886307574127562
11331,none,0.4625200028978193
11332,none,0.0010289106138545998
11333,none,0.0198494461230843
11334,none,0.06586642449668403
11335,none,6.660892363874713e-05
11336,none,0.24991332845354763
11337,none,0.30123828972258865
11338,none,0.023954357676754606
11339,none,0.03363949709116584
11340,none,0.025359937044897272
11341,none,0.005814144365616076
11342,none,8.938796691892935e-05
11343,none,0.00013560363669698925
11344,none,0.0
11345,none,0.012853264712995423
11346,none,0.0021942098767898342
11347,none,0.016390784243588682
11348,none,0.0026517156327647644
11349,none,0.03416811924884637
11350,none,0.014684709128600539
11351,none,0.0928356352359025
11352,none,0.03461432408057601
11353,none,0.03185686653635642
11354,none,0.020035314690545723
11355,none,0.02218828171579282
11356,none,0.3328137111594067
11357,none,0.021924930055521014
11358,none,0.24397657508819623
11359,none,0.012045190442092376
11360,none,0.0001695751569022804
11361,none,0.08368161296466935
11362,none,0.10458345947805776
11363,none,0.001411401538205707
11364,none,0.026582111791564625
11365,unrelated,0.4883851092209664
11366,none,0.00020921044153947435
11367,none,0.3590718637504892
11368,none,0.03790588473925586
11369,none,0.17766162248796818
11370,none,0.12194387634087935
11371,unrelated,0.6898854893045772
11372,none,0.0018630160694572053
11373,none,0.01761180510434753
11374,unrelated,0.7304328028777662
11375,none,0.019516143692240865
11376,none,0.028200538461868433
11377,none,0.27848660317311674
11378,unrelated,0.4106314768675675
11379,none,0.0006938645606109667
11380,none,0.0006465427074649101
11381,none,0.0009452480489623309
11382,none,0.4466103560323815
11383,none,0.011471325520146841
11384,none,0.00016333520926545736
11385,none,0.020243402741585675
11386,none,0.016333101033840506
11387,none,0.025510837026780142
11388,unrelated,0.5252845990010526
11389,none,0.011454580364755019
11390,none,0.052004399522848355
11391,none,0.00020769468989482664
11392,none,1.8075690185422386e-05
11393,none,0.014732349712576275
11394,none,0.09117312060778447
11395,unrelated,0.4891129232178698
11396,none,0.09152338054976461
11397,none,0.0005263925125348963
11398,none,0.027819685123257498
11399,none,0.00022314564296153694
11400,none,0.06917183706340017
11401,none,0.01624217051860174
11402,none,0.08981593474176601
11403,none,0.014431342323338134
11404,none,0.010654830493618286
11405,none,0.019414917017093566
11406,none,0.05156582598892768
11407,none,0.05391437665626141
11408,unrelated,0.6840986425902428
11409,none,0.0175664815356547
11410,none,0.01133944231106446
11411,none,0.10996895066130417
11412,none,0.013817895406182366
11413,none,0.0017561964583289293
11414,none,0.03860327049210278
11415,none,0.06251532915403896
11416,none,3.28905050002372e-05
11417,none,0.016336803016016203
11418,none,0.05376265456023762
11419,none,0.1383853862372681
11420,none,0.00018562117055666045
11421,none,0.08902931164272879
11422,none,0.012859586054548592
11423,none,0.4902400187417218
11424,none,4.6861075432504004e-05
11425,none,0.0153231611216557
11426,none,0.016442201533917105
11427,none,0.10036925917903915
11428,unrelated,0.5494345018350443
11429,unrelated,0.4531172166934556
11430,none,0.003548951591951038
11431,unrelated,0.19197264669494613
11432,none,2.6358826358826355e-05
11433,none,0.17182716864270423
11434,none,0.0011840037046475093
11435,none,0.009026853573200563
11436,none,0.02419989100678245
11437,none,0.035693017334002555
11438,none,0.23056841476573578
11439,none,0.025529042675118463
11440,none,0.005918998129234011
11441,none,0.0014504990570051212
11442,none,0.00021851412753572414
11443,none,0.016376231297552623
11444,none,0.001488921439107991
11445,none,0.0016641166003699749
11446,none,0.019783578096162355
11447,none,0.0017117615097763821
11448,unrelated,0.5115082664383013
11449,none,0.0740438456521504
11450,none,0.013754315861443343
11451,none,0.013760415456099065
11452,none,0.041352743085777445
11453,none,0.0260941718095293
11454,none,0.00013560363669698925
11455,none,0.0019176549804545973
11456,unrelated,0.5294911002758149
11457,none,0.42743394384920264
11458,none,0.08770154525688195
11459,none,0.005272537912856447
11460,none,0.004722459233909058
11461,unrelated,0.6449078493742614
11462,none,0.0013292590116754574
11463,unrelated,0.5635559193682262
11464,none,0.009832270530306863
11465,none,0.06885413712778331
11466,none,0.00021220508214457923
11467,none,7.754848430221423e-05
11468,none,0.004394903358684581
11469,none,0.1352917305800705
11470,none,0.0008044764606381794
11471,none,0.004754768132346538
11472,none,0.019137466027717896
11473,none,0.014603924615981317
11474,none,0.00022856746509885767
11475,none,0.014039984106756182
11476,none,0.00015988020098913356
11477,none,0.02315454015081613
11478,none,0.0232446448471913
11479,none,0.06943262325659073
11480,none,0.1822412597830165
11481,none,0.20117190761810788
11482,none,0.19041454902594268
11483,none,0.039142016340840746
11484,none,0.02993925491916449
11485,none,0.01385528447509014
11486,none,0.021570918412102565
11487,none,0.00018941594118260677
11488,none,0.013285577243873171
11489,unrelated,0.5266261171321979
11490,none,0.0024240376446910024
11491,none,0.42208709951437967
11492,unrelated,0.579280148384419
11493,none,0.07185769646459128
11494,none,0.0146461016974259
11495,none,0.025425770615523223
11496,none,0.023902729533839148
11497,none,0.02846378532040314
11498,none,0.014095417540641912
11499,none,0.0014385526299754358
11500,none,0.0012405228606668808
11501,none,0.005753240364648212
11502,none,0.0001594939479908386
11503,none,0.12382003457705411
11504,unrelated,0.3854521121566576
11505,none,0.02291466638690002
11506,none,0.021301234315241047
11507,none,0.026883755566471573
11508,none,0.0001794946705820702
11509,none,0.001028154749110112
11510,none,0.11013865188688438
11511,none,0.45939343815722483
11512,none,0.03267679537716579
11513,none,0.10063569835605131
11514,none,0.0011542571258792743
11515,none,0.08307525067357364
11516,none,0.024943999967085226
11517,none,0.08185585849768469
11518,none,0.020573475812473405
11519,none,0.33554025113080305
11520,none,0.00819539373774375
11521,none,0.020806421640484483
11522,none,0.0001032494920171075
11523,none,0.0003268434635204272
11524,none,0.13280967450584721
11525,none,0.0004203698904584761
11526,none,0.00033574783379290056
11527,none,0.09956514702144359
11528,none,0.001641663912069557
11529,none,0.0006360619323544271
11530,none,0.00018941594118260677
11531,none,0.45078222454940226
11532,none,0.026011781036052898
11533,none,0.1521049355183226
11534,none,0.07441803582865701
11535,none,0.46179099857606176
11536,none,0.00021895578874181823
11537,none,0.2756418993193404
11538,unrelated,0.5784631521403146
11539,none,0.08313062693753129
11540,none,8.84346772022927e-05
11541,none,0.08403523162903084
11542,none,0.00010489175353257264
11543,none,0.00014103173686193154
11544,none,4.246547103689961e-05
11545,none,0.0001943956267246595
11546,none,0.011895523815520219
11547,none,0.18440027512810406
11548,none,0.018867465075236685
11549,none,0.00022945335651923144
11550,none,0.018682597705608067
11551,none,0.015644683079813114
11552,none,0.0007830678870857224
11553,none,0.0005813834813984024
11554,none,0.6234083721878485
11555,none,0.001046240143750929
11556,none,0.38310364037397776
11557,none,0.0030297015408028314
11558,none,0.03197791098401711
11559,none,8.938796691892935e-05
11560,none,0.032842680663621386
11561,unrelated,0.3870963463328937
11562,none,0.08274668418580328
11563,none,0.014249214588921129
11564,none,0.00145941439550927
11565,unrelated,0.5238819894091774
11566,none,0.014275995176916124
11567,none,0.01669108844116154
11568,none,0.03748306434678157
11569,none,0.036211677601972976
11570,unrelated,0.4924552691712949
11571,unrelated,0.7335840060577057
11572,none,0.017225420889813003
11573,none,0.025516611225644175
11574,none,0.05528140896224412
11575,none,0.08914700620487573
11576,none,0.03683757855341852
11577,none,0.12191421950867866
11578,none,0.028922901422778095
11579,none,0.0002903436269196629
11580,none,0.001029980113327721
11581,none,0.022056970650743545
11582,none,0.051541679548697754
11583,none,0.013583694067403023
11584,none,0.06480556370339761
11585,none,0.050512836884367
11586,none,0.00017003889840497825
11587,none,0.00013560363669698925
11588,none,0.5207534873343692
11589,none,0.0005450691865070058
11590,none,0.010670349554627619
11591,none,0.1297427647704345
11592,unrelated,0.6947157979660536
11593,none,0.09770792196484558
11594,none,0.00020432178080749221
11595,none,0.08248872873338099
11596,none,0.014910074705018603
11597,none,0.002468528535612126
11598,none,0.057310209574004366
11599,none,0.025938642637145307
11600,none,0.013318502867453562
11601,none,0.03533166813194677
11602,none,0.045835614746520675
11603,none,0.002506275149920231
11604,none,0.10565260408140047
11605,none,0.18980716659330274
11606,none,0.029493549948119414
11607,none,0.0002083308281467221
11608,none,0.0002432037989021521
11609,none,0.15613866333966825
11610,none,0.025415705644125496
11611,none,0.007995766943302113
11612,none,0.00011334908483579258
11613,none,0.021480588703763612
11614,unrelated,0.5770470999162213
11615,none,0.0745644731669767
11616,unrelated,0.7695160378330148
11617,unrelated,0.3476983488909836
11618,none,0.0007379874964388358
11619,none,0.016913403078681645
11620,none,0.18951889895703342
11621,unrelated,0.7465493742998888
11622,none,0.00044559092541248833
11623,none,0.02351120525558091
11624,none,0.03500421495934099
11625,none,6.660892363874713e-05
11626,none,0.04134660001269665
11627,none,0.0002898100360098166
11628,none,0.016729915449966052
11629,none,0.00024313815758082843
11630,none,0.004764126948470905
11631,none,0.0015160267864341261
11632,none,0.008660518409528459
11633,none,0.004811012700116003
11634,none,0.022072072351536208
11635,none,6.660892363874713e-05
11636,none,0.06842977009415876
11637,none,0.08772836271415693
11638,none,0.00015605463358559605
11639,none,0.41200757114131653
11640,none,0.0626419083616099
11641,none,0.005713603448868929
11642,unrelated,0.7440429549523487
11643,none,0.09961026875396504
11644,none,0.019382342762717962
11645,none,0.023406774368541553
11646,none,0.014543755950517219
11647,none,0.017686720690541745
11648,none,0.00230626995163976
11649,none,0.10728063082052057
11650,none,0.3914075393489208
11651,none,0.01746185690934404
11652,none,0.014262706734793294
11653,none,0.49882630619584617
11654,unrelated,0.40682201257682993
11655,none,0.00014336170916372844
11656,none,0.010388216365772956
11657,none,0.04374934494453977
11658,none,0.06267774966390988
11659,none,0.09305279750510043
11660,none,0.06933913787090704
11661,none,0.001787792454171
11662,none,0.00042773917803375284
11663,none,0.053228720532924524
11664,none,0.010763424718237363
11665,unrelated,0.4224245140366836
11666,none,0.01575993180582772
11667,none,0.00019413848141849023
11668,none,0.117884099785097
11669,none,0.019259309089680886
11670,none,0.01450428607799143
11671,none,0.1657349437152698
11672,none,0.0022246239541457644
11673,none,0.00031959976253115974
11674,none,0.00016540738297916545
11675,none,0.13249879555594035
11676,none,0.014113276231247111
11677,none,0.2132336151593479
11678,unrelated,0.6008509911142224
11679,none,0.0023521307049541467
11680,none,0.002000891890405516
11681,none,0.01750357184919446
11682,none,0.14202668307494964
11683,unrelated,0.6093311781105505
11684,none,7.754848430221423e-05
11685,none,0.016682814559482582
11686,unrelated,0.46027945570773077
11687,none,0.050453373330850815
11688,none,0.196725031471371
11689,none,0.018718877697682757
11690,none,0.6541949047468337
11691,none,0.001991284165281773
11692,none,0.11247164678756884
11693,none,0.01347818795292362
11694,unrelated,0.6095615494031443
11695,none,0.0010105085753380762
11696,none,0.01134914483781178
11697,none,0.13585055486757733
11698,none,0.0034626964812506135
11699,none,0.04475309561868115
11700,none,0.10378623555164407
11701,none,0.017009037060011046
11702,none,0.0005488081606925796
11703,none,0.00011886235277003388
11704,none,0.07545580472842879
11705,unrelated,0.18035639854353336
11706,none,0.004334064605648624
11707,none,0.0003229701833220236
11708,none,0.00013599337899338498
11709,none,0.010200163165778164
11710,unrelated,0.456114276544449
11711,none,0.00012078882188217444
11712,none,6.381196449312528e-05
11713,none,0.013917919170214422
11714,none,0.010803640531582061
11715,unrelated,0.4160371260783937
11716,none,0.01869812118550307
11717,none,0.00024014487947688755
11718,none,0.0010300084906487734
11719,none,0.6256415587015954
11720,none,0.0008008966616816418
11721,none,0.00018417516357476334
11722,none,0.00013599337899338498
11723,none,0.008474892026828228
11724,none,0.009840611665774948
11725,none,0.0001436615729089052
11726,none,0.0010686666610218098
11727,unrelated,0.7216530183903987
11728,unrelated,0.7792030748776514
11729,none,0.017485741476522383
11730,unrelated,0.29602601056656325
11731,none,0.11593098993960364
11732,none,0.012255605457604632
11733,none,0.05664288688298627
11734,none,0.0007749638438689322
11735,none,0.004585631036266522
11736,none,4.246547103689961e-05
11737,none,0.0002102743280040268
11738,none,0.020033618599912272
11739,none,0.00029498997809721623
11740,none,0.00198942961779061
11741,unrelated,0.5645486288744898
11742,none,0.02223955089924218
11743,none,0.00018941594118260677
11744,none,0.02211766669250229
11745,none,0.0013259533001677348
11746,none,0.36573428689002346
11747,none,0.00022263809729490203
11748,none,0.00024014487947688755
11749,none,0.000810435388313949
11750,none,0.01836694078661425
11751,none,6.660892363874713e-05
11752,none,0.013687155531018385
11753,unrelated,0.22819631132388662
11754,none,0.08061499655702045
11755,none,0.012887935955002467
11756,none,0.006436210042049508
11757,none,0.08300221830778921
11758,none,0.023610016012596265
11759,none,0.021977847917627132
11760,none,0.004484342868819813
11761,none,0.0004095228033034341
11762,none,0.026877861281676255
11763,none,0.0004012530212206218
11764,unrelated,0.5654302247927068
11765,none,0.0182198771565655
11766,none,0.17075791572420418
11767,none,0.0001552240835901634
11768,none,1.1544011544011544e-05
11769,none,0.03282020241954309
11770,none,0.18676781616679214
11771,none,0.1657009243853912
11772,none,0.001478424455892196
11773,none,0.0034105143699088973
11774,none,0.04320303372980904
11775,none,0.015063612505739635
11776,none,0.027035557305213023
11777,none,0.0012040840259326497
11778,none,0.031805781236550944
11779,none,0.0008682142309632987
11780,none,0.36432981671742953
11781,none,0.00017389556643873313
11782,none,0.6850403060984926
11783,none,0.15497634257064635
11784,none,0.008764796779263529
11785,none,0.1657043649085354
11786,none,0.0037186858203834493
11787,none,0.025639474147013123
11788,none,0.0018394678365237789
11789,none,0.06972791766796664
11790,none,0.0009283374514605044
11791,none,0.3288951373388042
11792,none,6.029547794253676e-05
11793,none,0.00012078882188217444
11794,none,0.07419511085945193
11795,unrelated,0.6935505613065034
11796,unrelated,0.6512376963641944
11797,none,0.05805592446551049
11798,unrelated,0.6455348335421656
11799,none,0.013133688470338911
11800,none,0.12514319188639356
11801,none,0.49111138571083507
11802,none,0.03989755768086807
11803,none,0.03303144061765931
11804,none,0.13179682975022045
11805,none,0.06046955552321357
11806,none,6.660892363874713e-05
11807,none,0.02581870409749129
11808,none,0.0019471573714802343
11809,none,0.01635392367831777
11810,none,0.012424048616904326
11811,none,0.022111004381375067
11812,none,0.044258305724694746
11813,none,0.02227544098945872
11814,none,0.003531225803304692
11815,unrelated,0.47954908961654724
11816,none,0.007157047410226216
11817,none,0.04937668006257771
11818,none,0.00015001225241815627
11819,none,0.0001943956267246595
11820,none,0.011499621717049109
11821,none,0.0001552240835901634
11822,unrelated,0.6058784179853626
11823,none,0.3832603060208033
11824,none,0.010335657749772768
11825,none,0.011469553306070579
11826,none,0.027278690787232118
11827,none,0.021008667894537026
11828,none,6.660892363874713e-05
11829,unrelated,0.169527765933789
11830,unrelated,0.6645892032880006
11831,unrelated,0.5232494441567868
11832,none,6.531678641410843e-06
11833,none,0.0018998856475790562
11834,none,0.00019091667373137628
11835,none,0.5260013387698538
11836,none,0.014020133239924449
11837,none,0.08257532408632919
11838,none,0.02531418641436597
11839,none,0.0007466677041989042
11840,none,6.68271565839476e-05
11841,none,0.1348225436757887
11842,none,0.0762080087028982
11843,none,0.003971156569539405
11844,none,0.023356795505160934
11845,none,0.0032309498762984556
11846,unrelated,0.4278773098571796
11847,none,0.012928612056885433
11848,none,0.010369208799893052
11849,none,0.07520677370874768
11850,none,0.03582789785413887
11851,unrelated,0.09395739224459038
11852,none,0.012197205721752142
11853,none,0.1069995056554998
11854,none,0.132710630617258
11855,none,0.009456196865119185
11856,none,0.0
11857,none,7.754848430221423e-05
11858,unrelated,0.8132951546839038
11859,none,0.015867555577612148
11860,none,0.1479666271463846
11861,none,0.00031959976253115974
11862,none,0.0010338565727390095
11863,none,0.001736325643715872
11864,unrelated,0.5213222396442905
11865,none,0.00065259141104012
11866,unrelated,0.5516282077360836
11867,none,0.00018941594118260677
11868,none,0.0172666369546843
11869,none,0.00029900341416279905
11870,none,0.02382420731391865
11871,none,0.0001158404140439581
11872,none,0.0007328895749578482
11873,none,0.00017937266218736475
11874,none,0.000630529628980753
11875,none,0.01651991887624577
11876,none,0.010856718597384463
11877,none,0.0009401330545671362
11878,none,0.016647545335507226
11879,none,0.021775962215981833
11880,unrelated,0.7254467422996168
11881,none,0.2465387117639877
11882,none,0.016033106545344754
11883,none,0.012920621898797571
11884,unrelated,0.4828590964855098
11885,none,0.01946144291608289
11886,none,0.0013375584043141132
11887,none,0.05064382818108005
11888,none,0.027459963037908926
11889,none,0.027974535872275337
11890,none,0.01602877698048872
11891,none,0.19096650047340422
11892,none,0.013330249785546757
11893,none,0.029181639610764146
11894,none,0.015071890240179946
11895,unrelated,0.49077393614403464
11896,none,0.012442480589467559
11897,none,0.4333710635340497
11898,none,0.02654392042579092
11899,none,0.005680110946088379
11900,none,0.07582907189701672
11901,none,0.04204157753366437
11902,none,0.0003729555710834006
11903,none,0.08739790494191531
11904,none,0.0003053768924550923
11905,none,0.02558795749572448
11906,none,0.037751397878371645
11907,unrelated,0.6592054600308198
11908,none,0.024640652004984845
11909,none,0.0008682142309632987
11910,none,0.0014403487798062818
11911,none,0.001745607536483747
11912,none,0.14790566525580096
11913,none,0.0006073586110021172
11914,none,0.012849082691709595
11915,none,0.0016988955449479739
11916,none,0.04596162703943383
11917,none,0.563624602398012
11918,none,0.0006868146022271782
11919,none,0.013646808466624565
11920,none,0.009274227793551325
11921,unrelated,0.6214892732797231
11922,none,0.0005344774260436474
11923,none,0.015167960954770998
11924,none,0.000162976876399068
11925,none,0.02260142603547364
11926,none,0.001033459066321004
11927,none,0.09580140892458162
11928,none,0.0035900857550944447
11929,none,0.034495867475709804
11930,unrelated,0.42201510975384116
11931,none,0.0820262713932955
11932,none,0.0012265926122557666
11933,none,0.01702235495548517
11934,none,0.0009323823911252148
11935,unrelated,0.18191771286517386
11936,none,0.009516950704547927
11937,none,0.004428712790614644
11938,none,0.10180941513405636
11939,none,0.03258627580823612
11940,unrelated,0.11520213954707412
11941,none,0.00015610369698291566
11942,none,0.002287321638254191
11943,unrelated,0.727821351930023
11944,none,0.0033054406576391937
11945,none,0.0005584678140316265
11946,none,0.01844438829823571
11947,none,0.06909612483588808
11948,none,0.007193544865254166
11949,unrelated,0.3366460369633447
11950,none,0.021977587252538414
11951,none,6.660892363874713e-05
11952,unrelated,0.7883814637907547
11953,none,0.00014128888216810085
11954,none,0.01998784774858056
11955,none,0.030826776357618723
11956,none,6.660892363874713e-05
11957,none,0.012248840997307983
11958,none,0.00028943182119508225
11959,none,0.02093938518583161
11960,none,0.00044009335490532325
11961,none,0.0009300501344846058
11962,none,0.002076707947642603
11963,none,0.0006814262413012506
11964,none,0.00036811646132718927
11965,none,0.2828769626269178
11966,unrelated,0.5465794775880064
11967,none,0.012821051117422442
11968,none,0.019051894579419394
11969,none,0.0001908948029540837
11970,none,0.4860183987426514
11971,unrelated,0.20524478534077453
11972,none,0.18607852919304504
11973,none,0.0008998246386616577
11974,none,0.07368919664371153
11975,unrelated,0.654837441582314
11976,none,0.010936139383713548
11977,none,8.353733074194701e-05
11978,none,0.013447561203017364
11979,none,0.10580261179538718
11980,none,0.0003333510104943337
11981,none,0.011066786328574702
11982,none,0.01935924964015543
11983,none,0.0190133751520125
11984,none,0.08792084634139469
11985,none,0.15245955545874607
11986,none,0.011496546203623465
11987,none,0.09453480485739041
11988,none,0.07991728132310053
11989,none,0.00021219498446278903
11990,none,0.11718637975836618
11991,unrelated,0.4525129988647464
11992,none,0.017320111921623887
11993,none,6.660892363874713e-05
11994,none,0.01139872283700167
11995,unrelated,0.15279166353991905
11996,none,0.00013504235872459437
11997,none,9.591964556034021e-05
11998,none,0.12753772769554428
11999,none,0.02442950187328865
12000,none,0.02484943414782902
12001,none,0.013898119707680252
12002,none,0.01921667357052965
12003,none,0.03920396835715363
12004,unrelated,0.6571911228307117
12005,none,0.008593841469010126
12006,none,0.01022101454302184
12007,none,0.01958936700461292
12008,none,0.10829839003832101
12009,none,0.00018941594118260677
12010,unrelated,0.5251678601154836
12011,none,0.00021851412753572414
12012,none,0.022252974496493237
12013,none,0.1521579600652257
12014,unrelated,0.6369982291821382
12015,none,0.27277363957523815
12016,none,2.6358826358826355e-05
12017,none,0.08337778770510212
12018,none,0.042511771461032
12019,none,0.0001158404140439581
12020,none,0.00015610369698291566
12021,none,0.01431151019508863
12022,none,0.022686589362804627
12023,none,0.2115542588982407
12024,none,0.012420641250706164
12025,none,0.0749844325918208
12026,none,0.0002659868985999817
12027,none,0.001677372467931413
12028,none,0.026060954581833547
12029,none,0.0002898100360098166
12030,none,0.01335448134749437
12031,none,0.0002083308281467221
12032,none,0.0005006394602453673
12033,unrelated,0.250858773931407
12034,none,0.022099481708045633
12035,none,0.0009138849548573232
12036,none,0.00012078882188217444
12037,none,0.00024014487947688755
12038,none,0.0014277729134699701
12039,none,0.010413937606351495
12040,none,0.011573400987601935
12041,none,0.18419359253592962
12042,none,0.07119126117196578
12043,none,0.006273317721938208
12044,none,0.3065020129191131
12045,none,0.05759773888479227
12046,none,0.011844631680826372
12047,none,0.047040042451004564
12048,none,0.0113181044705064
12049,none,0.01178535738969888
12050,none,0.20112923042978015
12051,none,0.1982257715495666
12052,none,0.007637274666053743
12053,none,0.0001341459984922507
12054,none,0.5190000609123602
12055,none,0.025927920208462397
12056,none,0.022507394159011488
12057,none,0.00015001225241815627
12058,none,0.0003145638323933196
12059,none,0.003482292927034879
12060,none,0.18700582550326114
12061,unrelated,0.2474696048554334
12062,none,0.00019347050657617367
12063,none,0.03913750916619805
12064,none,8.016032064128256e-05
12065,none,0.02143036612977257
12066,none,0.5890262857592228
12067,none,0.018589336944526656
12068,none,0.08596863148216054
12069,none,0.6030748884880928
12070,none,0.009101873685785576
12071,none,0.02512812026174881
12072,none,0.018802547585162362
12073,none,0.01528381219672279
12074,none,0.0005558699389011028
12075,none,0.5639378727720934
12076,none,0.018270333588090513
12077,none,0.0001943956267246595
12078,none,0.04987834085004814
12079,unrelated,0.41402724642929
12080,none,8.760718828834905e-05
12081,none,0.01599502585782391
12082,unrelated,0.69462783639654
12083,none,0.0005016707034666062
12084,none,0.02714404736418083
12085,none,0.2075338960930809
12086,none,0.237329607247699
12087,none,0.05492794153705651
12088,none,0.0004412490167482442
12089,none,0.0002651240758831517
12090,none,0.033720960324535476
12091,none,0.19352849361114544
12092,none,0.03197472705396776
12093,unrelated,0.28417900374129407
12094,none,0.007411258617324691
12095,none,0.0030293813654290796
12096,none,0.01838372715464538
12097,none,0.05691749367846481
12098,none,0.0002083308281467221
12099,none,0.0913879487041283
12100,none,0.01182664580895571
12101,none,0.0009696306244418158
12102,unrelated,0.40072530205854745
12103,none,0.0029611165108335284
12104,none,0.06131365501326465
12105,none,0.00012854689434891364
12106,none,0.041869103744244206
12107,none,0.0003773703541440307
12108,none,0.00018941594118260677
12109,none,0.019238846677144098
12110,none,0.23337839931033713
12111,none,0.00018941594118260677
12112,none,0.0
12113,none,0.022524786135565203
12114,unrelated,0.28259375319810187
12115,none,0.0008105070267965936
12116,none,0.0962733645902463
12117,none,0.6633232609917828
12118,unrelated,0.12365141947213168
12119,none,0.05527242137334402
12120,none,0.10553871603100803
12121,none,0.0007303078994907307
12122,none,0.012852707802688261
12123,none,0.03710768832813456
12124,none,0.0017863182501594319
12125,none,0.00014103173686193154
12126,none,0.01871072824520855
12127,none,0.07586537633544997
12128,none,0.0003026220506990608
12129,none,0.21693295286621953
12130,none,0.03227912158325367
12131,unrelated,0.5262444184403454
12132,none,0.027727538527118088
12133,none,0.02438671447501203
12134,none,0.0002639401032721113
12135,none,0.017259907142021892
12136,none,0.010865992894170975
12137,none,0.008970439019648871
12138,none,0.16261140471229496
12139,none,0.032782627994312356
12140,none,0.018540958763352936
12141,none,0.0014429933066886255
12142,none,0.012568900749530607
12143,none,0.016686589393524378
12144,unrelated,0.8002013282666305
12145,none,0.031232456308689795
12146,unrelated,0.2456599152593241
12147,none,0.015884264013099444
12148,none,0.10607053776812339
12149,none,0.012050082283044243
12150,none,0.0014261665328139583
12151,none,0.00031784906814364306
12152,none,5.225342913128674e-05
12153,none,0.003979095380697972
12154,none,0.03905196887903397
12155,none,6.660892363874713e-05
12156,none,0.019219222210230934
12157,unrelated,0.23276660054152376
12158,none,0.026100226161980357
12159,none,0.00019469922769328073
12160,none,0.0002422160438361695
12161,none,0.022499701109756902
12162,none,0.20792950895642598
12163,none,0.00018941594118260677
12164,none,0.008862744352679934
12165,none,0.01107842992296842
12166,unrelated,0.6144426304186615
12167,none,0.025051343623565616
12168,unrelated,0.6648431084906337
12169,none,0.08027837740433721
12170,none,0.09739033074118632
12171,none,0.023791273865585265
12172,unrelated,0.7419194072600145
12173,none,0.5402820942172292
12174,none,0.24230814523407748
12175,unrelated,0.35031031733720214
12176,none,0.0004581649070064058
12177,none,0.00040667813326225426
12178,none,7.633651002469862e-05
12179,none,0.0003532398164297906
12180,none,0.025187990972518146
12181,none,0.09662281733980661
12182,none,0.05406994065197814
12183,none,0.16008872684855466
12184,none,0.007798872989823909
12185,unrelated,0.623916109264877
12186,none,0.0006225067760588149
12187,none,0.0006149732973897431
12188,none,0.0002823009655346983
12189,none,0.0004225654005153856
12190,unrelated,0.23298710060750466
12191,none,0.0001881169143166949
12192,none,0.03394483285720093
12193,none,0.0002083308281467221
12194,none,0.2526270189312709
12195,none,0.0002083308281467221
12196,none,0.22823455527860861
12197,none,0.0003318616626434848
12198,none,0.015780657242236432
12199,none,0.0010007307976256643
12200,none,0.016299417187103264
12201,none,0.07066618315844123
12202,none,0.07538091187462022
12203,none,0.07531867445292076
12204,none,0.021545683504054742
12205,none,0.04163451799325588
12206,none,0.0015594589125955812
12207,none,0.20499893279530693
12208,none,0.03004523325179346
12209,none,0.00011886235277003388
12210,none,0.0344547257520992
12211,none,0.1080574443742814
12212,none,0.015820875940934353
12213,unrelated,0.7252949515496556
12214,none,0.622421498252048
12215,none,0.10509870360335499
12216,none,0.00010530659564297777
12217,none,0.016436492744202044
12218,none,0.08324501503962692
12219,none,0.017379458501676385
12220,none,0.02185820929170737
12221,none,0.2850029668672811
12222,none,0.00025775124165892276
12223,none,0.003874292464116961
12224,none,0.007965693715386808
12225,none,0.001028154749110112
12226,unrelated,0.7195796590414416
12227,none,0.31627865506167085
12228,none,0.005887117725843009
12229,none,0.00013560363669698925
12230,none,0.0883419125812662
12231,none,0.0018775812228275996
12232,none,0.021073759000620106
12233,none,0.021133793773603752
12234,unrelated,0.6087934671161257
12235,unrelated,0.447708461986669
12236,unrelated,0.33012601307573775
12237,none,0.01893752430404064
12238,none,0.023359633154782743
12239,none,0.04066525234129431
12240,none,0.24209088865296452
12241,none,0.23953765904633006
12242,none,0.01940423602911435
12243,none,0.012168905497042012
12244,none,0.0015112886167330903
12245,unrelated,0.43362237236578627
12246,none,0.00018941594118260677
12247,none,0.022864781962991312
12248,none,4.246547103689961e-05
12249,unrelated,0.32951919087176107
12250,none,0.06200416549494935
12251,none,0.035391544686110075
12252,none,0.03797675402915496
12253,none,0.019662935340187312
12254,none,0.0004550266635073656
12255,unrelated,0.47327747165112605
12256,none,0.00030686676501058937
12257,unrelated,0.645297602964765
12258,none,0.032738592060313716
12259,none,0.0002823009655346983
12260,none,0.014116680265216026
12261,none,0.00022971842930409736
12262,none,0.003139420219135525
12263,none,0.0009698278836124287
12264,none,0.012271780819871281
12265,unrelated,0.4264316876851886
12266,none,0.03439720608431033
12267,none,0.0004780067780665452
12268,none,0.15231608217954704
12269,none,0.0002253300646620727
12270,none,0.011570420979289517
12271,unrelated,0.27192706821344076
12272,none,0.008835455120980362
12273,none,0.002469345799165241
12274,none,0.01660669638389891
12275,unrelated,0.649479245846572
12276,none,0.026517623439694753
12277,none,0.0009220764653374094
12278,none,0.018562864053707856
12279,none,0.00015584655167674634
12280,none,0.013838297826917314
12281,none,0.00016540738297916545
12282,none,0.05816121588819657
12283,none,0.2718543957466378
12284,none,0.0020623518041028954
12285,none,0.0699840575930104
12286,unrelated,0.7070349709283963
12287,none,0.00018941594118260677
12288,none,0.01070438472789086
12289,none,0.023971428721971718
12290,none,0.22127584644924791
12291,none,0.03484116163260897
12292,none,0.00020222417833675013
12293,none,0.00018941594118260677
12294,none,0.006930200432322374
12295,none,0.10068620687341501
12296,none,0.048189196623229374
12297,unrelated,0.7543674979133295
12298,none,0.015946594668167627
12299,none,0.01457918403707162
12300,none,0.04030494863253424
12301,none,0.12265292125031013
12302,unrelated,0.20498532878416742
12303,none,0.044194181617496754
12304,none,0.052268296729204966
12305,none,0.007890623485621414
12306,none,0.015386164160774105
12307,none,0.023983135913578906
12308,unrelated,0.5464053083752617
12309,none,0.0003235343136147546
12310,unrelated,0.5179224225088906
12311,none,0.003652024494898313
12312,none,0.12305358300616381
12313,none,0.012869348320695329
12314,none,0.007716936390299079
12315,unrelated,0.5703732024014243
12316,none,0.013461169761250917
12317,none,0.011390866460866941
12318,unrelated,0.41665616788267423
12319,none,0.00014128888216810085
12320,none,0.06922148209457422
12321,unrelated,0.6625856512578856
12322,none,0.012076960586631486
12323,none,0.00039954293168003154
12324,none,0.03610949780643492
12325,none,0.020798222239566178
12326,none,0.039267438810760336
12327,none,0.47293142571848185
12328,none,0.06283895587547039
12329,unrelated,0.6059638414864481
12330,none,0.0003008640570697906
12331,none,0.0001891001235499437
12332,none,0.023856873241761094
12333,none,0.07668934281131501
12334,none,0.00012168518211451811
12335,none,0.012717548195144167
12336,none,0.046640182198773424
12337,none,0.00036811646132718927
12338,none,0.0002322435502627755
12339,none,0.00011508897463382264
12340,none,0.026033217047044442
12341,none,0.016743628382034182
12342,none,0.014981912491082518
12343,none,0.28112558803347815
12344,none,9.094565739501222e-05
12345,none,0.020048437968708314
12346,unrelated,0.41679850794296514
12347,none,0.015268057157487342
12348,none,9.025496460716975e-05
12349,none,0.2688563603990749
12350,none,0.00026119117674778104
12351,none,0.043447684370031166
12352,none,0.06159619555327688
12353,none,0.0024112115662787053
12354,none,0.04348119629042631
12355,none,0.2056264474275836
12356,none,0.010143336919074136
12357,none,0.09776518637135476
12358,none,0.021228491583026463
12359,none,0.017638395499644813
12360,none,0.00710168608760243
12361,none,0.0009348398070119358
12362,unrelated,0.7570812403831917
12363,none,0.025262043696406784
12364,none,0.0001552240835901634
12365,none,0.016996716036596665
12366,none,0.0015718942893430143
12367,none,0.00019520584562922872
12368,none,1.593961593961594e-05
12369,none,0.015694154171455196
12370,none,0.0001158404140439581
12371,none,0.06019166903149628
12372,none,0.0256386774757404
12373,none,0.005275870636432327
12374,none,0.13801799616041951
12375,none,0.24967497506771383
12376,none,0.001851734281988617
12377,none,0.00011508897463382264
12378,unrelated,0.4709861843604808
12379,none,0.0606763407406644
12380,none,0.04796690189237631
12381,none,0.032522493280707165
12382,none,0.017710464058148363
12383,unrelated,0.5107657615988096
12384,none,0.007886354872800596
12385,none,0.0742414333313067
12386,none,0.02442484023999736
12387,none,0.0002262096780548249
12388,none,0.2211615371400294
12389,none,0.014660385254815516
12390,none,0.09697209520913751
12391,none,0.00024128748669892286
12392,none,0.00016305838321496608
12393,none,0.03765788511256841
12394,none,0.0006387596570062342
12395,none,0.034990343151282105
12396,unrelated,0.2389897762447146
12397,none,0.05297274484563995
12398,none,0.0271637421491945
12399,unrelated,0.5803076536811027
12400,unrelated,0.7604146558300671
12401,none,0.24713370215530453
12402,unrelated,0.7276333170496386
12403,none,0.027128307192533264
12404,none,0.00011886235277003388
12405,none,0.009966930661295082
12406,none,0.08484198431678008
12407,none,0.001375747249767705
12408,none,0.012895804647465403
12409,none,0.02002361322141441
12410,none,0.0010564234431399311
12411,none,0.05605280577078471
12412,none,0.00012168518211451811
12413,none,0.001699907226212871
12414,none,0.0010604323420330911
12415,none,0.02019367065355675
12416,none,0.01209017821932857
12417,none,0.00020352755885498486
12418,unrelated,0.7862263902075621
12419,none,0.0157432384328432
12420,none,0.0003305492999261919
12421,none,0.0008770526710549418
12422,none,0.0816829063172205
12423,none,0.00016881017728787118
12424,none,0.038522956260044754
12425,none,0.03586347677030695
12426,none,0.15965687903346099
12427,none,0.06041868378824245
12428,none,0.0014283853119656977
12429,none,0.02003601907468701
12430,none,0.02360618598955874
12431,none,0.0016478124834200573
12432,none,0.012367479000936099
12433,none,0.046749772373139
12434,none,0.07406668629764854
12435,none,0.012443698311263287
12436,none,0.01656454754568674
12437,none,0.024908485834776027
12438,none,0.029167761680479746
12439,none,0.0009388778196800687
12440,none,0.020254308059454034
12441,none,0.00020921044153947435
12442,none,0.06198370227560876
12443,none,0.03813609016358375
12444,none,0.0004424945925095135
12445,unrelated,0.7207780279899133
12446,none,0.051885043960814434
12447,none,0.0005430510844201046
12448,none,0.014254346495147887
12449,none,0.0013793853786632634
12450,none,0.0013941945286432774
12451,unrelated,0.6131673888983235
12452,none,0.011235840762851336
12453,none,0.0007414746842486339
12454,none,0.029734982535006553
12455,none,0.07627774646513573
12456,none,0.00046863803844961964
12457,none,0.02548803699345365
12458,none,0.0001552240835901634
12459,none,0.38202061394458825
12460,none,0.041942873392799875
12461,none,0.01625272116563696
12462,none,0.11056018475633309
12463,unrelated,0.13458326778538462
12464,none,0.29007750033410123
12465,none,0.0001366440752985057
12466,none,0.01580041177249506
12467,none,0.01349930865771164
12468,none,0.034779461461103243
12469,none,0.011130913500472912
12470,none,0.00017501190821635196
12471,none,0.019309894240062214
12472,none,0.012039763239351282
12473,unrelated,0.5196227293508734
12474,none,0.0036990492933684093
12475,none,0.009919047606309715
12476,none,0.0007048462281585774
12477,none,0.0007110912774957541
12478,none,0.024525186269046283
12479,unrelated,0.15431647581356744
12480,unrelated,0.7625650497099846
12481,none,0.0077204162679959795
12482,none,0.013345614227369044
12483,none,0.023083153897583374
12484,none,0.00020016316577816398
12485,none,0.00024533227872308635
12486,none,0.03329734066126342
12487,none,0.0018549033524850101
12488,none,0.15506268906767684
12489,none,0.005928703419546516
12490,none,0.33046497376554457
12491,none,0.045418516431598416
12492,none,0.06571741204991559
12493,none,0.005365770313534492
12494,none,0.013116193465039222
12495,none,0.25399100657948415
12496,none,0.00974949092538085
12497,none,0.0011517557953076424
12498,none,0.27209887191809484
12499,unrelated,0.7717264756453167
12500,none,0.0008365183245305502
12501,unrelated,0.1463694167548909
12502,none,0.04765546751463933
12503,unrelated,0.44907128863535284
12504,none,0.023542606530102893
12505,none,7.754848430221423e-05
12506,none,0.01849425030675167
12507,none,0.015852819569192506
12508,none,0.021093491474641398
12509,none,0.017485210925857093
12510,none,0.0002128696460831195
12511,none,0.00032284731515497224
12512,none,0.012841771409498664
12513,none,0.00397507985284415
12514,none,7.931540394370266e-05
12515,none,0.0011440738264902723
12516,none,0.00020016316577816398
12517,none,0.018380696656934665
12518,none,0.06362254011843384
12519,none,0.0007357574763651267
12520,none,0.08183938005153352
12521,none,0.00030273288688670156
12522,none,0.16294185921825272
12523,none,0.27510250895884103
12524,none,0.22338305726095442
12525,none,0.2310601556848352
12526,none,0.021526358266319226
12527,none,0.0010456972074018318
12528,none,0.1326651362423786
12529,none,0.005518476949395676
12530,none,0.016434516832420674
12531,none,0.00019446212160544485
12532,unrelated,0.6558265929804991
12533,none,0.05870926132719841
12534,none,0.017941435350498178
12535,none,0.019833704230396296
12536,none,0.0670499572001888
12537,none,0.059876981497263115
12538,none,0.0037207116677082843
12539,none,0.000743785881728208
12540,none,0.0007339350738302603
12541,none,0.02742535486419129
12542,none,0.01889008086397794
12543,none,0.0004331651939453468
12544,none,0.010299635607314997
12545,none,0.00016551125041430525
12546,none,0.00020570961776889856
12547,unrelated,0.6333561785380628
12548,none,0.0036690818120123482
12549,none,0.033723349760137356
12550,none,0.02736223206644482
12551,unrelated,0.7369347988304207
12552,none,0.0039097887512869025
12553,none,0.005602922220764588
12554,none,0.028908612572634985
12555,none,0.1946779688123028
12556,none,0.00042820771552867185
12557,none,0.0035383099422220364
12558,none,0.230995299278337
12559,none,0.23243756151883427
12560,none,0.0007862214788114505
12561,unrelated,0.5429056870083802
12562,none,0.044184152583691974
12563,unrelated,0.5954072958585089
12564,unrelated,0.3545027491388715
12565,none,0.021056585988982083
12566,unrelated,0.6673289941694561
12567,none,0.00018871038125354797
12568,none,0.09087255506033509
12569,none,0.01815951353765235
12570,none,0.018682602392187355
12571,none,0.011789717122130576
12572,none,0.01250202289080935
12573,none,0.0007877795349221326
12574,none,0.02966171253140716
12575,none,0.034262730658508385
12576,none,0.04117913451705852
12577,none,0.07314586458917069
12578,none,0.016109102614682
12579,none,0.00022314564296153694
12580,unrelated,0.7379242480907803
12581,none,0.03578478998200354
12582,none,0.0007656026264469392
12583,none,0.014280343945290182
12584,none,0.01276622515716154
12585,none,0.0011117141604665456
12586,none,0.012641309385981236
12587,none,0.020019624030720537
12588,none,0.02510028626704616
12589,none,0.014277526102573377
12590,none,0.020989628729846888
12591,none,0.06109550571633965
12592,none,0.0011703609638549655
12593,none,0.00020921044153947435
12594,none,0.00018941594118260677
12595,unrelated,0.6173196424500932
12596,none,0.01315615290137899
12597,none,0.013900976229450256
12598,none,0.08044034288341802
12599,none,0.15437063142939755
12600,none,5.246017957584107e-05
12601,none,0.020518857268585974
12602,none,0.07795962774117818
12603,none,0.026782505430738002
12604,none,0.12101786721155383
12605,none,0.0333498673703072
12606,none,0.029261512636501893
12607,none,0.02106836711913175
12608,none,0.010595269724631255
12609,none,0.08137552889687066
12610,none,0.03055550840972747
12611,none,0.13833692729352076
12612,none,0.0013299457166576919
12613,none,0.01275502342665283
12614,none,0.016066687872949015
12615,none,0.019786109852606475
12616,none,0.00012914949691140304
12617,none,0.12230975258118333
12618,none,0.3751428836564675
12619,none,0.023759856758171174
12620,none,6.660892363874713e-05
12621,none,0.06655017082363344
12622,none,0.026175207658785754
12623,unrelated,0.6468215778686495
12624,none,0.000579927113254556
12625,none,0.0001908948029540837
12626,none,0.06459195228565567
12627,unrelated,0.38908930840084177
12628,none,0.1179155282273748
12629,none,0.02251773136033795
12630,none,0.0008238723152891845
12631,none,0.0009816516183610647
12632,none,0.029263281392555435
12633,none,0.00018417516357476334
12634,none,0.04055370576777597
12635,none,0.03764339731657166
12636,none,0.022001334723510627
12637,unrelated,0.5125798712617738
12638,none,0.0033971756750195686
12639,none,0.0013644252538778203
12640,none,0.1363216342955322
12641,none,0.029543109820918057
12642,none,0.08369552630018065
12643,none,0.007057263839792633
12644,none,0.09121939121553019
12645,none,0.12452474843685771
12646,none,0.3542700239178649
12647,none,0.0022639528699334717
12648,unrelated,0.7380547914926352
12649,none,0.022487234973752875
12650,none,0.10762290768983357
12651,none,0.01291805110463825
12652,none,0.28400416591818145
12653,none,0.0031033885973282454
12654,unrelated,0.6339748499290878
12655,none,0.005383583137148402
12656,none,5.225342913128674e-05
12657,none,0.030529380086839412
12658,none,0.02235357734330696
12659,none,0.004891802001288622
12660,none,6.660892363874713e-05
12661,none,0.03864478737974514
12662,none,0.00020704034898134252
12663,none,0.017812173248184935
12664,none,0.00807352090696228
12665,none,0.0028525737657439515
12666,none,6.660892363874713e-05
12667,none,0.010898674467060134
12668,none,0.0011335169585236981
12669,unrelated,0.3540928369528704
12670,none,0.015475454567529762
12671,unrelated,0.17957416411904795
12672,none,0.03304479504009975
12673,none,0.4062606127157995
12674,none,0.00020921044153947435
12675,none,0.01538408366403152
12676,none,0.00023332894235053895
12677,none,0.0002823009655346983
12678,none,0.028540311490163825
12679,unrelated,0.6352007206394518
12680,none,0.009871323482235527
12681,none,0.13021056461825284
12682,unrelated,0.3819865445832242
12683,none,0.07815181139923122
12684,none,0.014072705154539879
12685,none,0.16385563910934897
12686,none,0.021457391511634918
12687,none,0.000728743918311614
12688,none,0.0001324137497725693
12689,none,0.0021892288860931937
12690,none,0.37720653214340716
12691,none,0.03261758715018108
12692,none,0.004455454427798929
12693,none,0.014202169420904642
12694,none,0.025190878558110356
12695,none,0.002105203394367503
12696,none,0.14691813867054124
12697,none,0.041397218512489876
12698,none,0.018404794388122814
12699,none,0.010259120110766112
12700,none,0.05951785788963146
12701,none,0.01560531910467234
12702,none,0.00030604175687426726
12703,none,0.06188076745992752
12704,none,0.0006440956795040358
12705,none,0.005548602158124174
12706,none,0.052724830905689676
12707,unrelated,0.6980344628554229
12708,none,0.06045902582949637
12709,none,0.0009019901580453653
12710,none,0.002135881215867601
12711,none,0.02258758905722377
12712,none,0.16077680477034484
12713,none,0.03166068406378887
12714,none,0.0039230755400780064
12715,none,0.029475839617586676
12716,none,0.01387573194542776
12717,none,0.0012381412093727016
12718,none,0.00012237209268536894
12719,none,0.0001794946705820702
12720,none,0.03451039660884669
12721,none,0.0015441422570914604
12722,none,0.01119620369781769
12723,unrelated,0.4357968727479612
12724,none,0.5220191671685303
12725,none,0.011007089493712742
12726,none,0.012230594414624018
12727,none,0.0002894145573295349
12728,none,0.0009416314987942904
12729,none,0.10042378247284117
12730,none,0.005076859918172353
12731,none,0.010286610881932536
12732,none,0.0007045881639506249
12733,none,0.00015610369698291566
12734,none,0.0002248225189954378
12735,none,0.01719393709807536
12736,unrelated,0.4996188973941498
12737,none,0.002108274799106749
12738,unrelated,0.4877820453702264
12739,none,0.017911636277746855
12740,none,0.01301955844383993
12741,none,0.025774693488201654
12742,none,0.014847210151532411
12743,none,0.004954173953835344
12744,none,5.20123417691328e-05
12745,none,0.06532978880175103
12746,unrelated,0.7094147863140438
12747,none,0.00018941594118260677
12748,none,0.07474517318014244
12749,none,0.00017356320555396974
12750,none,0.2749806459389591
12751,unrelated,0.6522606221007851
12752,none,0.039698626029951625
12753,none,0.07270178638311953
12754,none,0.13739483914171055
12755,none,0.1799323124649697
12756,none,0.04012536644517187
12757,none,0.03682361184226126
12758,none,0.03055479439269537
12759,none,0.0003988283273660381
12760,none,0.00055800551752038
12761,none,0.018379323034903635
12762,none,0.011376438988455305
12763,none,0.0002988749139753302
12764,none,0.14112735712435057
12765,none,0.0272724418693717
12766,none,0.0017042094479115927
12767,none,0.00041938992778625423
12768,none,4.246547103689961e-05
12769,none,0.000205497812527636
12770,none,0.010249769024390119
12771,none,0.014540365596562688
12772,none,0.02368988110530502
12773,none,0.0003169025556890012
12774,none,0.04075697100062066
12775,none,0.03108553609225068
12776,none,3.1957930502163425e-05
12777,none,0.18627325503824543
12778,none,0.027741249571090573
12779,none,6.660892363874713e-05
12780,none,0.015522313713633176
12781,none,0.13098921271359634
12782,none,0.01967010131737604
12783,none,0.003032095883571797
12784,none,0.06774181209294819
12785,none,0.06409382589150985
12786,none,0.026346610227042225
12787,none,0.0003034349234224482
12788,none,0.0002897529459586795
12789,none,0.0002793164226113836
12790,none,0.036859919462458195
12791,none,0.05787809743156415
12792,none,0.03350018690980293
12793,none,0.25513589115987645
12794,none,0.00018941594118260677
12795,unrelated,0.7402296484522747
12796,none,0.011445519237050408
12797,none,0.2728211322774484
12798,none,0.03384642498478162
12799,none,0.027907680137000193
12800,none,6.959916393878659e-05
12801,none,0.013367557157328696
12802,unrelated,0.519700389791389
12803,none,0.00024052259451735918
12804,none,0.03957789065426195
12805,none,0.077561170852302
12806,none,0.0006008985428992078
12807,none,0.524104384202697
12808,none,0.023940418376515612
12809,none,0.09523950612035709
12810,none,0.10596733011940854
12811,none,0.000632758664566686
12812,none,0.02590496298662507
12813,unrelated,0.40933360050667006
12814,none,0.07394183655948221
12815,none,6.660892363874713e-05
12816,none,0.003829558423443632
12817,none,0.00021219498446278903
12818,none,0.018605746793615183
12819,none,0.00018941594118260677
12820,none,0.00020895329623330503
12821,none,0.0002661659828075264
12822,none,0.026255231550679284
12823,none,0.023323430030073186
12824,none,0.037017201066570256
12825,none,0.008568719291290668
12826,none,0.06845041308511432
12827,none,0.017822085961740446
12828,none,0.06651188024086373
12829,unrelated,0.6649426036548287
12830,unrelated,0.6786149951280226
12831,none,0.011951419025888381
12832,none,0.1057238282062602
12833,none,0.19641168409978696
12834,unrelated,0.48592887912326865
12835,none,0.012842431267043795
12836,none,0.018630012608491356
12837,none,0.03364997778326833
12838,none,0.00020921044153947435
12839,none,0.01989434376688482
12840,none,1.8075690185422386e-05
12841,none,0.00021219498446278903
12842,none,0.0007784747841271193
12843,none,0.00018941594118260677
12844,none,0.013527824900227834
12845,none,0.409562268250048
12846,none,0.0034247945233211994
12847,none,0.08640273903963007
12848,none,0.008711379070516554
12849,none,0.02622439434805667
12850,none,0.00020485187515343885
12851,none,0.0005244497467467884
12852,none,0.00027843680921863136
12853,none,0.039813620106920966
12854,none,0.00011508897463382264
12855,none,0.0023634808124123425
12856,none,0.034324374858591265
12857,none,0.010921210321146074
12858,none,0.04310337700840487
12859,none,0.019915673702361712
12860,none,0.00042219802275462526
12861,none,0.01897254141504108
12862,none,0.10642372731907869
12863,none,0.09846198145465074
12864,none,0.009092296634833179
12865,none,0.0024416117754713167
12866,none,0.0004070412434149636
12867,none,0.2300593898730271
12868,none,0.05814431730837746
12869,unrelated,0.5735226770086893
12870,none,0.025482751724838142
12871,none,0.030087397280871512
12872,none,0.00013355424213941684
12873,none,0.0004453444437955678
12874,none,0.003132116457225659
12875,none,0.025102574411363876
12876,none,0.0009709471454186064
12877,none,0.1355323079685367
12878,none,0.00016540738297916545
12879,none,0.018847826394435045
12880,none,1.1544011544011544e-05
12881,none,0.007964040589429698
12882,none,0.015020485877970464
12883,none,0.013198404221553724
12884,none,0.00013065522885877292
12885,none,0.018138212078016892
12886,none,0.00012078882188217444
12887,none,0.053616532545687635
12888,none,0.012037269708478442
12889,none,0.037356262403209634
12890,none,0.00022410134354496563
12891,none,0.0004063100614412688
12892,none,0.0008860091363666816
12893,none,0.00010114115750724822
12894,none,0.09403137383613572
12895,none,0.0002461424976276556
12896,none,0.010223325442401456
12897,none,0.00014336170916372844
12898,none,0.009958352651618381
12899,none,0.041904553744980644
12900,unrelated,0.4187040692571543
12901,unrelated,0.720517611629272
12902,none,0.10214437054749471
12903,none,0.015006775276091846
12904,none,0.00034245668576259264
12905,unrelated,0.7307620664211443
12906,none,0.0006778981256711083
12907,none,0.00020921044153947435
12908,none,0.03882227567130791
12909,none,0.001918345035130308
12910,none,0.014276688588822735
12911,none,0.31177248244252515
12912,none,4.246547103689961e-05
12913,none,0.013025622173332465
12914,none,0.0005016707034666062
12915,none,0.022538185011718555
12916,none,0.037264567997175986
12917,none,0.009465015560628209
12918,none,0.006739457169634303
12919,unrelated,0.2807857209049287
12920,none,0.00044964066228834863
12921,none,0.0003567131169719964
12922,unrelated,0.4851654094229778
12923,none,0.02932194720258673
12924,none,0.00013608332902371518
12925,none,0.03742008633667748
12926,unrelated,0.4648855675319836
12927,none,0.00034467913317602384
12928,none,6.018606307812209e-05
12929,none,0.023905136828076646
12930,none,0.029397391372932524
12931,unrelated,0.5322676149102944
12932,none,0.0007446929714535966
12933,none,7.754848430221423e-05
12934,none,6.660892363874713e-05
12935,none,0.0002571053042847256
12936,none,0.08650813724764445
12937,none,0.018364481632072854
12938,none,0.056588053299342224
12939,none,0.48648606799624133
12940,none,0.019167038320107407
12941,unrelated,0.2989787662181554
12942,none,0.0063042709207357835
12943,unrelated,0.3281170662695561
12944,none,0.007370709574621945
12945,none,0.07179128441924953
12946,none,0.00019028181338473531
12947,unrelated,0.5010921352189204
12948,none,0.0032987205387369762
12949,none,0.06751895503711652
12950,none,0.006427051803670327
12951,none,0.00015610369698291566
12952,none,0.25628660117734314
12953,none,0.402435906116305
12954,none,8.938796691892935e-05
12955,none,0.31644344931360957
12956,none,6.660892363874713e-05
12957,none,0.0005558699389011028
12958,none,0.08275555810258732
12959,none,0.0006075008819468712
12960,none,9.618429670516772e-05
12961,none,0.05585102495712363
12962,none,0.27826854560947867
12963,none,0.3120311096254333
12964,none,7.754848430221423e-05
12965,none,0.00018941594118260677
12966,none,0.041841035309727444
12967,none,0.02539890714461811
12968,none,0.0
12969,unrelated,0.7547542632133131
12970,none,0.0393597113795813
12971,none,0.00033960343639360637
12972,none,0.07926803131787247
12973,none,0.0001975412757271959
12974,none,0.06659145341541964
12975,none,0.0001158404140439581
12976,none,0.01627865445955838
12977,none,0.0001943956267246595
12978,none,0.012993246619518848
12979,none,6.660892363874713e-05
12980,none,0.001695192857483746
12981,none,0.0007654875347045796
12982,none,0.00025183138770713056
12983,none,0.02816874189475183
12984,none,4.246547103689961e-05
12985,none,0.0001261200111799883
12986,none,0.020007351907806368
12987,none,0.01637796095590405
12988,none,0.004731834173522175
12989,none,0.014553047372413948
12990,unrelated,0.7702600085771194
12991,none,0.012230117077654505
12992,none,0.05084912699756362
12993,none,0.00896744739804761
12994,none,0.00020921044153947435
12995,none,0.006505649942145228
12996,none,0.013072837035056356
12997,none,0.021126745414775057
12998,none,0.439310674020766
12999,none,0.0006336369105296891
13000,none,0.007674412258402375
13001,none,0.024961204690538336
13002,none,0.035130072736158716
13003,unrelated,0.5814448747524373
13004,unrelated,0.18140453395649814
13005,none,0.06675334852511157
13006,none,0.08861577859873856
13007,none,0.2055983196019521
13008,none,4.6861075432504004e-05
13009,none,0.002515029972350219
13010,none,0.5404150739039195
13011,none,0.02322693498923835
13012,none,0.08963904108108943
13013,unrelated,0.08233382068690366
13014,none,0.0009387130204928928
13015,none,0.017773176874189854
13016,none,0.01000999470853894
13017,none,0.0002526859659099223
13018,none,0.03125277319997291
13019,none,0.0010178976040969253
13020,none,0.019972522499775477
13021,none,0.40355206783418124
13022,none,0.019569988746381755
13023,none,0.0013755375821013086
13024,none,0.003026885897637105
13025,none,0.004791652423253024
13026,none,0.00018941594118260677
13027,none,0.0006765617231269949
13028,none,0.038196017043917896
13029,none,0.020479026995061468
13030,none,8.406239352697962e-05
13031,none,0.07568983292696235
13032,none,1.1544011544011544e-05
13033,none,0.16271366609462393
13034,unrelated,0.6805957756279528
13035,none,0.323450872697098
13036,none,0.00021139486324001013
13037,none,0.02725904739583171
13038,none,0.25042302211764444
13039,none,0.2474187482102928
13040,none,0.009430166115900591
13041,none,0.21426027655452418
13042,none,0.058332964635449895
13043,none,0.018233040774794117
13044,none,0.00021219498446278903
13045,none,0.16846968841580448
13046,unrelated,0.614927429411835
13047,none,0.16255874983872196
13048,none,0.013192692480442428
13049,none,0.0005383652263021247
13050,none,0.002813610338408674
13051,none,0.012794723195889122
13052,none,0.108755592727641
13053,none,0.004114601223253771
13054,unrelated,0.53146034792489
13055,none,0.03833923433608936
13056,unrelated,0.5825977427592351
13057,none,0.0016088964447309203
13058,none,0.022146283564479965
13059,none,0.004583584304009955
13060,none,0.02936035296639226
13061,none,0.01333133474782035
13062,unrelated,0.7109804886228985
13063,none,0.0014157799752536728
13064,none,0.0014573437603914963
13065,none,0.0008763914209468323
13066,none,0.00012854689434891364
13067,none,0.0153207056824701
13068,none,0.0008693752768296919
13069,none,0.08645182622479564
13070,none,0.0017509342023464983
13071,none,0.0237348675594696
13072,none,0.06904505420557613
13073,unrelated,0.34715056912413933
13074,none,0.13346180175798333
13075,none,0.08480834035822647
13076,none,0.016503024734278268
13077,none,0.016911407371880575
13078,none,0.0785203408039693
13079,none,0.06884475227063074
13080,none,0.00010052062343167463
13081,none,0.15559291156793167
13082,none,0.04125616090225488
13083,none,0.0005032907806364985
13084,none,0.3631315223444592
13085,none,0.009282955333209164
13086,none,0.0029492942393672967
13087,none,0.00027521997190542224
13088,none,0.00026229636512131006
13089,none,0.002823897545290007
13090,unrelated,0.64449681635657
13091,none,0.0002772080881015243
13092,none,0.014900017655563796
13093,none,0.2648117761347963
13094,none,0.00022856746509885767
13095,none,0.00017903885718007458
13096,none,0.02632206039792766
13097,none,0.0011258342050039546
13098,none,0.1282724216591761
13099,none,0.0003144621277307276
13100,none,0.0037889893911641753
13101,none,0.08843268822159739
13102,none,0.027342204706595118
13103,none,0.016583094021710258
13104,none,0.12796137891901807
13105,none,0.00626458432158269
13106,none,0.048367049050576344
13107,none,0.021484739720646115
13108,none,0.000246452593034582
13109,none,0.015630993930766193
13110,none,0.020444144020626602
13111,none,0.07176694822385374
13112,none,0.05001933993157149
13113,none,0.06576661522495246
13114,none,0.41787827153966844
13115,none,6.660892363874713e-05
13116,none,0.5229887199125566
13117,none,0.012929976837564229
13118,none,0.05055864718613634
13119,none,0.002274561217869179
13120,none,0.05892454747318277
13121,none,0.018859191148588743
13122,none,0.0007352022684960955
13123,none,0.05382559039319405
13124,none,0.006814398112206807
13125,none,0.0009244094063368051
13126,none,0.4692664283857194
13127,none,0.013826916698976836
13128,none,0.04906484366852668
13129,none,0.001413416207634344
13130,none,0.018066079614734835
13131,unrelated,0.5760578166964667
13132,none,0.005096467942904703
13133,none,0.0008679982939415187
13134,none,0.007988885502002892
13135,none,0.6805106526291738
13136,none,0.011888387762743157
13137,none,0.002615517625558011
13138,none,0.014065598685016667
13139,none,0.008237099686048287
13140,none,0.020710808487365936
13141,none,0.027399102742998598
13142,none,0.019546850968182202
13143,none,0.002135881215867601
13144,none,0.010082838414260633
13145,none,0.02316119479171876
13146,unrelated,0.46282875343815705
13147,none,0.08822551807332145
13148,none,0.0003840135125512232
13149,none,0.011358957266750538
13150,none,0.01759925064068411
13151,none,0.10879890326904601
13152,none,4.246547103689961e-05
13153,unrelated,0.37412072493081167
13154,none,0.2613675706789304
13155,none,0.45882797774450096
13156,none,0.013759418961285559
13157,none,0.0016439192909685006
13158,unrelated,0.6945707500906336
13159,none,0.2748825999642818
13160,none,0.002031801908157804
13161,none,0.00029319637472430217
13162,unrelated,0.5071177607725076
13163,none,0.0649568823795107
13164,none,0.0021984904140554184
13165,unrelated,0.3305117833977511
13166,none,0.0017493399014288917
13167,unrelated,0.703461284268555
13168,none,0.014028998792335746
13169,none,0.03016211866033359
13170,none,0.00018941594118260677
13171,none,0.017122291871442014
13172,none,0.0006349861517398439
13173,none,0.046804870915908896
13174,none,0.018166915674660084
13175,none,0.017020130450139913
13176,none,0.047049270293511185
13177,none,0.020274702871470505
13178,none,0.2348571885401717
13179,none,0.002998123230619573
13180,none,0.00013065522885877292
13181,none,0.0006244777210104658
13182,none,0.008603423361801997
13183,none,0.008526891397012567
13184,none,0.034276343817717526
13185,none,0.18363924804699752
13186,none,0.07916906922334897
13187,none,0.015132705038856635
13188,none,0.0009229214338556045
13189,none,0.5744516513331362
13190,none,0.0672830661807882
13191,none,0.0036092117011245835
13192,unrelated,0.7125917440135433
13193,none,0.06956693667260777
13194,none,0.027487430424139096
13195,none,0.00017389556643873313
13196,none,0.06611604595415473
13197,none,0.6274059989732216
13198,none,0.12353904989560785
13199,none,0.01575554125126977
13200,none,1.593961593961594e-05
13201,none,0.15665368733538612
13202,none,0.12360519956575577
13203,none,0.00018941594118260677
13204,none,0.0424577230525561
13205,none,0.11783409738539392
13206,none,0.00020895329623330503
13207,none,0.01229575823815118
13208,none,0.012977810501255975
13209,unrelated,0.6007159024787644
13210,none,0.018778837069273125
13211,none,0.00015121503625093358
13212,none,0.0007665470240090794
13213,none,0.02436650697936769
13214,none,0.10019403953329654
13215,none,0.0236704945444188
13216,none,0.0005581685354684913
13217,none,0.01682628381767597
13218,none,0.012977824468772133
13219,none,0.08097885762499908
13220,unrelated,0.3386699813297075
13221,none,0.00017003889840497825
13222,none,6.273366948739942e-05
13223,unrelated,0.29761127667469706
13224,none,0.010857611841214605
13225,unrelated,0.18415443033278966
13226,unrelated,0.6383578223374484
13227,none,0.058085352921707835
13228,unrelated,0.7096691790870402
13229,none,0.09735596800810187
13230,none,0.016895695051830747
13231,none,0.012508317889376473
13232,none,0.01663477732070121
13233,none,0.0011751735668541839
13234,none,0.07483103594729937
13235,none,0.014534308277185689
13236,none,8.29765844671565e-05
13237,none,0.36231650365414725
13238,none,0.06265560800484166
13239,none,0.00023155163689199266
13240,none,0.02027193058633394
13241,none,0.00014128888216810085
13242,none,0.01442478284807117
13243,none,7.754848430221423e-05
13244,none,0.10606753222370426
13245,none,0.009910649271904163
13246,none,0.026692276234851053
13247,none,0.0005895265391798816
13248,none,3.28905050002372e-05
13249,none,0.1415135684697544
13250,none,0.00042723638062317187
13251,none,0.00166484946448705
13252,none,0.01545291788579079
13253,none,0.025514959488382595
13254,none,0.019109916253014475
13255,none,0.02991188112742305
13256,none,0.3308922824550613
13257,none,0.3099371665101569
13258,unrelated,0.7051500138100623
13259,none,0.06824146922651145
13260,none,0.02446749559200842
13261,none,0.14237224695647088
13262,none,0.0002416693703138935
13263,none,0.00043701444885905106
13264,none,0.0011561541882279943
13265,none,0.0001552240835901634
13266,none,0.02988656460529829
13267,none,0.024711600548529115
13268,none,0.0219386831341271
13269,none,0.012845548226230479
13270,none,0.00017003889840497825
13271,none,0.13124930377562433
13272,none,0.020426917594627975
13273,none,0.05092274432444967
13274,none,0.014679012167120668
13275,none,0.0008312604582864721
13276,none,0.4125591615999391
13277,none,0.04101395960281306
13278,none,0.004478373041766279
13279,none,0.006045301558547044
13280,none,0.0011501151554049868
13281,none,0.020605815816639107
13282,none,0.07572836759397761
13283,unrelated,0.6854034642247392
13284,none,0.047640578880864
13285,unrelated,0.7129751475684611
13286,none,0.00015042081429842615
13287,none,0.16380923711095807
13288,none,0.02934874868640882
13289,none,0.0021183052854129854
13290,none,0.09120804440697437
13291,none,0.41886824983429394
13292,none,0.029496445664581553
13293,none,0.5583723803409959
13294,none,0.063298609681811
13295,none,0.09851738183078855
13296,none,0.06024890409480709
13297,none,0.000707318035061025
13298,unrelated,0.31624057767913566
13299,none,0.020519309097298873
13300,none,0.014686353361728884
13301,none,0.016515172482539624
13302,none,0.0009907647143006465
13303,none,0.3369303432825637
13304,none,0.016803435123618572
13305,none,0.0009894516553118366
13306,none,0.6106216510585969
13307,none,0.0038958840713915095
13308,none,0.0009930049141233831
13309,none,0.015263200915273471
13310,none,0.10356561940407058
13311,unrelated,0.522307981224455
13312,none,0.07118371907233621
13313,none,0.011734973066728667
13314,none,0.0002943942312554815
13315,none,0.04186099079353382
13316,none,0.13110829406283384
13317,unrelated,0.2306712036618175
13318,none,0.00018941594118260677
13319,none,0.012026003112913805
13320,none,0.024732175257942465
13321,none,0.026044102505512475
13322,none,0.0004170913095360764
13323,none,0.000742180009422217
13324,none,0.0036478305966381377
13325,none,0.07898563522695863
13326,none,0.0001802221977939803
13327,none,0.0007151847401815586
13328,none,0.012404428044203554
13329,none,0.020502486971530044
13330,none,0.049909184607883406
13331,none,0.48125480333952275
13332,none,0.0010721847046917911
13333,none,0.0005016707034666062
13334,none,6.660892363874713e-05
13335,none,0.12242951265477554
13336,none,0.0007341420874584092
13337,none,0.3121780108746861
13338,none,0.016670402097310553
13339,none,6.660892363874713e-05
13340,none,0.01706750691025694
13341,none,0.00022191692184442987
13342,none,6.660892363874713e-05
13343,none,0.1313277396034185
13344,none,0.057902408042768486
13345,none,0.007256298260937405
13346,none,0.011993175056879515
13347,none,0.00019413848141849023
13348,none,0.1484523105658513
13349,none,0.13676409023820102
13350,none,0.012921118336461115
13351,none,0.011293793166193035
13352,none,0.025890438474741862
13353,none,0.08245754932955411
13354,none,0.00017389556643873313
13355,none,0.029401902969760352
13356,none,0.013067891319172157
13357,none,0.015428136370519357
13358,none,0.131539782862839
13359,none,0.024053640728869286
13360,none,5.7280285851714424e-05
13361,none,0.010026920143918615
13362,none,0.0640671326901967
13363,unrelated,0.718140922997953
13364,none,0.09183448239340708
13365,none,0.07432000638271608
13366,none,0.013972424755884352
13367,none,0.00012078882188217444
13368,none,0.044091354572092255
13369,none,0.026940353951182282
13370,none,0.025501121142290407
13371,none,0.0002997490175785048
13372,none,0.0868040693048014
13373,none,8.938796691892935e-05
13374,none,0.008511915475165492
13375,none,0.2789909735935865
13376,none,0.002394080159557526
13377,none,0.015752051718617207
13378,none,0.020089099944128237
13379,none,0.016383267074997675
13380,none,0.06758800466276667
13381,none,0.0008110807124995074
13382,unrelated,0.6362532147448989
13383,none,0.032347602500546246
13384,none,0.06286635435832273
13385,none,6.660892363874713e-05
13386,none,0.024472606448525315
13387,none,0.00016153179714785795
13388,none,0.011896169449287985
13389,none,0.036811125665692584
13390,none,0.00888903017782226
13391,none,0.12380544020715138
13392,none,0.016420527086181757
13393,none,6.660892363874713e-05
13394,none,0.026153934897304332
13395,unrelated,0.4063276837276551
13396,none,0.01686768729986262
13397,none,0.026575902155179944
13398,none,0.00021240765556890948
13399,none,0.09937075275892053
13400,none,0.0630374833117685
13401,none,0.01957214926396435
13402,none,0.07338008702151692
13403,none,0.0036039535654717263
13404,none,0.013885272595323185
13405,none,0.02656812103326678
13406,none,0.0051688978857492044
13407,none,0.06489961034851319
13408,none,0.015563050814959819
13409,none,0.024293607210127056
13410,none,0.06042178491894865
13411,none,0.4186999402981252
13412,none,0.0003008640570697906
13413,none,0.003340467291687618
13414,none,0.02948381694459154
13415,none,6.363002971974308e-05
13416,none,0.003253825113857866
13417,none,0.015419777782692443
13418,none,0.00035959956211184383
13419,none,0.00251304384363183
13420,none,0.18867422024504862
13421,unrelated,0.684592539554629
13422,none,0.0004966645222177444
13423,none,0.010068795737332954
13424,none,0.02083234481936784
13425,none,0.021544155699341205
13426,none,0.13937176077472194
13427,none,0.0006792369145696092
13428,unrelated,0.2242145199593524
13429,none,0.019596807444040618
13430,none,0.17784133964088436
13431,unrelated,0.16146855301089943
13432,none,0.0004903052668026168
13433,none,0.0004203698904584761
13434,none,0.03639238489007282
13435,none,0.0013696045700551927
13436,none,0.013271887947881544
13437,none,0.001975490063582173
13438,none,0.39225762562956484
13439,none,0.01843317507710189
13440,none,0.013699257315159507
13441,none,0.0001380735682908052
13442,unrelated,0.5504564671085221
13443,none,0.010658932536328589
13444,none,0.00146119677013619
13445,none,0.024532351547538314
13446,none,0.01204295211578457
13447,unrelated,0.358636289901479
13448,none,0.024395830788595294
13449,none,0.0001688572085701866
13450,none,0.0007813424480511366
13451,none,0.1822526849413283
13452,none,0.0023479333910991
13453,none,0.0006086401637556214
13454,none,0.004614386282919793
13455,unrelated,0.3092600503684263
13456,none,0.00034661637961369866
13457,none,0.00017546699856992054
13458,none,0.0006780380549446879
13459,none,0.00018941594118260677
13460,none,0.017458684225656506
13461,none,0.16228346557091514
13462,none,0.0008714970464040892
13463,none,0.013926876157640478
13464,none,9.094565739501222e-05
13465,none,0.028118257785897847
13466,none,0.00012078882188217444
13467,none,0.00018941594118260677
13468,none,0.02627267800866007
13469,none,0.06486854034676032
13470,none,0.023754775795316475
13471,none,0.03664520312934505
13472,none,6.959916393878659e-05
13473,none,0.03642903839400863
13474,none,0.0007377995973444454
13475,none,0.0026891898183813074
13476,none,0.0108752395082174
13477,unrelated,0.6045222389545143
13478,none,0.0014016943182286448
13479,none,0.019953759202422438
13480,none,0.015880198619330172
13481,none,0.00033294316203787816
13482,none,0.021636139880223237
13483,none,0.00042219802275462526
13484,none,0.01899285620966155
13485,none,0.12998426557712234
13486,none,0.02146354652023416
13487,unrelated,0.6520999638027273
13488,none,0.0
13489,unrelated,0.7343406382367108
13490,none,0.044198223632446014
13491,none,0.16324687187170284
13492,none,0.005765408464297874
13493,none,0.03715702120099242
13494,none,0.5284199654739465
13495,none,0.017851157699691006
13496,none,0.015191149130203667
13497,none,0.011054009242357766
13498,none,0.00022734502200937216
13499,none,0.2691245228358051
13500,none,0.01208603666375002
13501,none,0.0017892277621672024
13502,none,0.0002603877944566446
13503,none,0.0007689936884083256
13504,none,0.0009385326579913095
13505,none,0.025895517312662483
13506,none,0.0007841710569503326
13507,none,0.01087657270001124
13508,none,0.004520259693917986
13509,none,0.20471791505487155
13510,none,0.0003542840882348309
13511,unrelated,0.5442987586012104
13512,none,0.00017154327060837454
13513,none,0.069581709600295
13514,none,0.00039601549822589185
13515,none,0.04846700632592763
13516,none,0.0010515620484054077
13517,unrelated,0.3492290169953193
13518,none,0.0001802221977939803
13519,unrelated,0.36634850967391586
13520,none,0.011445412470554915
13521,none,0.06034438689268635
13522,none,0.07654196955747537
13523,none,0.02956181051824831
13524,none,0.022200649596424708
13525,none,0.014216431188482918
13526,unrelated,0.6469322234879623
13527,none,0.0013622823270970938
13528,none,0.008923443985637172
13529,none,0.11237849080350398
13530,none,0.08394991677633622
13531,none,0.0005676774333740128
13532,none,0.03225874268230063
13533,none,0.007520071198682684
13534,none,0.0006075008819468712
13535,unrelated,0.6250305585975052
13536,none,0.04350378181838807
13537,none,0.016854735701528848
13538,none,0.00025879965913291626
13539,none,0.0006657600487912127
13540,none,0.015417347830737262
13541,none,0.011676922434857287
13542,none,0.00022024348706330452
13543,none,0.019936517987522398
13544,none,0.003159028682413285
13545,unrelated,0.5241857770369159
13546,none,0.4991839163836335
13547,none,0.05644819869082021
13548,none,0.025004159113034333
13549,unrelated,0.6640957724315664
13550,none,0.1270459947275527
13551,none,6.660892363874713e-05
13552,none,0.010084413978753601
13553,none,0.00012168518211451811
13554,unrelated,0.23887730377327226
13555,none,0.012043405252123537
13556,none,0.0038557794007672446
13557,none,0.0029207717021808564
13558,none,0.0009368212261610251
13559,none,0.0011595034021653035
13560,none,0.008900954371925115
13561,none,0.0007662624976598878
13562,none,0.00022191692184442987
13563,none,0.0020083411797315502
13564,none,0.05757719243507966
13565,none,0.0008915253215739793
13566,none,0.20821746937676697
13567,none,0.07244049121361866
13568,none,4.5480663127721955e-05
13569,none,0.3855080152531913
13570,none,0.2626303905500959
13571,none,0.018990321797974212
13572,none,0.00018941594118260677
13573,none,0.0025594627770613287
13574,none,0.0006179011899434323
13575,unrelated,0.4973093618822829
13576,none,0.011604402482801588
13577,none,0.028163849471682035
13578,none,0.09546083637271612
13579,none,0.04189418253019391
13580,none,0.05581670196073716
13581,none,0.0002814664186792272
13582,none,0.47190428786916117
13583,none,0.027410461781210316
13584,none,8.016032064128256e-05
13585,none,0.033025415064763745
13586,none,0.0004609872655566369
13587,none,0.012795090236966337
13588,none,0.0006847348383224302
13589,unrelated,0.7217330626065066
13590,unrelated,0.42133575697784914
13591,none,0.00014336170916372844
13592,none,0.08648328839358746
13593,none,0.00017041661344544985
13594,none,0.00014185953062714613
13595,none,0.08050898568149795
13596,unrelated,0.7105737395353485
13597,none,0.010691497376434943
13598,none,0.000630529628980753
13599,none,0.07301818173905734
13600,none,0.00023326718751923641
13601,none,0.003350380162079897
13602,none,0.0001032494920171075
13603,none,0.01922964207851391
13604,none,0.05623394168642285
13605,none,0.10334428482237724
13606,none,0.05278047675193151
13607,none,0.00019413848141849023
13608,none,0.004419018544319357
13609,none,0.037712496004081754
13610,none,0.025769819195731927
13611,none,0.2426708813847025
13612,none,0.002365181202805019
13613,none,0.0030461105670045794
13614,none,0.025572153693433856
13615,none,0.0039011390523003915
13616,none,0.014497473312328505
13617,none,0.1288380186062353
13618,none,0.011205254405252345
13619,none,0.3141290068917419
13620,unrelated,0.5694295123634515
13621,none,0.02464995668248341
13622,none,0.058808007234869654
13623,none,0.01455283686046039
13624,none,5.8785107772697586e-05
13625,none,0.00016170280112625272
13626,none,0.002385127812290027
13627,unrelated,0.5920751789126271
13628,none,0.1956768432144716
13629,none,0.0013148785505275448
13630,none,0.00112378204264327
13631,none,0.0003973801696479742
13632,none,0.25790178039415596
13633,none,0.02767613006789642
13634,none,0.010647821456062684
13635,none,0.1703297797312363
13636,none,0.00013560363669698925
13637,none,0.09197569766809735
13638,none,0.026542513809923462
13639,none,0.0002954787489876512
13640,none,0.2246559262203342
13641,none,0.013536284021587488
13642,none,0.0024586447563656024
13643,none,0.017788374837218443
13644,none,6.660892363874713e-05
13645,none,0.00011673677427630177
13646,none,0.08113077585302855
13647,none,0.0040125786639787055
13648,none,0.021504565237134034
13649,none,0.00035121868620286817
13650,none,0.0005937826891323677
13651,none,0.0002885455149549056
13652,none,0.02275801310827015
13653,none,0.03186349458787163
13654,none,6.660892363874713e-05
13655,none,0.013748333355608768
13656,none,0.00745449782535191
13657,unrelated,0.4592355523529821
13658,none,0.06636308866361113
13659,none,0.0005088438250554696
13660,none,0.0023692211572333122
13661,none,0.01153647655732778
13662,none,0.0008646408875324804
13663,none,0.00265642881170147
13664,none,0.00029523242284281207
13665,unrelated,0.6597806625414248
13666,none,0.030891734045661586
13667,none,0.000874974380973029
13668,unrelated,0.6209843851065012
13669,none,0.03935842914225626
13670,none,0.009576928186426215
13671,none,0.01103698747532328
13672,none,0.12987498156827404
13673,none,0.012859679861447353
13674,none,0.001274900541353545
13675,none,0.009659944368082384
13676,unrelated,0.28538127842733796
13677,none,0.007415942031313491
13678,none,0.0008729265322024868
13679,unrelated,0.7150204497056792
13680,none,0.35754661835623913
13681,none,0.027110916982810887
13682,unrelated,0.6414155531530352
13683,none,0.06587426398136163
13684,none,0.008734015079823361
13685,unrelated,0.3563123291223026
13686,unrelated,0.5470989650477694
13687,none,0.01563062364730527
13688,unrelated,0.5655059782057951
13689,none,0.0009369527993180487
13690,none,0.16002503509959926
13691,none,0.04428968582328607
13692,none,0.02423466018207602
13693,none,0.008321621757118262
13694,none,0.00015930091101235076
13695,none,0.0011555375699828395
13696,none,0.00010178340084850478
13697,none,0.0019098086552236876
13698,unrelated,0.24047611527439194
13699,none,0.18027564012975175
13700,none,0.16424492121350429
13701,none,0.16920781084030284
13702,unrelated,0.30423324237059524
13703,none,0.006028978709330798
13704,none,0.13304692179421398
13705,none,0.06004992265004889
13706,none,0.0009329292563903409
13707,none,0.07473999750300299
13708,none,0.14379332884067178
13709,none,0.06623663309363335
13710,none,0.11876000564734535
13711,unrelated,0.6988509760480391
13712,none,0.015738945057886457
13713,none,7.754848430221423e-05
13714,none,0.00016099149319720183
13715,none,0.013541405030026623
13716,none,0.08026301930338534
13717,unrelated,0.7310708589131129
13718,unrelated,0.73237766596305
13719,none,0.05818232133935676
13720,none,0.007761639040590882
13721,none,0.1261059054795251
13722,none,0.0153024452175546
13723,none,0.06593595348153668
13724,none,0.02542498890489049
13725,unrelated,0.687559695882823
13726,none,0.014101025197369572
13727,unrelated,0.6852614253771034
13728,none,0.0621122502247028
13729,none,0.00012728428625785517
13730,none,0.02152274241675545
13731,none,0.08256425437529272
13732,none,0.1293048752601143
13733,none,0.0017482697808852384
13734,none,0.044430287753998335
13735,none,0.054665587377818535
13736,none,8.016032064128256e-05
13737,none,0.02481324605510636
13738,unrelated,0.7146974019431543
13739,none,0.0005094612327348181
13740,unrelated,0.5399225944407341
13741,none,0.00405577737261472
13742,none,0.0007999634527159484
13743,none,0.0001802221977939803
13744,none,0.07509094608182225
13745,none,0.009969804299373216
13746,none,0.012613784772865979
13747,none,0.04397742758007088
13748,none,0.0680263064875999
13749,none,0.011115904279045012
13750,none,0.00029599687070612073
13751,none,0.01454601628647436
13752,none,0.016683163989607265
13753,unrelated,0.3429021274095465
13754,none,0.009456518954269532
13755,none,0.010403399083755989
13756,none,0.026065277148086752
13757,none,0.012308087267094552
13758,none,0.022717539263977113
13759,none,0.00028514115561435017
13760,unrelated,0.6507140645112947
13761,none,0.0017387970925166404
13762,none,0.013111624493913737
13763,unrelated,0.3349510314799381
13764,none,0.02577605590641392
13765,none,0.021525205539975372
13766,none,0.0005994934948649526
13767,none,0.021877692473748617
13768,none,0.06397733898191817
13769,none,0.012169530201654295
13770,none,0.00023789599217768228
13771,none,0.14520101596737767
13772,none,0.00492618469137433
13773,none,0.018667098479127345
13774,none,0.0021953008548054403
13775,none,0.00018941594118260677
13776,none,0.07497829378576294
13777,none,0.14924379449721267
13778,none,0.01954571959786411
13779,none,0.009946999680133245
13780,none,0.017978939707995623
13781,none,0.0934891659521375
13782,none,0.00018076402627121817
13783,none,0.002229009519943551
13784,none,0.18348467635070617
13785,none,0.07817193770098194
13786,none,0.022878133877087897
13787,none,0.0009370681137310445
13788,none,0.0009477083475186437
13789,none,0.012364171593754938
13790,none,0.0005054594257245242
13791,none,0.0021188077112948896
13792,none,0.0018420625198550347
13793,none,0.02671490408822827
13794,none,0.30031833016460974
13795,none,0.15002647724539295
13796,none,0.028482785398796357
13797,unrelated,0.6544797963703316
13798,unrelated,0.4239710327857152
13799,none,0.014683285487258821
13800,none,0.022712936831984453
13801,none,0.013602780980766664
13802,none,0.015814069708883476
13803,none,0.0002416693703138935
13804,none,0.06030837233630791
13805,unrelated,0.4205122004051048
13806,none,0.06090559529419937
13807,none,0.026084227616270633
13808,unrelated,0.755729337365238
13809,none,7.754848430221423e-05
13810,none,0.020576241012771
13811,none,0.034709399542191884
13812,none,0.013640130746372096
13813,none,7.931540394370266e-05
13814,none,0.00013560363669698925
13815,none,0.014717141159249873
13816,none,0.00023166349785679472
13817,none,0.01744084229157326
13818,none,0.041530610425831095
13819,none,0.2254831648041467
13820,none,0.01747307741777362
13821,none,0.09568457882872221
13822,none,0.017093624656085576
13823,none,0.00016523562911324098
13824,none,0.0
13825,none,0.12633586305908545
13826,none,0.044198072699862555
13827,none,0.0009610627188746078
13828,none,0.001848394250777048
13829,none,0.011341383986478083
13830,unrelated,0.6781497599407147
13831,none,0.1543507839284092
13832,none,0.015012710389699873
13833,none,0.027475013027037466
13834,none,0.012095670963212407
13835,none,0.00010114115750724822
13836,none,0.0007355568075775868
13837,none,0.0009593253420744096
13838,none,0.028234790337069823
13839,none,0.0011602976665200707
13840,none,0.008021372341687651
13841,none,0.015538528509433406
13842,none,0.6701658832699379
13843,none,0.0019446651072747517
13844,none,0.011369492246651
13845,none,0.042662482682006925
13846,none,0.1845656645774248
13847,none,0.0009341622700907111
13848,none,0.011172154243033567
13849,none,0.021778158439393035
13850,none,0.24980580209651432
13851,none,0.038203503987404075
13852,none,0.0015495312912823828
13853,none,0.043400209003192886
13854,none,0.031782304733914385
13855,unrelated,0.7214044012177012
13856,none,0.0001324137497725693
13857,unrelated,0.15452864683079467
13858,none,0.06891469627305563
13859,none,0.02124217146921449
13860,unrelated,0.6430345170119393
13861,none,0.027478896497772673
13862,none,0.06811573488327506
13863,none,0.013055961881818234
13864,none,0.03733425420499167
13865,none,0.00042641478328438095
13866,none,0.013443337811549686
13867,none,0.08095580556564125
13868,none,0.13435971759898757
13869,none,0.0014821179820481286
13870,none,0.011201329777882598
13871,none,0.02360226238987408
13872,none,0.04124418428932394
13873,none,0.03705625316372723
13874,unrelated,0.6421830302660169
13875,none,0.0018192329816143485
13876,none,0.03503168739442361
13877,none,0.020861363218902085
13878,none,0.011917693473200479
13879,none,0.09425815545937166
13880,none,0.010057280285851716
13881,none,0.5120753199925494
13882,none,0.000590219615772838
13883,none,0.0012421432395312302
13884,none,0.003793786476202989
13885,none,0.030744504793256758
13886,none,0.004022561395875593
13887,none,0.06940447483581619
13888,none,6.018606307812209e-05
13889,none,0.01155525169284501
13890,none,0.4070899305823136
13891,none,0.00561168844885864
13892,none,0.08909824861792877
13893,none,0.191628451210489
13894,none,0.15076986845901236
13895,none,0.0017484533293776004
13896,none,0.018628190413033582
13897,unrelated,0.2983798553256026
13898,none,0.00021455240037664212
13899,none,0.007777851046577105
13900,none,0.09720348661759379
13901,none,0.00027457315210411453
13902,none,0.0036310679098548095
13903,none,0.00017003889840497825
13904,none,6.531678641410843e-06
13905,none,0.007495134939405874
13906,none,0.050621579075236234
13907,none,0.053936173749001996
13908,none,0.06972996285889059
13909,none,0.0009037016554683211
13910,none,0.0010839794174479192
13911,none,0.0003225953624541012
13912,none,0.000603889789800551
13913,none,0.01581272813920711
13914,none,0.14911267859592223
13915,none,0.20604721085680566
13916,none,0.000586087138613267
13917,none,0.00018941594118260677
13918,unrelated,0.8064925048352061
13919,none,0.09737647674952182
13920,unrelated,0.48364850883689997
13921,none,0.00011237256057591194
13922,none,0.00027886165112945573
13923,none,0.004532260189789163
13924,none,0.00025233532227481937
13925,none,0.0008114292674058257
13926,none,0.05207062803931649
13927,none,0.00021790664083803804
13928,none,0.10278471654164045
13929,none,0.04065864395178811
13930,none,0.23184656640733864
13931,none,0.02344802145972661
13932,none,0.00036811646132718927
13933,none,0.024591798319270892
13934,none,0.017833431050156966
13935,none,0.0003215943244279722
13936,none,0.003330526325196753
13937,none,0.014222196334446798
13938,none,0.1448497535815125
13939,none,0.02808604935284092
13940,none,0.0002903436269196629
13941,unrelated,0.7461671400477553
13942,none,0.0010090575004743697
13943,none,0.0002253300646620727
13944,none,0.059455940889222604
13945,none,0.24090022251378201
13946,none,0.016389993246481774
13947,none,0.024205284974391197
13948,none,0.05725492453820617
13949,none,0.03905258632923239
13950,none,6.660892363874713e-05
13951,none,0.0001158404140439581
13952,none,0.013564570889427663
13953,none,0.00017389556643873313
13954,none,0.00018941594118260677
13955,none,0.016123270475329195
13956,none,0.020581730353575894
13957,none,0.18388381187644587
13958,none,0.0003973801696479742
13959,none,0.0037711527353837715
13960,none,0.00043300744594044674
13961,none,0.00016540738297916545
13962,none,0.012727012804077701
13963,none,0.00024330346623486349
13964,none,0.14980799408278803
13965,unrelated,0.3343589648035972
13966,none,0.1447204672789468
13967,none,0.09623020236643264
13968,unrelated,0.561665912063952
13969,none,0.01744786601193522
13970,none,0.02070476938029238
13971,none,0.0001144993399348559
13972,none,0.0023120362663548192
13973,none,0.015791272177991648
13974,none,0.00022879372467175438
13975,unrelated,0.5781398759035395
13976,none,0.005354452163025099
13977,none,0.00030078491284419364
13978,none,0.02184433601118712
13979,none,0.05946597640541479
13980,none,0.0027348171142203
13981,none,0.035182016719997586
13982,unrelated,0.285991325030937
13983,none,0.015983864160483616
13984,none,0.255646655205414
13985,none,0.08390898998078647
13986,none,0.07778876218312447
13987,none,0.16861287603765093
13988,none,0.006189096602918598
13989,unrelated,0.4094082029597593
13990,none,0.0002260682571720807
13991,none,0.16056646761095028
13992,none,0.017268574444225405
13993,none,0.007010538017389457
13994,unrelated,0.5516876289474787
13995,none,0.0008436873967701396
13996,unrelated,0.6638449000115422
13997,none,0.0009794056633595503
13998,none,0.013141656439895693
13999,none,7.754848430221423e-05
14000,unrelated,0.735439256236267
14001,none,0.47643801622688803
14002,none,0.29965270009143125
14003,none,0.001331055914432151
14004,none,0.00010587709620023121
14005,none,0.0002808975876937106
14006,none,0.0005708918024186367
14007,none,0.0001552240835901634
14008,none,0.05675613040565106
14009,none,0.039738052380559295
14010,none,0.0001158404140439581
14011,none,0.07164261893093798
14012,none,0.016386601648650502
14013,none,0.02951365267392796
14014,unrelated,0.3726777390019146
14015,none,0.011273967360609509
14016,none,0.006159512944559246
14017,none,0.012374064436994188
14018,none,0.1837326673353914
14019,none,0.02149479628034662
14020,none,0.020982689652207023
14021,none,0.001704731725803126
14022,none,0.24818797864984096
14023,none,0.0009303183017102867
14024,unrelated,0.5772251968729405
14025,none,0.136684683251506
14026,none,0.01723089244092146
14027,none,0.00012078882188217444
14028,none,0.0002511720837851669
14029,none,0.017268406339605094
14030,none,0.031668655733632145
14031,none,0.002924995963064904
14032,none,0.0032428487482323233
14033,none,0.03903582377730157
14034,none,0.001394681099386174
14035,none,0.01207196623582209
14036,none,0.00019028181338473531
14037,none,0.08697173121398136
14038,none,0.09244452943585475
14039,none,0.072294438353569
14040,none,0.0008306391336017577
14041,none,0.07002960068537963
14042,none,0.00032919266896780765
14043,none,0.10868892818571789
14044,unrelated,0.7085350904194171
14045,none,0.11312256125810587
14046,none,0.020828866034061325
14047,none,0.00023789599217768228
14048,none,0.0048584032562065576
14049,none,0.0047473852642261815
14050,none,0.12749967768156106
14051,unrelated,0.33772416437050146
14052,none,0.026365057155475536
14053,none,0.026015906722573347
14054,none,0.07271379414620398
14055,unrelated,0.311903934902232
14056,none,0.29101080059575013
14057,none,0.019222984768492032
14058,unrelated,0.5601510070419775
14059,none,0.014331031188688009
14060,none,0.00022314564296153694
14061,none,0.11126323530565721
14062,none,0.019956359741495743
14063,none,0.00020806740481293126
14064,none,0.02056876127031328
14065,none,0.00019973758556182726
14066,none,0.011270348686382707
14067,none,0.0070671327522910275
14068,unrelated,0.5457413391333975
14069,none,0.10733119182588668
14070,none,7.754848430221423e-05
14071,none,0.0004971460489137366
14072,none,0.10846364462170793
14073,none,0.01860803095174374
14074,none,0.1579375990401905
14075,none,0.11291528895095425
14076,none,0.025722722514036428
14077,none,0.4242586165677553
14078,none,0.25714301173571985
14079,none,0.0042645375170097125
14080,none,0.007124074258357579
14081,none,0.07114206846911313
14082,none,0.003073886760503991
14083,none,0.02699215034681543
14084,none,0.0006829661481683015
14085,none,0.012332090570796778
14086,none,0.00015610369698291566
14087,none,0.04130069557602893
14088,none,0.01038143408653951
14089,none,0.31721803699709444
14090,none,0.22120901905301973
14091,none,0.047830879290245515
14092,none,0.0004685691785709103
14093,none,0.00018871038125354797
14094,none,0.0010313720593095022
14095,none,0.00014392245543851898
14096,none,0.008643678729466578
14097,none,7.754848430221423e-05
14098,none,0.05246522912509903
14099,none,0.012328302368923648
14100,none,0.14214412438501023
14101,none,0.04903370651326019
14102,none,0.0029631261248209847
14103,none,0.0003134945390132033
14104,none,0.0007429296922268288
14105,none,0.0161893266006655
14106,none,0.0317329151978555
14107,none,0.025977349567518584
14108,none,0.6085003640228346
14109,none,0.0013702182537219851
14110,none,0.0009661383839886097
14111,unrelated,0.12753796673215198
14112,none,0.010541148875984951
14113,none,0.00018941594118260677
14114,none,0.00018941594118260677
14115,none,0.0004496335987792609
14116,none,0.04663659499528853
14117,none,0.0015056683095500685
14118,none,0.029034345519005814
14119,none,0.22123111327481426
14120,none,0.06593456344397654
14121,none,0.00020046511277373738
14122,none,0.018746641354051755
14123,none,0.011068458739276352
14124,none,0.16474005593776195
14125,none,0.026887150239453067
14126,unrelated,0.5994521917437531
14127,none,7.754848430221423e-05
14128,none,0.0027237178302323144
14129,none,0.0014903098098843846
14130,none,0.12956507700304387
14131,none,0.015173181169911372
14132,none,0.0019350273762280196
14133,none,0.331450467502233
14134,none,0.48525142532777743
14135,unrelated,0.5066026899200297
14136,none,0.010472095726650867
14137,none,0.6041981126403754
14138,unrelated,0.6899201512145925
14139,none,0.013645918478997748
14140,none,0.03972726403435799
14141,unrelated,0.342521357737318
14142,unrelated,0.6641606777330256
14143,none,0.06406063301263051
14144,none,0.03632614926447926
14145,none,0.00017041661344544985
14146,none,0.00018941594118260677
14147,none,0.0012228820434199087
14148,none,0.25981031888314243
14149,none,0.001040905737883781
14150,none,0.012962295216460891
14151,none,0.09549322468571426
14152,none,0.08531453768674542
14153,none,0.062236455272852716
14154,none,0.04982599523727868
14155,none,0.009574328793418163
14156,none,0.018771386348929206
14157,none,0.014211647462353063
14158,none,0.020300284587574623
14159,none,0.00033195442946521483
14160,none,0.00227677854025561
14161,none,0.015207690290459003
14162,none,0.023224043133901858
14163,none,0.027239100045236365
14164,none,0.22581533034596976
14165,unrelated,0.2525478132467293
14166,none,0.00017389556643873313
14167,none,0.05818735614667734
14168,none,0.12130262527885467
14169,none,0.27885495001781957
14170,none,0.00011236146105067486
14171,none,0.028391459929517936
14172,none,0.00015610369698291566
14173,none,0.001878998946433859
14174,none,0.5112289632836092
14175,none,0.00019413848141849023
14176,none,0.05929812153393308
14177,none,0.001128929817368941
14178,none,0.2330067473719231
14179,none,0.018648939198053313
14180,none,0.09803334014098049
14181,none,0.00017389556643873313
14182,none,0.020767314447894415
14183,none,0.001533227529163347
14184,none,0.0
14185,none,0.0002823009655346983
14186,none,0.029307255481872865
14187,none,0.25571828608842245
14188,none,0.013073421601334035
14189,none,0.0853812958139382
14190,unrelated,0.49809159827517524
14191,none,0.0006672267265210299
14192,none,0.050073380107505054
14193,none,0.06677401694097847
14194,none,0.025576846319805103
14195,none,0.010556840128010307
14196,none,9.591964556034021e-05
14197,none,0.00023551336405107473
14198,none,0.000429788112204558
14199,none,0.12723897214655744
14200,none,0.0003553432492768966
14201,none,0.02776232124341422
14202,none,0.000508537193631302
14203,none,0.06782787515926743
14204,none,0.00018941594118260677
14205,none,0.035457667218526695
14206,none,0.010915316861813002
14207,none,0.0017315184319923536
14208,none,0.0047616902057467094
14209,none,0.0006895334554656429
14210,none,0.10092998580052753
14211,none,0.0005666576602287971
14212,none,0.023579668122386262
14213,none,0.026433753938696177
14214,none,0.11737839387154239
14215,none,0.024019561903959357
14216,none,7.50008778929369e-05
14217,none,0.17815749236715722
14218,none,0.06495389840031242
14219,none,0.0060794564446591025
14220,none,0.0012635621879897544
14221,none,0.0649520716729318
14222,unrelated,0.6870102002528767
14223,none,0.5203124814855341
14224,none,0.0008957165869387665
14225,none,0.010913828466251939
14226,none,8.84346772022927e-05
14227,none,0.1638678622109094
14228,none,0.01334757532042455
14229,none,0.0015882922377715304
14230,none,0.016087869701392775
14231,none,0.01838042216723453
14232,none,6.531678641410843e-06
14233,none,0.0034278740587239897
14234,unrelated,0.5492322076944596
14235,none,0.00016540738297916545
14236,none,0.00015089814383852999
14237,none,0.01700866196672491
14238,none,0.0018341186526182177
14239,none,0.015630517472423403
14240,none,0.006418614084694363
14241,unrelated,0.5837027133176169
14242,none,0.018698020202788407
14243,none,0.013886725660103976
14244,none,0.12175198292261195
14245,none,0.004338701772581969
14246,none,0.005862163761230801
14247,none,0.22870026509858227
14248,none,0.040821796556235614
14249,unrelated,0.5925599135415641
14250,none,0.02884812490474559
14251,unrelated,0.6565051105872487
14252,none,0.0009770754510092182
14253,none,0.0008914355668241596
14254,none,0.002787257569683081
14255,none,0.0001234924069968646
14256,none,0.0003770142829050452
14257,none,0.03554914515886178
14258,none,0.013842735439737715
14259,none,0.045315903742386025
14260,none,0.00018941594118260677
14261,none,0.030940258419214904
14262,none,0.25982020881180445
14263,none,0.015437602170337612
14264,none,0.013479715444823303
14265,none,0.0011728479761417996
14266,unrelated,0.6850784137820304
14267,none,0.0705393532342064
14268,none,0.007110024036790281
14269,unrelated,0.606406277990187
14270,unrelated,0.20343071681521022
14271,none,0.00015610369698291566
14272,none,4.246547103689961e-05
14273,none,0.25906312800098863
14274,none,0.0001594939479908386
14275,unrelated,0.6042347011790511
14276,none,0.33465890392580183
14277,none,0.0025722429336961176
14278,none,0.013850997419085733
14279,none,0.1259584518004098
14280,unrelated,0.7935815338534702
14281,none,0.0003612436798617235
14282,none,0.02271346690783131
14283,none,0.024470064105686862
14284,none,0.021402438154572608
14285,none,0.011964333640301843
14286,none,0.0009937552822501833
14287,none,0.6047431251423713
14288,unrelated,0.30907443184806427
14289,none,0.03392111270622952
14290,none,0.025734656904248376
14291,unrelated,0.6994776201283049
14292,unrelated,0.2570924496886413
14293,none,0.3830171958298353
14294,none,0.06189279794914095
14295,none,0.03431893290725245
14296,none,0.019870872853549937
14297,none,0.08851728640879598
14298,none,0.0010775917032838477
14299,none,0.050313740069769575
14300,none,0.07031002641719997
14301,none,6.660892363874713e-05
14302,none,9.755774576109714e-05
14303,none,0.00774107580347131
14304,none,0.0064931158482519746
14305,none,0.014854322282199843
14306,none,0.02266492727215752
14307,none,0.318512704773641
14308,none,0.02260266734395255
14309,none,0.0012700803470368724
14310,none,0.0007636599693123044
14311,none,0.06705031223592664
14312,none,0.08483023547066151
14313,none,0.006720863487186048
14314,none,0.000228744747104874
14315,none,0.00013065522885877292
14316,none,0.032902765459268346
14317,none,0.4965562765623778
14318,none,0.004231274608716976
14319,unrelated,0.5714291890283879
14320,none,0.0
14321,none,0.022702581512810443
14322,none,0.012604579033683257
14323,unrelated,0.5180402754446614
14324,none,0.0027242614442207695
14325,none,0.05541375502153028
14326,none,0.09500476044381002
14327,none,0.00029156813143441123
14328,none,0.001308055152394775
14329,unrelated,0.46720119747686584
14330,none,0.0012691385131815402
14331,none,0.0012638416756685597
14332,none,0.016083708947044875
14333,none,0.00024673621813148234
14334,none,0.02342950512123892
14335,none,0.14357687797791693
14336,none,0.000322376364477452
14337,none,0.026619854761493825
14338,none,0.04839526297904147
14339,none,0.00018941594118260677
14340,none,0.02311853627834762
14341,none,0.40263696945916577
14342,none,0.002446462541912801
14343,none,0.0010584289304295957
14344,none,0.006649514217625626
14345,none,0.0009452480489623309
14346,none,0.0008258824705302695
14347,none,0.01615785562553767
14348,none,0.0006575550088138352
14349,none,0.0019539497854615087
14350,none,0.015666518036832854
14351,none,0.03187087309914775
14352,none,0.056044211734994985
14353,none,0.00021716898588785823
14354,none,0.02470934279337069
14355,none,0.0007730784347862363
14356,none,0.0005445406115386174
14357,unrelated,0.6270750360370495
14358,none,0.00030270069792224337
14359,none,0.00019624555591369445
14360,none,0.0
14361,none,0.015713210338377484
14362,none,0.06048275876054149
14363,none,0.024661202543168493
14364,none,0.0002571996779654959
14365,none,0.021558003908672258
14366,none,0.0937053992230301
14367,none,0.08272141535343716
14368,none,0.008966325017261257
14369,none,0.1495288411559626
14370,none,0.027621374653521373
14371,none,0.10319114288466215
14372,none,0.02065470335186227
14373,none,0.012432336642405619
14374,unrelated,0.5196367641637124
14375,none,0.45634367894498257
14376,none,0.021469507094887617
14377,unrelated,0.6036886521851867
14378,none,0.0014698942269625375
14379,none,0.0030664257151922047
14380,none,0.03656441481902657
14381,none,0.027027110729971122
14382,none,6.660892363874713e-05
14383,unrelated,0.08954686420125652
14384,none,0.011637862817262111
14385,none,0.01622996855527619
14386,none,0.21755424650902622
14387,none,0.08823840202379875
14388,none,0.00024080150003059214
14389,none,0.05271143413025547
14390,none,0.08815701232006135
14391,none,0.07835615603246558
14392,none,0.06039422574284993
14393,none,0.0008299415194273416
14394,none,0.027945841640655097
14395,none,0.00018941594118260677
14396,none,0.04602073753287408
14397,none,0.029301415357360538
14398,none,0.0001908948029540837
14399,none,0.0004403706359890921
14400,none,0.01187684109486288
14401,none,0.3850763573525681
14402,none,0.11407469447728466
14403,none,0.01989096178455979
14404,none,0.014652937833789632
14405,none,0.12958353702942343
14406,none,0.013501862099547542
14407,none,0.00017389556643873313
14408,none,5.458695893478503e-05
14409,none,0.04440039832794918
14410,none,0.08967851980650167
14411,none,0.018089499586068716
14412,none,0.004542907903524649
14413,none,0.01906016827220701
14414,none,0.0005326717426734744
14415,none,0.023654278884564065
14416,none,0.3212577423168873
14417,unrelated,0.5597609953963458
14418,none,0.020256986794458264
14419,none,0.0004685691785709103
14420,none,0.001993792241373899
14421,unrelated,0.6033634510257162
14422,none,0.05048680396480234
14423,none,0.019605568633315463
14424,none,0.07604748416826605
14425,none,0.06191519899366686
14426,none,0.19337655998345438
14427,none,0.11372274881565633
14428,none,0.059329802930680985
14429,none,0.00024250266652092026
14430,unrelated,0.6426016581795174
14431,none,0.0014583475150193748
14432,none,0.00021599783736130093
14433,unrelated,0.5951963283189103
14434,none,0.0025711622859456175
14435,none,0.014513111151573192
14436,unrelated,0.6592414194498238
14437,none,0.032819414030271284
14438,none,0.00017389556643873313
14439,none,0.025350135243150457
14440,none,0.09033209745005549
14441,none,0.0004203698904584761
14442,none,0.00013608332902371518
14443,unrelated,0.5179427915866381
14444,none,0.024186915424842605
14445,none,0.176491169099531
14446,none,0.0031788627200241416
14447,none,0.03921934519763473
14448,none,6.959916393878659e-05
14449,none,0.013370559686515331
14450,none,0.029904825881135095
14451,none,0.020510122066182607
14452,none,0.0003318616626434848
14453,none,0.00025881636232545727
14454,none,0.00026450160779656877
14455,none,0.0005054263563223729
14456,none,0.0005462805782595004
14457,none,0.06560947062396388
14458,none,0.02433021461985327
14459,none,0.03293283982549711
14460,none,0.013093490483775415
14461,none,0.02517962673021051
14462,none,0.006990843367030709
14463,none,0.00014185953062714613
14464,none,0.05174294269480045
14465,none,0.010636107996527047
14466,none,0.0005493777157753517
14467,none,0.0211437448017168
14468,unrelated,0.10177744893414693
14469,none,0.03161088377045123
14470,none,0.017789717771657988
14471,none,0.006626137558721187
14472,unrelated,0.5859854182402037
14473,none,0.27311772796130923
14474,none,0.5541689975238987
14475,none,0.00023006558783891283
14476,none,0.04997015907819325
14477,none,0.26328179004155705
14478,none,0.04718650478981085
14479,none,0.0024870706415347815
14480,none,0.02036011770733204
14481,none,0.020604583085758823
14482,none,0.005791204995528686
14483,none,0.01832472922568911
14484,none,0.0007515229615917962
14485,none,0.0356399914924379
14486,none,0.008412886640665742
14487,none,0.012751073225239416
14488,none,0.014604876940395499
14489,none,0.0683679587000246
14490,none,0.018464679732251455
14491,none,0.0004431569417063766
14492,none,0.0005077226114368934
14493,none,0.06851649681238796
14494,none,0.024101764069397076
14495,none,0.021016428388916073
14496,none,0.01958129871560488
14497,none,0.04799404178286717
14498,none,0.018705930315154756
14499,none,0.34855691134185696
14500,none,0.03869103672693515
14501,none,0.2758217898506436
14502,none,0.043350374931768895
14503,unrelated,0.47433989534183196
14504,none,1.1544011544011544e-05
14505,none,0.22618564678486203
14506,none,0.33228204902039743
14507,none,0.05502696319239589
14508,unrelated,0.6136757105910191
14509,none,0.03888463153725201
14510,unrelated,0.5699751978290436
14511,none,0.02645109435443366
14512,none,0.009637594246099302
14513,unrelated,0.6888557456778733
14514,none,0.02841115430376129
14515,none,0.16135444434985177
14516,none,0.0011496922623248885
14517,unrelated,0.369431084608572
14518,none,0.03381151155022128
14519,unrelated,0.48088993188924833
14520,unrelated,0.4582136717564
14521,none,0.20062815779770926
14522,none,0.09735647056471594
14523,none,0.0008667876659355024
14524,none,0.00017003889840497825
14525,none,0.16351902093313392
14526,none,0.2730645309670166
14527,none,0.0008516273525372282
14528,none,6.531678641410843e-06
14529,none,0.0412054165041752
14530,none,0.017480243750871222
14531,none,0.016276382963427267
14532,none,0.30477821127926635
14533,none,0.03293020437018249
14534,unrelated,0.7336421565286163
14535,none,0.01332123066841932
14536,none,4.246547103689961e-05
14537,none,0.02534167517374101
14538,none,0.0014795612105394911
14539,none,0.0005431769080023357
14540,none,0.03653321283709224
14541,none,0.00022856746509885767
14542,none,0.16697178396320247
14543,unrelated,0.6281637043719475
14544,none,0.03500971749674353
14545,none,0.02546814003965662
14546,none,0.03105815773231816
14547,none,0.0001891001235499437
14548,none,0.020280225450534987
14549,none,0.00018941594118260677
14550,none,0.32419384796300316
14551,none,0.00013560363669698925
14552,none,0.1385310506774076
14553,none,0.24353649220052176
14554,none,0.5026080890713313
14555,unrelated,0.5872910107974394
14556,none,0.002356218033824926
14557,none,6.660892363874713e-05
14558,none,0.0013259951773126409
14559,none,9.568306477211203e-05
14560,none,0.017513574492489175
14561,none,0.0011993689017440014
14562,none,0.11810158063019953
14563,none,0.000701249538759496
14564,none,0.00014128888216810085
14565,none,0.01074497324576046
14566,none,0.46253623495609925
14567,unrelated,0.48576484868312114
14568,none,0.003135579483615264
14569,none,0.0015708030814033174
14570,none,0.004017213421047772
14571,none,0.013059755598427552
14572,unrelated,0.37426884191413046
14573,none,0.08816623068737131
14574,none,0.02992533722240508
14575,none,0.00018871038125354797
14576,none,0.022393541458410722
14577,none,0.014580913788399012
14578,none,0.182408529426606
14579,none,0.018313646588209304
14580,none,0.02865127092009092
14581,none,0.06991624683718983
14582,unrelated,0.27482894356119636
14583,none,0.0321135899711124
14584,none,0.17992000015593754
14585,none,7.754848430221423e-05
14586,none,0.07340805013053203
14587,none,0.03164314943883457
14588,none,0.014361802150725491
14589,none,0.00015584655167674634
14590,none,0.0013214262925285202
14591,none,0.0003604492800660589
14592,none,0.0012970438724087896
14593,none,0.0009769017460922148
14594,unrelated,0.6542579586073727
14595,none,0.26157154788775394
14596,unrelated,0.6644859708335134
14597,none,0.29253161189805477
14598,none,0.00018941594118260677
14599,none,0.0032217637066375023
14600,none,0.12476152564145854
14601,none,0.2821390569427325
14602,none,0.43041619932992525
14603,none,0.023078740757347012
14604,none,0.014793895704319673
14605,none,0.01200565188598042
14606,unrelated,0.34162381170808215
14607,none,0.01521577024175227
14608,none,0.023806988746585128
14609,none,0.000653514594318529
14610,none,0.052005185524446614
